Akutan,Aleutians East
Cold Bay,Aleutians East
False Pass,Aleutians East
King Cove,Aleutians East
Sand Point,Aleutians East
Adak,Aleutians West (CA)
Atka,Aleutians West (CA)
Saint George Island,Aleutians West (CA)
Nikolski,Aleutians West (CA)
Saint Paul Island,Aleutians West (CA)
Unalaska,Aleutians West (CA)
Dutch Harbor,Aleutians West (CA)
Anchorage,Anchorage Municipality
Anchorage,Anchorage Municipality
Anchorage,Anchorage Municipality
Anchorage,Anchorage Municipality
Jber,Anchorage Municipality
Jber,Anchorage Municipality
Anchorage,Anchorage Municipality
Anchorage,Anchorage Municipality
Anchorage,Anchorage Municipality
Anchorage,Anchorage Municipality
Anchorage,Anchorage Municipality
Anchorage,Anchorage Municipality
Anchorage,Anchorage Municipality
Anchorage,Anchorage Municipality
Anchorage,Anchorage Municipality
Anchorage,Anchorage Municipality
Anchorage,Anchorage Municipality
Anchorage,Anchorage Municipality
Anchorage,Anchorage Municipality
Anchorage,Anchorage Municipality
Anchorage,Anchorage Municipality
Anchorage,Anchorage Municipality
Anchorage,Anchorage Municipality
Anchorage,Anchorage Municipality
Anchorage,Anchorage Municipality
Indian,Anchorage Municipality
Chugiak,Anchorage Municipality
Eagle River,Anchorage Municipality
Girdwood,Anchorage Municipality
Anchorage,Anchorage Municipality
Anchorage,Anchorage Municipality
Kongiganak,Bethel Census Area
Akiachak,Bethel Census Area
Akiak,Bethel Census Area
Aniak,Bethel Census Area
Bethel,Bethel Census Area
Chefornak,Bethel Census Area
Crooked Creek,Bethel Census Area
Eek,Bethel Census Area
Goodnews Bay,Bethel Census Area
Kalskag,Bethel Census Area
Kasigluk,Bethel Census Area
Kipnuk,Bethel Census Area
Kwethluk,Bethel Census Area
Kwigillingok,Bethel Census Area
Lower Kalskag,Bethel Census Area
Mekoryuk,Bethel Census Area
Napakiak,Bethel Census Area
Toksook Bay,Bethel Census Area
Nunapitchuk,Bethel Census Area
Platinum,Bethel Census Area
Quinhagak,Bethel Census Area
Red Devil,Bethel Census Area
Sleetmute,Bethel Census Area
Tuluksak,Bethel Census Area
Tuntutuliak,Bethel Census Area
Tununak,Bethel Census Area
Nightmute,Bethel Census Area
King Salmon,Bristol Bay
Naknek,Bristol Bay
South Naknek,Bristol Bay
Clear,Denali
Cantwell,Denali
Healy,Denali
Anderson,Denali
Denali National Park,Denali
Aleknagik,Dillingham (CA)
Clarks Point,Dillingham (CA)
Dillingham,Dillingham (CA)
Ekwok,Dillingham (CA)
Manokotak,Dillingham (CA)
New Stuyahok,Dillingham (CA)
Togiak,Dillingham (CA)
Fairbanks,Fairbanks North Star
Eielson Afb,Fairbanks North Star
Fort Wainwright,Fairbanks North Star
North Pole,Fairbanks North Star
Fairbanks,Fairbanks North Star
Fairbanks,Fairbanks North Star
Fairbanks,Fairbanks North Star
Fairbanks,Fairbanks North Star
Fairbanks,Fairbanks North Star
Fairbanks,Fairbanks North Star
Fairbanks,Fairbanks North Star
Salcha,Fairbanks North Star
Two Rivers,Fairbanks North Star
Ester,Fairbanks North Star
Fairbanks,Fairbanks North Star
Fairbanks,Fairbanks North Star
Haines,Haines
Juneau,Juneau City and Borough
Juneau,Juneau City and Borough
Juneau,Juneau City and Borough
Juneau,Juneau City and Borough
Juneau,Juneau City and Borough
Auke Bay,Juneau City and Borough
Douglas,Juneau City and Borough
Juneau,Juneau City and Borough
Anchor Point,Kenai Peninsula
Clam Gulch,Kenai Peninsula
Cooper Landing,Kenai Peninsula
Homer,Kenai Peninsula
Hope,Kenai Peninsula
Kasilof,Kenai Peninsula
Kenai,Kenai Peninsula
Moose Pass,Kenai Peninsula
Nikiski,Kenai Peninsula
Ninilchik,Kenai Peninsula
Seldovia,Kenai Peninsula
Seward,Kenai Peninsula
Soldotna,Kenai Peninsula
Sterling,Kenai Peninsula
Tyonek,Kenai Peninsula
Ketchikan,Ketchikan Gateway
Ward Cove,Ketchikan Gateway
Ketchikan,Ketchikan Gateway
Port Lions,Kodiak Island
Karluk,Kodiak Island
Kodiak,Kodiak Island
Kodiak,Kodiak Island
Larsen Bay,Kodiak Island
Old Harbor,Kodiak Island
Ouzinkie,Kodiak Island
Kodiak,Kodiak Island
Alakanuk,Kusilvak
Chevak,Kusilvak
Emmonak,Kusilvak
Marshall,Kusilvak
Hooper Bay,Kusilvak
Kotlik,Kusilvak
Mountain Village,Kusilvak
Pilot Station,Kusilvak
Russian Mission,Kusilvak
Saint Marys,Kusilvak
Scammon Bay,Kusilvak
Nunam Iqua,Kusilvak
Chignik Lake,Lake and Peninsula
Port Heiden,Lake and Peninsula
Chignik,Lake and Peninsula
Chignik Lagoon,Lake and Peninsula
Egegik,Lake and Peninsula
Iliamna,Lake and Peninsula
Levelock,Lake and Peninsula
Nondalton,Lake and Peninsula
Pedro Bay,Lake and Peninsula
Perryville,Lake and Peninsula
Pilot Point,Lake and Peninsula
Port Alsworth,Lake and Peninsula
Wasilla,Matanuska-Susitna Borough
Wasilla,Matanuska-Susitna Borough
Palmer,Matanuska-Susitna Borough
Big Lake,Matanuska-Susitna Borough
Wasilla,Matanuska-Susitna Borough
Skwentna,Matanuska-Susitna Borough
Sutton,Matanuska-Susitna Borough
Talkeetna,Matanuska-Susitna Borough
Trapper Creek,Matanuska-Susitna Borough
Wasilla,Matanuska-Susitna Borough
Willow,Matanuska-Susitna Borough
Houston,Matanuska-Susitna Borough
Saint Michael,Nome (CA)
Stebbins,Nome (CA)
Unalakleet,Nome (CA)
Elim,Nome (CA)
Gambell,Nome (CA)
Koyuk,Nome (CA)
Nome,Nome (CA)
Savoonga,Nome (CA)
Shaktoolik,Nome (CA)
Shishmaref,Nome (CA)
Teller,Nome (CA)
Wales,Nome (CA)
White Mountain,Nome (CA)
Brevig Mission,Nome (CA)
Anaktuvuk Pass,North Slope
Barrow,North Slope
Prudhoe Bay,North Slope
Kaktovik,North Slope
Point Lay,North Slope
Point Hope,North Slope
Wainwright,North Slope
Nuiqsut,North Slope
Atqasuk,North Slope
Buckland,Northwest Arctic
Deering,Northwest Arctic
Kiana,Northwest Arctic
Kivalina,Northwest Arctic
Kobuk,Northwest Arctic
Kotzebue,Northwest Arctic
Noatak,Northwest Arctic
Noorvik,Northwest Arctic
Selawik,Northwest Arctic
Shungnak,Northwest Arctic
Ambler,Northwest Arctic
Meyers Chuck,Prince of Wales-Hyder
Coffman Cove,Prince of Wales-Hyder
Thorne Bay,Prince of Wales-Hyder
Craig,Prince of Wales-Hyder
Hydaburg,Prince of Wales-Hyder
Hyder,Prince of Wales-Hyder
Klawock,Prince of Wales-Hyder
Metlakatla,Prince of Wales-Hyder
Point Baker,Prince of Wales-Hyder
Sitka,Sitka City and Borough
Yakutat,Skagway-Hoonah-Angoon
Angoon,Skagway-Hoonah-Angoon
Elfin Cove,Skagway-Hoonah-Angoon
Gustavus,Skagway-Hoonah-Angoon
Hoonah,Skagway-Hoonah-Angoon
Pelican,Skagway-Hoonah-Angoon
Skagway,Skagway-Hoonah-Angoon
Tenakee Springs,Skagway-Hoonah-Angoon
Fort Greely,Southeast Fairbanks Census Area
Chicken,Southeast Fairbanks Census Area
Delta Junction,Southeast Fairbanks Census Area
Eagle,Southeast Fairbanks Census Area
Northway,Southeast Fairbanks Census Area
Tanacross,Southeast Fairbanks Census Area
Tok,Southeast Fairbanks Census Area
Chitina,Valdez-Cordova (CA)
Copper Center,Valdez-Cordova (CA)
Cordova,Valdez-Cordova (CA)
Gakona,Valdez-Cordova (CA)
Glennallen,Valdez-Cordova (CA)
Tatitlek,Valdez-Cordova (CA)
Valdez,Valdez-Cordova (CA)
Whittier,Valdez-Cordova (CA)
Kake,Wrangell-Petersburg (C
Petersburg,Wrangell-Petersburg (C
Port Alexander,Wrangell-Petersburg (C
Wrangell,Wrangell-Petersburg (C
Anvik,Yukon-Koyukuk (CA)
Grayling,Yukon-Koyukuk (CA)
Holy Cross,Yukon-Koyukuk (CA)
Mc Grath,Yukon-Koyukuk (CA)
Shageluk,Yukon-Koyukuk (CA)
Takotna,Yukon-Koyukuk (CA)
Nikolai,Yukon-Koyukuk (CA)
Allakaket,Yukon-Koyukuk (CA)
Arctic Village,Yukon-Koyukuk (CA)
Beaver,Yukon-Koyukuk (CA)
Bettles Field,Yukon-Koyukuk (CA)
Central,Yukon-Koyukuk (CA)
Circle,Yukon-Koyukuk (CA)
Fort Yukon,Yukon-Koyukuk (CA)
Galena,Yukon-Koyukuk (CA)
Hughes,Yukon-Koyukuk (CA)
Huslia,Yukon-Koyukuk (CA)
Kaltag,Yukon-Koyukuk (CA)
Koyukuk,Yukon-Koyukuk (CA)
Manley Hot Springs,Yukon-Koyukuk (CA)
Lake Minchumina,Yukon-Koyukuk (CA)
Minto,Yukon-Koyukuk (CA)
Nenana,Yukon-Koyukuk (CA)
Nulato,Yukon-Koyukuk (CA)
Rampart,Yukon-Koyukuk (CA)
Ruby,Yukon-Koyukuk (CA)
Stevens Village,Yukon-Koyukuk (CA)
Tanana,Yukon-Koyukuk (CA)
Venetie,Yukon-Koyukuk (CA)
Chalkyitsik,Yukon-Koyukuk (CA)
Autaugaville,Autauga
Billingsley,Autauga
Booth,Autauga
Marbury,Autauga
Prattville,Autauga
Prattville,Autauga
Prattville,Autauga
Jones,Autauga
Bay Minette,Baldwin
Bon Secour,Baldwin
Daphne,Baldwin
Spanish Fort,Baldwin
Elberta,Baldwin
Fairhope,Baldwin
Fairhope,Baldwin
Foley,Baldwin
Foley,Baldwin
Gulf Shores,Baldwin
Gulf Shores,Baldwin
Lillian,Baldwin
Little River,Baldwin
Loxley,Baldwin
Magnolia Springs,Baldwin
Montrose,Baldwin
Orange Beach,Baldwin
Perdido,Baldwin
Point Clear,Baldwin
Robertsdale,Baldwin
Seminole,Baldwin
Silverhill,Baldwin
Spanish Fort,Baldwin
Stapleton,Baldwin
Stockton,Baldwin
Summerdale,Baldwin
Clayton,Barbour
Clio,Barbour
Eufaula,Barbour
Louisville,Barbour
Eufaula,Barbour
Brent,Bibb
Brierfield,Bibb
Centreville,Bibb
Green Pond,Bibb
West Blocton,Bibb
Woodstock,Bibb
Randolph,Bibb
Lawley,Bibb
Allgood,Blount
Blountsville,Blount
Cleveland,Blount
Hayden,Blount
Locust Fork,Blount
Oneonta,Blount
Remlap,Blount
Fitzpatrick,Bullock
Midway,Bullock
Perote,Bullock
Union Springs,Bullock
Chapman,Butler
Forest Home,Butler
Georgiana,Butler
Greenville,Butler
Mc Kenzie,Butler
Anniston,Calhoun
Anniston,Calhoun
Oxford,Calhoun
Anniston,Calhoun
Anniston,Calhoun
Anniston,Calhoun
Anniston,Calhoun
Alexandria,Calhoun
Bynum,Calhoun
Choccolocco,Calhoun
De Armanville,Calhoun
Eastaboga,Calhoun
Jacksonville,Calhoun
Ohatchee,Calhoun
Piedmont,Calhoun
Weaver,Calhoun
Wellington,Calhoun
Cusseta,Chambers
Valley,Chambers
Five Points,Chambers
Lafayette,Chambers
Lanett,Chambers
Cedar Bluff,Cherokee
Centre,Cherokee
Gaylesville,Cherokee
Leesburg,Cherokee
Spring Garden,Cherokee
Clanton,Chilton
Clanton,Chilton
Jemison,Chilton
Thorsby,Chilton
Verbena,Chilton
Maplesville,Chilton
Stanton,Chilton
Butler,Choctaw
Gilbertown,Choctaw
Jachin,Choctaw
Lisman,Choctaw
Melvin,Choctaw
Needham,Choctaw
Pennington,Choctaw
Silas,Choctaw
Toxey,Choctaw
Ward,Choctaw
Dickinson,Clarke
Fulton,Clarke
Grove Hill,Clarke
Whatley,Clarke
Coffeeville,Clarke
Gainestown,Clarke
Jackson,Clarke
Campbell,Clarke
Thomasville,Clarke
Hollins,Clay
Ashland,Clay
Cragford,Clay
Delta,Clay
Lineville,Clay
Millerville,Clay
Edwardsville,Cleburne
Fruithurst,Cleburne
Heflin,Cleburne
Muscadine,Cleburne
Ranburne,Cleburne
Elba,Coffee
Enterprise,Coffee
Enterprise,Coffee
Jack,Coffee
New Brockton,Coffee
Kinston,Coffee
Cherokee,Colbert
Leighton,Colbert
Sheffield,Colbert
Muscle Shoals,Colbert
Muscle Shoals,Colbert
Tuscumbia,Colbert
Evergreen,Conecuh
Brooklyn,Conecuh
Castleberry,Conecuh
Lenox,Conecuh
Range,Conecuh
Repton,Conecuh
Goodwater,Coosa
Kellyton,Coosa
Rockford,Coosa
Weogufka,Coosa
Equality,Coosa
Gantt,Covington
Andalusia,Covington
Florala,Covington
Lockhart,Covington
Opp,Covington
Red Level,Covington
River Falls,Covington
Wing,Covington
Brantley,Crenshaw
Dozier,Crenshaw
Glenwood,Crenshaw
Highland Home,Crenshaw
Honoraville,Crenshaw
Luverne,Crenshaw
Petrey,Crenshaw
Rutledge,Crenshaw
Baileyton,Cullman
Bremen,Cullman
Crane Hill,Cullman
Cullman,Cullman
Cullman,Cullman
Cullman,Cullman
Cullman,Cullman
Garden City,Cullman
Hanceville,Cullman
Holly Pond,Cullman
Joppa,Cullman
Logan,Cullman
Vinemont,Cullman
Ariton,Dale
Clopton,Dale
Daleville,Dale
Midland City,Dale
Newton,Dale
Ozark,Dale
Ozark,Dale
Fort Rucker,Dale
Pinckard,Dale
Skipperville,Dale
Selma,Dallas
Selma,Dallas
Selma,Dallas
Plantersville,Dallas
Marion Junction,Dallas
Minter,Dallas
Orrville,Dallas
Safford,Dallas
Sardis,Dallas
Tyler,Dallas
Collinsville,DeKalb
Crossville,DeKalb
Dawson,DeKalb
Fort Payne,DeKalb
Fort Payne,DeKalb
Fyffe,DeKalb
Geraldine,DeKalb
Groveoak,DeKalb
Henagar,DeKalb
Ider,DeKalb
Mentone,DeKalb
Rainsville,DeKalb
Sylvania,DeKalb
Valley Head,DeKalb
Coosada,Elmore
Deatsville,Elmore
Eclectic,Elmore
Elmore,Elmore
Kent,Elmore
Millbrook,Elmore
Tallassee,Elmore
Titus,Elmore
Wetumpka,Elmore
Wetumpka,Elmore
Brewton,Escambia
Brewton,Escambia
Flomaton,Escambia
Atmore,Escambia
Atmore,Escambia
Atmore,Escambia
Huxford,Escambia
Gadsden,Etowah
Gadsden,Etowah
Gadsden,Etowah
Gadsden,Etowah
Gadsden,Etowah
Rainbow City,Etowah
Gadsden,Etowah
Altoona,Etowah
Attalla,Etowah
Gallant,Etowah
Walnut Grove,Etowah
Bankston,Fayette
Belk,Fayette
Berry,Fayette
Fayette,Fayette
Glen Allen,Fayette
Hodges,Franklin
Phil Campbell,Franklin
Red Bay,Franklin
Spruce Pine,Franklin
Vina,Franklin
Russellville,Franklin
Russellville,Franklin
Bellwood,Geneva
Black,Geneva
Chancellor,Geneva
Coffee Springs,Geneva
Geneva,Geneva
Hartford,Geneva
Malvern,Geneva
Slocomb,Geneva
Samson,Geneva
Boligee,Greene
Clinton,Greene
Eutaw,Greene
Knoxville,Greene
West Greene,Greene
Forkland,Greene
Akron,Hale
Moundville,Hale
Gallion,Hale
Greensboro,Hale
Newbern,Hale
Sawyerville,Hale
Abbeville,Henry
Headland,Henry
Newville,Henry
Shorterville,Henry
Dothan,Houston
Dothan,Houston
Dothan,Houston
Dothan,Houston
Dothan,Houston
Ashford,Houston
Columbia,Houston
Cottonwood,Houston
Cowarts,Houston
Gordon,Houston
Pansey,Houston
Webb,Houston
Bridgeport,Jackson
Dutton,Jackson
Estillfork,Jackson
Fackler,Jackson
Hollytree,Jackson
Hollywood,Jackson
Langston,Jackson
Paint Rock,Jackson
Pisgah,Jackson
Princeton,Jackson
Scottsboro,Jackson
Scottsboro,Jackson
Section,Jackson
Stevenson,Jackson
Trenton,Jackson
Woodville,Jackson
Bryant,Jackson
Flat Rock,Jackson
Higdon,Jackson
Adamsville,Jefferson
Adger,Jefferson
Alton,Jefferson
Bessemer,Jefferson
Bessemer,Jefferson
Bessemer,Jefferson
Bessemer,Jefferson
Brookside,Jefferson
Clay,Jefferson
Docena,Jefferson
Dolomite,Jefferson
Fairfield,Jefferson
Fultondale,Jefferson
Gardendale,Jefferson
Graysville,Jefferson
Kimberly,Jefferson
Leeds,Jefferson
Mc Calla,Jefferson
Morris,Jefferson
Mount Olive,Jefferson
Mulga,Jefferson
New Castle,Jefferson
Palmerdale,Jefferson
Pinson,Jefferson
Pleasant Grove,Jefferson
Sayre,Jefferson
Shannon,Jefferson
Trafford,Jefferson
Trussville,Jefferson
Warrior,Jefferson
Watson,Jefferson
Birmingham,Jefferson
Birmingham,Jefferson
Birmingham,Jefferson
Birmingham,Jefferson
Birmingham,Jefferson
Birmingham,Jefferson
Birmingham,Jefferson
Birmingham,Jefferson
Birmingham,Jefferson
Birmingham,Jefferson
Birmingham,Jefferson
Birmingham,Jefferson
Birmingham,Jefferson
Birmingham,Jefferson
Birmingham,Jefferson
Birmingham,Jefferson
Birmingham,Jefferson
Birmingham,Jefferson
Birmingham,Jefferson
Birmingham,Jefferson
Birmingham,Jefferson
Birmingham,Jefferson
Birmingham,Jefferson
Birmingham,Jefferson
Birmingham,Jefferson
Birmingham,Jefferson
Birmingham,Jefferson
Birmingham,Jefferson
Birmingham,Jefferson
Birmingham,Jefferson
Birmingham,Jefferson
Birmingham,Jefferson
Birmingham,Jefferson
Birmingham,Jefferson
Birmingham,Jefferson
Birmingham,Jefferson
Birmingham,Jefferson
Birmingham,Jefferson
Birmingham,Jefferson
Birmingham,Jefferson
Birmingham,Jefferson
Birmingham,Jefferson
Birmingham,Jefferson
Birmingham,Jefferson
Birmingham,Jefferson
Birmingham,Jefferson
Birmingham,Jefferson
Birmingham,Jefferson
Birmingham,Jefferson
Birmingham,Jefferson
Birmingham,Jefferson
Birmingham,Jefferson
Birmingham,Jefferson
Birmingham,Jefferson
Birmingham,Jefferson
Birmingham,Jefferson
Birmingham,Jefferson
Birmingham,Jefferson
Birmingham,Jefferson
Birmingham,Jefferson
Birmingham,Jefferson
Beaverton,Lamar
Detroit,Lamar
Kennedy,Lamar
Millport,Lamar
Sulligent,Lamar
Vernon,Lamar
Anderson,Lauderdale
Cloverdale,Lauderdale
Florence,Lauderdale
Florence,Lauderdale
Florence,Lauderdale
Florence,Lauderdale
Florence,Lauderdale
Killen,Lauderdale
Lexington,Lauderdale
Rogersville,Lauderdale
Waterloo,Lauderdale
Courtland,Lawrence
Hillsboro,Lawrence
Moulton,Lawrence
Mount Hope,Lawrence
Town Creek,Lawrence
Opelika,Lee
Opelika,Lee
Opelika,Lee
Opelika,Lee
Auburn,Lee
Auburn,Lee
Auburn,Lee
Auburn University,Lee
Loachapoka,Lee
Valley,Lee
Salem,Lee
Smiths Station,Lee
Waverly,Lee
Athens,Limestone
Athens,Limestone
Athens,Limestone
Athens,Limestone
Belle Mina,Limestone
Elkmont,Limestone
Lester,Limestone
Mooresville,Limestone
Tanner,Limestone
Ardmore,Limestone
Capshaw,Limestone
Fort Deposit,Lowndes
Hayneville,Lowndes
Letohatchee,Lowndes
Lowndesboro,Lowndes
Fort Davis,Macon
Hardaway,Macon
Shorter,Macon
Tuskegee,Macon
Tuskegee Institute,Macon
Tuskegee Institute,Macon
Notasulga,Macon
Brownsboro,Madison
Gurley,Madison
Harvest,Madison
Hazel Green,Madison
Madison,Madison
Madison,Madison
Madison,Madison
Meridianville,Madison
New Hope,Madison
New Market,Madison
Normal,Madison
Owens Cross Roads,Madison
Ryland,Madison
Toney,Madison
Huntsville,Madison
Huntsville,Madison
Huntsville,Madison
Huntsville,Madison
Huntsville,Madison
Huntsville,Madison
Huntsville,Madison
Huntsville,Madison
Huntsville,Madison
Huntsville,Madison
Huntsville,Madison
Huntsville,Madison
Huntsville,Madison
Huntsville,Madison
Huntsville,Madison
Huntsville,Madison
Huntsville,Madison
Huntsville,Madison
Huntsville,Madison
Huntsville,Madison
Huntsville,Madison
Huntsville,Madison
Huntsville,Madison
Huntsville,Madison
Demopolis,Marengo
Dixons Mills,Marengo
Faunsdale,Marengo
Jefferson,Marengo
Linden,Marengo
Magnolia,Marengo
Myrtlewood,Marengo
Nanafalia,Marengo
Sweet Water,Marengo
Thomaston,Marengo
Bear Creek,Marion
Brilliant,Marion
Guin,Marion
Hackleburg,Marion
Hamilton,Marion
Winfield,Marion
Arab,Marshall
Union Grove,Marshall
Grant,Marshall
Albertville,Marshall
Albertville,Marshall
Boaz,Marshall
Boaz,Marshall
Douglas,Marshall
Guntersville,Marshall
Horton,Marshall
Andalusia,Mobile
Axis,Mobile
Bayou La Batre,Mobile
Bucks,Mobile
Chunchula,Mobile
Citronelle,Mobile
Coden,Mobile
Creola,Mobile
Dauphin Island,Mobile
Grand Bay,Mobile
Irvington,Mobile
Mount Vernon,Mobile
Saint Elmo,Mobile
Saraland,Mobile
Satsuma,Mobile
Semmes,Mobile
Theodore,Mobile
Wilmer,Mobile
Theodore,Mobile
Mobile,Mobile
Mobile,Mobile
Mobile,Mobile
Mobile,Mobile
Mobile,Mobile
Mobile,Mobile
Mobile,Mobile
Mobile,Mobile
Mobile,Mobile
Mobile,Mobile
Mobile,Mobile
Mobile,Mobile
Eight Mile,Mobile
Mobile,Mobile
Mobile,Mobile
Mobile,Mobile
Mobile,Mobile
Mobile,Mobile
Mobile,Mobile
Mobile,Mobile
Mobile,Mobile
Mobile,Mobile
Mobile,Mobile
Mobile,Mobile
Mobile,Mobile
Mobile,Mobile
Mobile,Mobile
Mobile,Mobile
Mobile,Mobile
Mobile,Mobile
Mobile,Mobile
Mobile,Mobile
Mobile,Mobile
Mobile,Mobile
Mobile,Mobile
Beatrice,Monroe
Excel,Monroe
Franklin,Monroe
Frisco City,Monroe
Goodway,Monroe
Megargel,Monroe
Mexia,Monroe
Monroeville,Monroe
Monroeville,Monroe
Perdue Hill,Monroe
Peterman,Monroe
Uriah,Monroe
Vredenburgh,Monroe
Cecil,Montgomery
Grady,Montgomery
Hope Hull,Montgomery
Lapine,Montgomery
Mathews,Montgomery
Mount Meigs,Montgomery
Pike Road,Montgomery
Pine Level,Montgomery
Ramer,Montgomery
Montgomery,Montgomery
Montgomery,Montgomery
Montgomery,Montgomery
Montgomery,Montgomery
Montgomery,Montgomery
Montgomery,Montgomery
Montgomery,Montgomery
Montgomery,Montgomery
Montgomery,Montgomery
Montgomery,Montgomery
Montgomery,Montgomery
Montgomery,Montgomery
Montgomery,Montgomery
Montgomery,Montgomery
Montgomery,Montgomery
Montgomery,Montgomery
Montgomery,Montgomery
Montgomery,Montgomery
Montgomery,Montgomery
Montgomery,Montgomery
Montgomery,Montgomery
Montgomery,Montgomery
Montgomery,Montgomery
Montgomery,Montgomery
Montgomery,Montgomery
Montgomery,Montgomery
Montgomery,Montgomery
Montgomery,Montgomery
Montgomery,Montgomery
Montgomery,Montgomery
Montgomery,Montgomery
Montgomery,Montgomery
Montgomery,Montgomery
Decatur,Morgan
Decatur,Morgan
Decatur,Morgan
Decatur,Morgan
Danville,Morgan
Eva,Morgan
Falkville,Morgan
Hartselle,Morgan
Somerville,Morgan
Trinity,Morgan
Decatur,Morgan
Laceys Spring,Morgan
Valhermoso Springs,Morgan
Marion,Perry
Uniontown,Perry
Aliceville,Pickens
Carrollton,Pickens
Ethelsville,Pickens
Gordo,Pickens
Mc Shan,Pickens
Reform,Pickens
Banks,Pike
Brundidge,Pike
Goshen,Pike
Troy,Pike
Troy,Pike
Troy,Pike
Graham,Randolph
Roanoke,Randolph
Wadley,Randolph
Wedowee,Randolph
Woodland,Randolph
Cottonton,Russell
Fort Mitchell,Russell
Hatchechubbee,Russell
Holy Trinity,Russell
Hurtsboro,Russell
Phenix City,Russell
Phenix City,Russell
Phenix City,Russell
Phenix City,Russell
Pittsview,Russell
Seale,Russell
Moody,St. Clair
Cook Springs,St. Clair
Cropwell,St. Clair
Margaret,St. Clair
Odenville,St. Clair
Pell City,St. Clair
Pell City,St. Clair
Ragland,St. Clair
Riverside,St. Clair
Springville,St. Clair
Wattsville,St. Clair
Ashville,St. Clair
Steele,St. Clair
Alabaster,Shelby
Calera,Shelby
Chelsea,Shelby
Columbiana,Shelby
Harpersville,Shelby
Helena,Shelby
Maylene,Shelby
Montevallo,Shelby
Pelham,Shelby
Saginaw,Shelby
Shelby,Shelby
Siluria,Shelby
Sterrett,Shelby
Vandiver,Shelby
Vincent,Shelby
Westover,Shelby
Wilsonville,Shelby
Wilton,Shelby
Birmingham,Shelby
Emelle,Sumter
Epes,Sumter
Gainesville,Sumter
Livingston,Sumter
Panola,Sumter
Bellamy,Sumter
Cuba,Sumter
York,Sumter
Alpine,Talladega
Bon Air,Talladega
Childersburg,Talladega
Lincoln,Talladega
Sycamore,Talladega
Sylacauga,Talladega
Sylacauga,Talladega
Talladega,Talladega
Talladega,Talladega
Munford,Talladega
Alexander City,Tallapoosa
Alexander City,Tallapoosa
East Tallassee,Tallapoosa
Daviston,Tallapoosa
Camp Hill,Tallapoosa
Dadeville,Tallapoosa
Jacksons Gap,Tallapoosa
Tuscaloosa,Tuscaloosa
Tuscaloosa,Tuscaloosa
Tuscaloosa,Tuscaloosa
Tuscaloosa,Tuscaloosa
Tuscaloosa,Tuscaloosa
Tuscaloosa,Tuscaloosa
Tuscaloosa,Tuscaloosa
Abernant,Tuscaloosa
Brookwood,Tuscaloosa
Buhl,Tuscaloosa
Coaling,Tuscaloosa
Coker,Tuscaloosa
Cottondale,Tuscaloosa
Duncanville,Tuscaloosa
Echola,Tuscaloosa
Elrod,Tuscaloosa
Fosters,Tuscaloosa
Kellerman,Tuscaloosa
Northport,Tuscaloosa
Northport,Tuscaloosa
Northport,Tuscaloosa
Peterson,Tuscaloosa
Ralph,Tuscaloosa
Samantha,Tuscaloosa
Tuscaloosa,Tuscaloosa
Tuscaloosa,Tuscaloosa
Vance,Tuscaloosa
Burnwell,Walker
Dora,Walker
Empire,Walker
Quinton,Walker
Sumiton,Walker
Jasper,Walker
Jasper,Walker
Jasper,Walker
Jasper,Walker
Carbon Hill,Walker
Cordova,Walker
Eldridge,Walker
Goodsprings,Walker
Kansas,Walker
Nauvoo,Walker
Oakman,Walker
Parrish,Walker
Sipsey,Walker
Townley,Walker
Calvert,Washington
Chatom,Washington
Deer Park,Washington
Frankville,Washington
Fruitdale,Washington
Leroy,Washington
Mc Intosh,Washington
Malcolm,Washington
Millry,Washington
Saint Stephens,Washington
Sunflower,Washington
Tibbie,Washington
Vinegar Bend,Washington
Wagarville,Washington
Coy,Wilcox
Alberta,Wilcox
Arlington,Wilcox
Boykin,Wilcox
Camden,Wilcox
Catherine,Wilcox
Furman,Wilcox
Lower Peach Tree,Wilcox
Mc Williams,Wilcox
Oak Hill,Wilcox
Pine Apple,Wilcox
Pine Hill,Wilcox
Addison,Winston
Arley,Winston
Delmar,Winston
Double Springs,Winston
Haleyville,Winston
Houston,Winston
Lynn,Winston
Natural Bridge,Winston
Almyra,Arkansas
Casscoe,Arkansas
Crocketts Bluff,Arkansas
De Witt,Arkansas
Ethel,Arkansas
Gillett,Arkansas
Humphrey,Arkansas
Saint Charles,Arkansas
Stuttgart,Arkansas
Tichnor,Arkansas
Crossett,Ashley
Fountain Hill,Ashley
Hamburg,Ashley
Montrose,Ashley
Parkdale,Ashley
Portland,Ashley
Wilmot,Ashley
Gamaliel,Baxter
Henderson,Baxter
Big Flat,Baxter
Clarkridge,Baxter
Cotter,Baxter
Gassville,Baxter
Lakeview,Baxter
Midway,Baxter
Mountain Home,Baxter
Mountain Home,Baxter
Norfork,Baxter
Norfork,Baxter
Avoca,Benton
Bentonville,Benton
Bentonville,Benton
Bella Vista,Benton
Bella Vista,Benton
Bentonville,Benton
Cave Springs,Benton
Centerton,Benton
Decatur,Benton
Garfield,Benton
Gateway,Benton
Gentry,Benton
Gravette,Benton
Hiwasse,Benton
Lowell,Benton
Maysville,Benton
Pea Ridge,Benton
Rogers,Benton
Rogers,Benton
Rogers,Benton
Siloam Springs,Benton
Sulphur Springs,Benton
Little Rock,Boone
Harrison,Boone
Harrison,Boone
Alpena,Boone
Bergman,Boone
Diamond City,Boone
Everton,Boone
Lead Hill,Boone
Omaha,Boone
Valley Springs,Boone
Banks,Bradley
Hermitage,Bradley
Jersey,Bradley
Warren,Bradley
Hampton,Calhoun
Harrell,Calhoun
Thornton,Calhoun
Beaver,Carroll
Berryville,Carroll
Eureka Springs,Carroll
Eureka Springs,Carroll
Green Forest,Carroll
Oak Grove,Carroll
Dermott,Chicot
Eudora,Chicot
Lake Village,Chicot
Beirne,Clark
Curtis,Clark
Gurdon,Clark
Whelen Springs,Clark
Alpine,Clark
Amity,Clark
Arkadelphia,Clark
Okolona,Clark
Arkadelphia,Clark
Arkadelphia,Clark
Corning,Clay
Datto,Clay
Greenway,Clay
Knobel,Clay
Mc Dougal,Clay
Peach Orchard,Clay
Piggott,Clay
Pollard,Clay
Rector,Clay
Saint Francis,Clay
Success,Clay
Edgemont,Cleburne
Higden,Cleburne
Prim,Cleburne
Quitman,Cleburne
Wilburn,Cleburne
Concord,Cleburne
Drasco,Cleburne
Heber Springs,Cleburne
Heber Springs,Cleburne
Ida,Cleburne
Tumbling Shoals,Cleburne
Kingsland,Cleveland
New Edinburg,Cleveland
Rison,Cleveland
Emerson,Columbia
Mc Neil,Columbia
Magnolia,Columbia
Magnolia,Columbia
Waldo,Columbia
Taylor,Columbia
Center Ridge,Conway
Cleveland,Conway
Hattieville,Conway
Jerusalem,Conway
Menifee,Conway
Morrilton,Conway
Plumerville,Conway
Solgohachia,Conway
Springfield,Conway
Jonesboro,Craighead
Jonesboro,Craighead
Jonesboro,Craighead
Jonesboro,Craighead
Jonesboro,Craighead
Bay,Craighead
Black Oak,Craighead
Bono,Craighead
Brookland,Craighead
Caraway,Craighead
Cash,Craighead
Egypt,Craighead
Lake City,Craighead
Monette,Craighead
State University,Craighead
Alma,Crawford
Cedarville,Crawford
Chester,Crawford
Dyer,Crawford
Mountainburg,Crawford
Mulberry,Crawford
Natural Dam,Crawford
Rudy,Crawford
Uniontown,Crawford
Van Buren,Crawford
Van Buren,Crawford
West Memphis,Crittenden
West Memphis,Crittenden
Clarkedale,Crittenden
Crawfordsville,Crittenden
Earle,Crittenden
Edmondson,Crittenden
Gilmore,Crittenden
Marion,Crittenden
Proctor,Crittenden
Turrell,Crittenden
Cherry Valley,Cross
Hickory Ridge,Cross
Parkin,Cross
Vanndale,Cross
Wynne,Cross
Carthage,Dallas
Fordyce,Dallas
Ivan,Dallas
Sparkman,Dallas
Arkansas City,Desha
Dumas,Desha
Mc Gehee,Desha
Pickens,Desha
Rohwer,Desha
Tillar,Desha
Watson,Desha
Snow Lake,Desha
Monticello,Drew
Monticello,Drew
Monticello,Drew
Wilmar,Drew
Winchester,Drew
Conway,Faulkner
Conway,Faulkner
Conway,Faulkner
Conway,Faulkner
Damascus,Faulkner
Enola,Faulkner
Greenbrier,Faulkner
Guy,Faulkner
Mayflower,Faulkner
Mount Vernon,Faulkner
Vilonia,Faulkner
Wooster,Faulkner
Alix,Franklin
Altus,Franklin
Branch,Franklin
Cecil,Franklin
Charleston,Franklin
Ozark,Franklin
Bexar,Fulton
Camp,Fulton
Elizabeth,Fulton
Gepp,Fulton
Glencoe,Fulton
Mammoth Spring,Fulton
Salem,Fulton
Sturkie,Fulton
Viola,Fulton
Hot Springs National Park,Garland
Hot Springs National Park,Garland
Hot Springs National Park,Garland
Hot Springs Village,Garland
Hot Springs Village,Garland
Hot Springs National Park,Garland
Hot Springs National Park,Garland
Jessieville,Garland
Mountain Pine,Garland
Pearcy,Garland
Royal,Garland
Lonsdale,Garland
Grapevine,Grant
Leola,Grant
Poyen,Grant
Prattsville,Grant
Sheridan,Grant
Beech Grove,Greene
Delaplaine,Greene
Lafe,Greene
Marmaduke,Greene
Paragould,Greene
Paragould,Greene
Walcott,Greene
Hope,Hempstead
Hope,Hempstead
Blevins,Hempstead
Columbus,Hempstead
Fulton,Hempstead
Mc Caskill,Hempstead
Ozan,Hempstead
Washington,Hempstead
Bismarck,Hot Spring
Bonnerdale,Hot Spring
Donaldson,Hot Spring
Friendship,Hot Spring
Benton,Hot Spring
Malvern,Hot Spring
Jones Mill,Hot Spring
Dierks,Howard
Mineral Springs,Howard
Nashville,Howard
Saratoga,Howard
Umpire,Howard
Thida,Independence
Batesville,Independence
Batesville,Independence
Charlotte,Independence
Cord,Independence
Cushman,Independence
Desha,Independence
Floral,Independence
Locust Grove,Independence
Magness,Independence
Newark,Independence
Oil Trough,Independence
Pleasant Plains,Independence
Rosie,Independence
Salado,Independence
Sulphur Rock,Independence
Horseshoe Bend,Izard
Brockwell,Izard
Calico Rock,Izard
Dolph,Izard
Franklin,Izard
Guion,Izard
Melbourne,Izard
Mount Pleasant,Izard
Oxford,Izard
Pineville,Izard
Sage,Izard
Violet Hill,Izard
Wideman,Izard
Wiseman,Izard
Amagon,Jackson
Beedeville,Jackson
Diaz,Jackson
Jacksonport,Jackson
Newport,Jackson
Tupelo,Jackson
Grubbs,Jackson
Swifton,Jackson
Tuckerman,Jackson
Pine Bluff,Jefferson
White Hall,Jefferson
Pine Bluff,Jefferson
Pine Bluff,Jefferson
White Hall,Jefferson
Pine Bluff,Jefferson
Moscow,Jefferson
Altheimer,Jefferson
Jefferson,Jefferson
Redfield,Jefferson
Reydell,Jefferson
Sherrill,Jefferson
Tucker,Jefferson
Wabbaseka,Jefferson
Wright,Jefferson
Clarksville,Johnson
Coal Hill,Johnson
Hagarville,Johnson
Hartman,Johnson
Knoxville,Johnson
Lamar,Johnson
Oark,Johnson
Ozone,Johnson
Bradley,Lafayette
Buckner,Lafayette
Garland City,Lafayette
Lewisville,Lafayette
Stamps,Lafayette
Alicia,Lawrence
Black Rock,Lawrence
Hoxie,Lawrence
Imboden,Lawrence
Lynn,Lawrence
Minturn,Lawrence
Portia,Lawrence
Powhatan,Lawrence
Ravenden,Lawrence
Sedgwick,Lawrence
Smithville,Lawrence
Strawberry,Lawrence
Walnut Ridge,Lawrence
Saffell,Lawrence
Aubrey,Lee
Brickeys,Lee
Haynes,Lee
La Grange,Lee
Marianna,Lee
Moro,Lee
Gould,Lincoln
Grady,Lincoln
Star City,Lincoln
Yorktown,Lincoln
Alleene,Little River
Ashdown,Little River
Foreman,Little River
Ogden,Little River
Wilton,Little River
Winthrop,Little River
Blue Mountain,Logan
Delaware,Logan
New Blaine,Logan
Paris,Logan
Scranton,Logan
Subiaco,Logan
Booneville,Logan
Magazine,Logan
Ratcliff,Logan
Austin,Lonoke
Cabot,Lonoke
Carlisle,Lonoke
Coy,Lonoke
England,Lonoke
Humnoke,Lonoke
Keo,Lonoke
Lonoke,Lonoke
Ward,Lonoke
Combs,Madison
Hindsville,Madison
Huntsville,Madison
Kingston,Madison
Pettigrew,Madison
Saint Paul,Madison
Wesley,Madison
Witter,Madison
Bull Shoals,Marion
Flippin,Marion
Oakland,Marion
Peel,Marion
Pyatt,Marion
Summit,Marion
Yellville,Marion
Doddridge,Miller
Fouke,Miller
Genoa,Miller
Texarkana,Miller
Armorel,Mississippi
Bassett,Mississippi
Blytheville,Mississippi
Blytheville,Mississippi
Gosnell,Mississippi
Burdette,Mississippi
Driver,Mississippi
Dyess,Mississippi
Frenchmans Bayou,Mississippi
Joiner,Mississippi
Keiser,Mississippi
Luxora,Mississippi
Osceola,Mississippi
West Ridge,Mississippi
Wilson,Mississippi
Dell,Mississippi
Etowah,Mississippi
Leachville,Mississippi
Manila,Mississippi
Brinkley,Monroe
Clarendon,Monroe
Holly Grove,Monroe
Monroe,Monroe
Roe,Monroe
Caddo Gap,Montgomery
Mount Ida,Montgomery
Norman,Montgomery
Oden,Montgomery
Pencil Bluff,Montgomery
Oden,Montgomery
Sims,Montgomery
Story,Montgomery
Bluff City,Nevada
Cale,Nevada
Emmet,Nevada
Prescott,Nevada
Rosston,Nevada
Willisville,Nevada
Compton,Newton
Deer,Newton
Hasty,Newton
Jasper,Newton
Marble Falls,Newton
Mount Judea,Newton
Parthenon,Newton
Ponca,Newton
Vendor,Newton
Western Grove,Newton
Camden,Ouachita
Camden,Ouachita
Bearden,Ouachita
Chidester,Ouachita
Louann,Ouachita
Stephens,Ouachita
Adona,Perry
Bigelow,Perry
Casa,Perry
Houston,Perry
Perry,Perry
Perryville,Perry
Barton,Phillips
Crumrod,Phillips
Elaine,Phillips
Helena,Phillips
Lambrook,Phillips
Lexa,Phillips
Marvell,Phillips
Mellwood,Phillips
Oneida,Phillips
Poplar Grove,Phillips
Turner,Phillips
Wabash,Phillips
West Helena,Phillips
Antoine,Pike
Delight,Pike
Glenwood,Pike
Kirby,Pike
Langley,Pike
Murfreesboro,Pike
Newhope,Pike
Lepanto,Poinsett
Marked Tree,Poinsett
Rivervale,Poinsett
Tyronza,Poinsett
Fisher,Poinsett
Harrisburg,Poinsett
Trumann,Poinsett
Waldenburg,Poinsett
Weiner,Poinsett
Board Camp,Polk
Cove,Polk
Grannis,Polk
Hatfield,Polk
Mena,Polk
Vandervoort,Polk
Wickes,Polk
Tilly,Pope
Russellville,Pope
Russellville,Pope
Russellville,Pope
Russellville,Pope
Atkins,Pope
Dover,Pope
Hector,Pope
London,Pope
Pelsor,Pope
Pottsville,Pope
Biscoe,Prairie
Des Arc,Prairie
De Valls Bluff,Prairie
Hazen,Prairie
Hickory Plains,Prairie
Ulm,Prairie
Alexander,Pulaski
College Station,Pulaski
Hensley,Pulaski
Jacksonville,Pulaski
Jacksonville,Pulaski
Little Rock Air Force Base,Pulaski
Mabelvale,Pulaski
Maumelle,Pulaski
North Little Rock,Pulaski
North Little Rock,Pulaski
North Little Rock,Pulaski
North Little Rock,Pulaski
North Little Rock,Pulaski
North Little Rock,Pulaski
Sherwood,Pulaski
North Little Rock,Pulaski
Roland,Pulaski
Scott,Pulaski
Sweet Home,Pulaski
Woodson,Pulaski
Wrightsville,Pulaski
North Little Rock,Pulaski
North Little Rock,Pulaski
Little Rock,Pulaski
Little Rock,Pulaski
Little Rock,Pulaski
Little Rock,Pulaski
Little Rock,Pulaski
Little Rock,Pulaski
Little Rock,Pulaski
Little Rock,Pulaski
Little Rock,Pulaski
Little Rock,Pulaski
Little Rock,Pulaski
Little Rock,Pulaski
Little Rock,Pulaski
Little Rock,Pulaski
Little Rock,Pulaski
Little Rock,Pulaski
Little Rock,Pulaski
Little Rock,Pulaski
Little Rock,Pulaski
Little Rock,Pulaski
Little Rock,Pulaski
Little Rock,Pulaski
Little Rock,Pulaski
Little Rock,Pulaski
Biggers,Randolph
Maynard,Randolph
O Kean,Randolph
Pocahontas,Randolph
Ravenden Springs,Randolph
Reyno,Randolph
Warm Springs,Randolph
Caldwell,St. Francis
Colt,St. Francis
Forrest City,St. Francis
Forrest City,St. Francis
Goodwin,St. Francis
Heth,St. Francis
Hughes,St. Francis
Madison,St. Francis
Palestine,St. Francis
Wheatley,St. Francis
Widener,St. Francis
Bauxite,Saline
Benton,Saline
Benton,Saline
Bryant,Saline
Bryant,Saline
Paron,Saline
Benton,Saline
Traskwood,Saline
Harvey,Scott
Boles,Scott
Mansfield,Scott
Parks,Scott
Waldron,Scott
Gilbert,Searcy
Harriet,Searcy
Leslie,Searcy
Marshall,Searcy
Pindall,Searcy
Saint Joe,Searcy
Witts Springs,Searcy
Fort Smith,Sebastian
Fort Smith,Sebastian
Fort Smith,Sebastian
Fort Smith,Sebastian
Fort Smith,Sebastian
Fort Smith,Sebastian
Fort Smith,Sebastian
Fort Smith,Sebastian
Fort Smith,Sebastian
Fort Smith,Sebastian
Fort Smith,Sebastian
Fort Smith,Sebastian
Fort Smith,Sebastian
Barling,Sebastian
Greenwood,Sebastian
Hackett,Sebastian
Hartford,Sebastian
Huntington,Sebastian
Lavaca,Sebastian
Midland,Sebastian
Ben Lomond,Sevier
De Queen,Sevier
Gillham,Sevier
Horatio,Sevier
Lockesburg,Sevier
Williford,Sharp
Ash Flat,Sharp
Cave City,Sharp
Cherokee Village,Sharp
Cherokee Village,Sharp
Evening Shade,Sharp
Hardy,Sharp
Poughkeepsie,Sharp
Sidney,Sharp
Fox,Stone
Fifty Six,Stone
Marcella,Stone
Mountain View,Stone
Pleasant Grove,Stone
Timbo,Stone
Onia,Stone
Timbo,Stone
Calion,Union
El Dorado,Union
El Dorado,Union
Huttig,Union
Junction City,Union
Lawson,Union
Mount Holly,Union
Norphlet,Union
Smackover,Union
Strong,Union
Bee Branch,Van Buren
Choctaw,Van Buren
Clinton,Van Buren
Fairfield Bay,Van Buren
Scotland,Van Buren
Shirley,Van Buren
Dennard,Van Buren
Fayetteville,Washington
Fayetteville,Washington
Fayetteville,Washington
Fayetteville,Washington
Canehill,Washington
Elkins,Washington
Elm Springs,Washington
Evansville,Washington
Farmington,Washington
Goshen,Washington
Greenland,Washington
Johnson,Washington
Lincoln,Washington
Morrow,Washington
Prairie Grove,Washington
Springdale,Washington
Springdale,Washington
Springdale,Washington
Springdale,Washington
Summers,Washington
Tontitown,Washington
West Fork,Washington
Winslow,Washington
Bald Knob,White
Beebe,White
Bradford,White
El Paso,White
Garner,White
Griffithville,White
Higginson,White
Judsonia,White
Kensett,White
Letona,White
Mc Rae,White
Pangburn,White
Romance,White
Rose Bud,White
Russell,White
Searcy,White
Searcy,White
Searcy,White
West Point,White
Augusta,Woodruff
Cotton Plant,Woodruff
Gregory,Woodruff
Hunter,Woodruff
Mc Crory,Woodruff
Patterson,Woodruff
Belleville,Yell
Bluffton,Yell
Briggsville,Yell
Centerville,Yell
Danville,Yell
Dardanelle,Yell
Gravelly,Yell
Havana,Yell
Ola,Yell
Plainview,Yell
Rover,Yell
Alpine,Apache
Concho,Apache
Eagar,Apache
Greer,Apache
Mcnary,Apache
Nutrioso,Apache
Saint Johns,Apache
Springerville,Apache
Vernon,Apache
Petrified Forest Natl Pk,Apache
Chambers,Apache
Chinle,Apache
Fort Defiance,Apache
Ganado,Apache
Houck,Apache
Lukachukai,Apache
Lupton,Apache
Saint Michaels,Apache
Sanders,Apache
Teec Nos Pos,Apache
Window Rock,Apache
Dennehotso,Apache
Many Farms,Apache
Nazlini,Apache
Red Valley,Apache
Rock Point,Apache
Round Rock,Apache
Tsaile,Apache
Benson,Cochise
Bisbee,Cochise
Bowie,Cochise
Cochise,Cochise
Douglas,Cochise
Douglas,Cochise
Dragoon,Cochise
Elfrida,Cochise
Fort Huachuca,Cochise
Hereford,Cochise
Huachuca City,Cochise
Mc Neal,Cochise
Naco,Cochise
Pearce,Cochise
Pirtleville,Cochise
Pomerene,Cochise
Saint David,Cochise
San Simon,Cochise
Sierra Vista,Cochise
Sierra Vista,Cochise
Tombstone,Cochise
Willcox,Cochise
Willcox,Cochise
Sierra Vista,Cochise
Douglas,Cochise
Fort Huachuca,Cochise
Sierra Vista,Cochise
Forest Lakes,Coconino
Flagstaff,Coconino
Flagstaff,Coconino
Flagstaff,Coconino
Flagstaff,Coconino
Flagstaff,Coconino
Flagstaff,Coconino
Bellemont,Coconino
Gray Mountain,Coconino
Munds Park,Coconino
Parks,Coconino
Cameron,Coconino
Fredonia,Coconino
Grand Canyon,Coconino
Happy Jack,Coconino
Leupp,Coconino
Marble Canyon,Coconino
Mormon Lake,Coconino
Page,Coconino
Tonalea,Coconino
Tuba City,Coconino
Williams,Coconino
North Rim,Coconino
Kaibeto,Coconino
Sedona,Coconino
Sedona,Coconino
Sedona,Coconino
Supai,Coconino
Hayden,Gila
Winkelman,Gila
Globe,Gila
Globe,Gila
Claypool,Gila
Miami,Gila
Payson,Gila
Peridot,Gila
Pine,Gila
Roosevelt,Gila
Payson,Gila
San Carlos,Gila
Tonto Basin,Gila
Young,Gila
Bylas,Graham
Central,Graham
Eden,Graham
Fort Thomas,Graham
Pima,Graham
Safford,Graham
Safford,Graham
Solomon,Graham
Thatcher,Graham
Clifton,Greenlee
Duncan,Greenlee
Morenci,Greenlee
Blue,Greenlee
Bouse,La Paz
Cibola,La Paz
Ehrenberg,La Paz
Parker,La Paz
Quartzsite,La Paz
Salome,La Paz
Wenden,La Paz
Quartzsite,La Paz
Poston,La Paz
Phoenix,Maricopa
Phoenix,Maricopa
Phoenix,Maricopa
Phoenix,Maricopa
Phoenix,Maricopa
Phoenix,Maricopa
Phoenix,Maricopa
Phoenix,Maricopa
Phoenix,Maricopa
Phoenix,Maricopa
Phoenix,Maricopa
Phoenix,Maricopa
Phoenix,Maricopa
Phoenix,Maricopa
Phoenix,Maricopa
Phoenix,Maricopa
Phoenix,Maricopa
Phoenix,Maricopa
Phoenix,Maricopa
Phoenix,Maricopa
Phoenix,Maricopa
Phoenix,Maricopa
Phoenix,Maricopa
Phoenix,Maricopa
Phoenix,Maricopa
Phoenix,Maricopa
Phoenix,Maricopa
Phoenix,Maricopa
Phoenix,Maricopa
Phoenix,Maricopa
Phoenix,Maricopa
Phoenix,Maricopa
Phoenix,Maricopa
Phoenix,Maricopa
Phoenix,Maricopa
Phoenix,Maricopa
Phoenix,Maricopa
Phoenix,Maricopa
Phoenix,Maricopa
Phoenix,Maricopa
Phoenix,Maricopa
Phoenix,Maricopa
Phoenix,Maricopa
Phoenix,Maricopa
Phoenix,Maricopa
Phoenix,Maricopa
Phoenix,Maricopa
Phoenix,Maricopa
Phoenix,Maricopa
Phoenix,Maricopa
Phoenix,Maricopa
Phoenix,Maricopa
Phoenix,Maricopa
Phoenix,Maricopa
Phoenix,Maricopa
Phoenix,Maricopa
Phoenix,Maricopa
Phoenix,Maricopa
Phoenix,Maricopa
Phoenix,Maricopa
Phoenix,Maricopa
Phoenix,Maricopa
Phoenix,Maricopa
Phoenix,Maricopa
Phoenix,Maricopa
Phoenix,Maricopa
Phoenix,Maricopa
Phoenix,Maricopa
Phoenix,Maricopa
Phoenix,Maricopa
Phoenix,Maricopa
Phoenix,Maricopa
Phoenix,Maricopa
Phoenix,Maricopa
Phoenix,Maricopa
New River,Maricopa
Phoenix,Maricopa
Phoenix,Maricopa
Chandler Heights,Maricopa
Queen Creek,Maricopa
Tortilla Flat,Maricopa
Mesa,Maricopa
Mesa,Maricopa
Mesa,Maricopa
Mesa,Maricopa
Mesa,Maricopa
Mesa,Maricopa
Mesa,Maricopa
Mesa,Maricopa
Mesa,Maricopa
Mesa,Maricopa
Mesa,Maricopa
Mesa,Maricopa
Mesa,Maricopa
Mesa,Maricopa
Mesa,Maricopa
Mesa,Maricopa
Chandler,Maricopa
Chandler,Maricopa
Chandler,Maricopa
Gilbert,Maricopa
Gilbert,Maricopa
Higley,Maricopa
Chandler,Maricopa
Chandler,Maricopa
Chandler,Maricopa
Chandler,Maricopa
Scottsdale,Maricopa
Scottsdale,Maricopa
Scottsdale,Maricopa
Paradise Valley,Maricopa
Scottsdale,Maricopa
Scottsdale,Maricopa
Scottsdale,Maricopa
Scottsdale,Maricopa
Scottsdale,Maricopa
Scottsdale,Maricopa
Scottsdale,Maricopa
Scottsdale,Maricopa
Scottsdale,Maricopa
Rio Verde,Maricopa
Fort Mcdowell,Maricopa
Scottsdale,Maricopa
Scottsdale,Maricopa
Fountain Hills,Maricopa
Fountain Hills,Maricopa
Scottsdale,Maricopa
Mesa,Maricopa
Mesa,Maricopa
Mesa,Maricopa
Tempe,Maricopa
Tempe,Maricopa
Tempe,Maricopa
Tempe,Maricopa
Tempe,Maricopa
Tempe,Maricopa
Chandler,Maricopa
Tempe,Maricopa
Gilbert,Maricopa
Gilbert,Maricopa
Gilbert,Maricopa
Gilbert,Maricopa
Gilbert,Maricopa
Glendale,Maricopa
Glendale,Maricopa
Glendale,Maricopa
Glendale,Maricopa
Glendale,Maricopa
Glendale,Maricopa
Glendale,Maricopa
Glendale,Maricopa
Luke Air Force Base,Maricopa
Glendale,Maricopa
Glendale,Maricopa
Glendale,Maricopa
Glendale,Maricopa
Aguila,Maricopa
Arlington,Maricopa
Avondale,Maricopa
Buckeye,Maricopa
Cave Creek,Maricopa
Cashion,Maricopa
Cave Creek,Maricopa
El Mirage,Maricopa
Gila Bend,Maricopa
Goodyear,Maricopa
Laveen,Maricopa
Litchfield Park,Maricopa
Morristown,Maricopa
Palo Verde,Maricopa
Peoria,Maricopa
Sun City,Maricopa
Tolleson,Maricopa
Tonopah,Maricopa
Waddell,Maricopa
Wickenburg,Maricopa
Wittmann,Maricopa
Youngtown,Maricopa
Sun City,Maricopa
Sun City,Maricopa
Surprise,Maricopa
Sun City West,Maricopa
Sun City West,Maricopa
Carefree,Maricopa
Surprise,Maricopa
Surprise,Maricopa
Peoria,Maricopa
Peoria,Maricopa
Peoria,Maricopa
Peoria,Maricopa
Peoria,Maricopa
Surprise,Maricopa
Surprise,Maricopa
Wickenburg,Maricopa
Avondale,Maricopa
Goodyear,Maricopa
Buckeye,Maricopa
Wikieup,Mohave
Colorado City,Mohave
Kingman,Mohave
Kingman,Mohave
Lake Havasu City,Mohave
Lake Havasu City,Mohave
Lake Havasu City,Mohave
Lake Havasu City,Mohave
Kingman,Mohave
Hackberry,Mohave
Hualapai,Mohave
Golden Valley,Mohave
Fort Mohave,Mohave
Fort Mohave,Mohave
Bullhead City,Mohave
Bullhead City,Mohave
Chloride,Mohave
Littlefield,Mohave
Oatman,Mohave
Peach Springs,Mohave
Topock,Mohave
Valentine,Mohave
Yucca,Mohave
Bullhead City,Mohave
Mohave Valley,Mohave
Dolan Springs,Mohave
Bullhead City,Mohave
Temple Bar Marina,Mohave
Meadview,Mohave
Willow Beach,Mohave
Mohave Valley,Mohave
Show Low,Navajo
Show Low,Navajo
Cibecue,Navajo
White Mountain Lake,Navajo
Clay Springs,Navajo
Fort Apache,Navajo
Heber,Navajo
Lakeside,Navajo
Overgaard,Navajo
Pinedale,Navajo
Pinetop,Navajo
Snowflake,Navajo
Taylor,Navajo
Whiteriver,Navajo
Woodruff,Navajo
Holbrook,Navajo
Sun Valley,Navajo
Hotevilla,Navajo
Indian Wells,Navajo
Joseph City,Navajo
Kayenta,Navajo
Keams Canyon,Navajo
Kykotsmovi Village,Navajo
Polacca,Navajo
Second Mesa,Navajo
Winslow,Navajo
Shonto,Navajo
Pinon,Navajo
Blue Gap,Navajo
Ajo,Pima
Lukeville,Pima
Arivaca,Pima
Green Valley,Pima
Mount Lemmon,Pima
Green Valley,Pima
Sahuarita,Pima
Sasabe,Pima
Sells,Pima
Topawa,Pima
Vail,Pima
Cortaro,Pima
Marana,Pima
Rillito,Pima
Tucson,Pima
Tucson,Pima
Tucson,Pima
Tucson,Pima
Tucson,Pima
Tucson,Pima
Tucson,Pima
Tucson,Pima
Tucson,Pima
Tucson,Pima
Tucson,Pima
Tucson,Pima
Tucson,Pima
Tucson,Pima
Tucson,Pima
Tucson,Pima
Tucson,Pima
Tucson,Pima
Tucson,Pima
Tucson,Pima
Tucson,Pima
Tucson,Pima
Tucson,Pima
Tucson,Pima
Tucson,Pima
Tucson,Pima
Tucson,Pima
Tucson,Pima
Tucson,Pima
Tucson,Pima
Tucson,Pima
Tucson,Pima
Tucson,Pima
Tucson,Pima
Tucson,Pima
Catalina,Pima
Tucson,Pima
Tucson,Pima
Tucson,Pima
Tucson,Pima
Tucson,Pima
Tucson,Pima
Tucson,Pima
Tucson,Pima
Tucson,Pima
Tucson,Pima
Tucson,Pima
Tucson,Pima
Tucson,Pima
Tucson,Pima
Tucson,Pima
Tucson,Pima
Tucson,Pima
Tucson,Pima
Tucson,Pima
Apache Junction,Pinal
Gold Canyon,Pinal
Apache Junction,Pinal
Apache Junction,Pinal
Bapchule,Pinal
Casa Grande,Pinal
Arizona City,Pinal
Coolidge,Pinal
Casa Grande,Pinal
Eloy,Pinal
Florence,Pinal
Kearny,Pinal
Maricopa,Pinal
Maricopa,Pinal
San Tan Valley,Pinal
Picacho,Pinal
San Tan Valley,Pinal
Red Rock,Pinal
Sacaton,Pinal
Stanfield,Pinal
Superior,Pinal
Apache Junction,Pinal
Valley Farms,Pinal
Casa Grande,Pinal
Casa Grande,Pinal
Mammoth,Pinal
Oracle,Pinal
San Manuel,Pinal
Marana,Pinal
Elgin,Santa Cruz
Nogales,Santa Cruz
Patagonia,Santa Cruz
Nogales,Santa Cruz
Sonoita,Santa Cruz
Tumacacori,Santa Cruz
Amado,Santa Cruz
Tubac,Santa Cruz
Rio Rico,Santa Cruz
Nogales,Santa Cruz
Black Canyon City,Yavapai
Congress,Yavapai
Yarnell,Yavapai
Prescott,Yavapai
Prescott,Yavapai
Prescott,Yavapai
Prescott,Yavapai
Prescott,Yavapai
Prescott Valley,Yavapai
Prescott,Yavapai
Prescott Valley,Yavapai
Prescott Valley,Yavapai
Ash Fork,Yavapai
Bagdad,Yavapai
Camp Verde,Yavapai
Chino Valley,Yavapai
Clarkdale,Yavapai
Cornville,Yavapai
Cottonwood,Yavapai
Dewey,Yavapai
Humboldt,Yavapai
Jerome,Yavapai
Kirkland,Yavapai
Mayer,Yavapai
Paulden,Yavapai
Rimrock,Yavapai
Seligman,Yavapai
Skull Valley,Yavapai
Sedona,Yavapai
Sedona,Yavapai
Lake Montezuma,Yavapai
Crown King,Yavapai
Dateland,Yuma
Gadsden,Yuma
Roll,Yuma
San Luis,Yuma
Somerton,Yuma
Tacna,Yuma
Wellton,Yuma
Yuma,Yuma
Yuma,Yuma
Yuma,Yuma
Yuma,Yuma
Yuma,Yuma
Alameda,Alameda
Alameda,Alameda
Fremont,Alameda
Fremont,Alameda
Fremont,Alameda
Fremont,Alameda
Hayward,Alameda
Hayward,Alameda
Hayward,Alameda
Hayward,Alameda
Hayward,Alameda
Hayward,Alameda
Castro Valley,Alameda
Livermore,Alameda
Livermore,Alameda
Castro Valley,Alameda
Fremont,Alameda
Hayward,Alameda
Newark,Alameda
Pleasanton,Alameda
Dublin,Alameda
San Leandro,Alameda
San Leandro,Alameda
San Leandro,Alameda
San Lorenzo,Alameda
Sunol,Alameda
Union City,Alameda
Pleasanton,Alameda
Oakland,Alameda
Oakland,Alameda
Oakland,Alameda
Oakland,Alameda
Oakland,Alameda
Oakland,Alameda
Oakland,Alameda
Emeryville,Alameda
Oakland,Alameda
Oakland,Alameda
Oakland,Alameda
Oakland,Alameda
Oakland,Alameda
Oakland,Alameda
Oakland,Alameda
Oakland,Alameda
Oakland,Alameda
Oakland,Alameda
Piedmont,Alameda
Oakland,Alameda
Oakland,Alameda
Oakland,Alameda
Oakland,Alameda
Oakland,Alameda
Oakland,Alameda
Oakland,Alameda
Oakland,Alameda
Emeryville,Alameda
Oakland,Alameda
Berkeley,Alameda
Berkeley,Alameda
Berkeley,Alameda
Berkeley,Alameda
Berkeley,Alameda
Albany,Alameda
Berkeley,Alameda
Berkeley,Alameda
Berkeley,Alameda
Berkeley,Alameda
Berkeley,Alameda
Berkeley,Alameda
Kirkwood,Alpine
Markleeville,Alpine
Amador City,Amador
Fiddletown,Amador
Ione,Amador
Jackson,Amador
Kit Carson,Amador
Martell,Amador
Pine Grove,Amador
Pioneer,Amador
Plymouth,Amador
River Pines,Amador
Sutter Creek,Amador
Volcano,Amador
Drytown,Amador
Bangor,Butte
Berry Creek,Butte
Biggs,Butte
Chico,Butte
Chico,Butte
Chico,Butte
Chico,Butte
Clipper Mills,Butte
Durham,Butte
Feather Falls,Butte
Forbestown,Butte
Forest Ranch,Butte
Gridley,Butte
Magalia,Butte
Nelson,Butte
Oroville,Butte
Oroville,Butte
Paradise,Butte
Palermo,Butte
Paradise,Butte
Chico,Butte
Richvale,Butte
Chico,Butte
Stirling City,Butte
Altaville,Calaveras
Angels Camp,Calaveras
Arnold,Calaveras
Avery,Calaveras
Burson,Calaveras
Campo Seco,Calaveras
Copperopolis,Calaveras
Douglas Flat,Calaveras
Glencoe,Calaveras
Hathaway Pines,Calaveras
Mokelumne Hill,Calaveras
Mountain Ranch,Calaveras
Murphys,Calaveras
Rail Road Flat,Calaveras
San Andreas,Calaveras
Vallecito,Calaveras
Valley Springs,Calaveras
Wallace,Calaveras
West Point,Calaveras
Wilseyville,Calaveras
Arbuckle,Colusa
Colusa,Colusa
Grimes,Colusa
Maxwell,Colusa
Princeton,Colusa
Stonyford,Colusa
Williams,Colusa
Discovery Bay,Contra Costa
Danville,Contra Costa
Alamo,Contra Costa
Antioch,Contra Costa
Bethel Island,Contra Costa
Brentwood,Contra Costa
Byron,Contra Costa
Canyon,Contra Costa
Clayton,Contra Costa
Concord,Contra Costa
Concord,Contra Costa
Concord,Contra Costa
Concord,Contra Costa
Concord,Contra Costa
Pleasant Hill,Contra Costa
Concord,Contra Costa
Crockett,Contra Costa
Danville,Contra Costa
Concord,Contra Costa
Diablo,Contra Costa
Concord,Contra Costa
El Cerrito,Contra Costa
Antioch,Contra Costa
Hercules,Contra Costa
Knightsen,Contra Costa
Lafayette,Contra Costa
Martinez,Contra Costa
Moraga,Contra Costa
Oakley,Contra Costa
Orinda,Contra Costa
Pinole,Contra Costa
Pittsburg,Contra Costa
Port Costa,Contra Costa
Moraga,Contra Costa
Rodeo,Contra Costa
Moraga,Contra Costa
San Ramon,Contra Costa
San Ramon,Contra Costa
Walnut Creek,Contra Costa
Walnut Creek,Contra Costa
Walnut Creek,Contra Costa
Walnut Creek,Contra Costa
Richmond,Contra Costa
Richmond,Contra Costa
El Sobrante,Contra Costa
Richmond,Contra Costa
Richmond,Contra Costa
San Pablo,Contra Costa
Richmond,Contra Costa
Richmond,Contra Costa
El Sobrante,Contra Costa
Richmond,Contra Costa
Crescent City,Del Norte
Crescent City,Del Norte
Fort Dick,Del Norte
Gasquet,Del Norte
Klamath,Del Norte
Smith River,Del Norte
Coloma,El Dorado
Cool,El Dorado
Diamond Springs,El Dorado
El Dorado,El Dorado
Garden Valley,El Dorado
Georgetown,El Dorado
Greenwood,El Dorado
Grizzly Flats,El Dorado
Lotus,El Dorado
Mount Aukum,El Dorado
Pilot Hill,El Dorado
Placerville,El Dorado
Rescue,El Dorado
Shingle Springs,El Dorado
Somerset,El Dorado
Camino,El Dorado
Kyburz,El Dorado
Echo Lake,El Dorado
Pollock Pines,El Dorado
Twin Bridges,El Dorado
El Dorado Hills,El Dorado
Tahoma,El Dorado
South Lake Tahoe,El Dorado
South Lake Tahoe,El Dorado
South Lake Tahoe,El Dorado
South Lake Tahoe,El Dorado
South Lake Tahoe,El Dorado
South Lake Tahoe,El Dorado
South Lake Tahoe,El Dorado
South Lake Tahoe,El Dorado
Coalinga,Fresno
Huron,Fresno
Laton,Fresno
Auberry,Fresno
Big Creek,Fresno
Biola,Fresno
Burrel,Fresno
Cantua Creek,Fresno
Caruthers,Fresno
Clovis,Fresno
Clovis,Fresno
Clovis,Fresno
Del Rey,Fresno
Dunlap,Fresno
Firebaugh,Fresno
Five Points,Fresno
Fowler,Fresno
Friant,Fresno
Helm,Fresno
Hume,Fresno
Kerman,Fresno
Kingsburg,Fresno
Lakeshore,Fresno
Mendota,Fresno
Miramonte,Fresno
Mono Hot Springs,Fresno
Orange Cove,Fresno
Parlier,Fresno
Piedra,Fresno
Fresno,Fresno
Prather,Fresno
Raisin City,Fresno
Reedley,Fresno
Riverdale,Fresno
Sanger,Fresno
San Joaquin,Fresno
Selma,Fresno
Shaver Lake,Fresno
Tollhouse,Fresno
Tranquillity,Fresno
Squaw Valley,Fresno
Fresno,Fresno
Fresno,Fresno
Fresno,Fresno
Fresno,Fresno
Fresno,Fresno
Fresno,Fresno
Fresno,Fresno
Fresno,Fresno
Fresno,Fresno
Fresno,Fresno
Fresno,Fresno
Fresno,Fresno
Fresno,Fresno
Fresno,Fresno
Fresno,Fresno
Fresno,Fresno
Fresno,Fresno
Fresno,Fresno
Fresno,Fresno
Fresno,Fresno
Fresno,Fresno
Fresno,Fresno
Fresno,Fresno
Fresno,Fresno
Fresno,Fresno
Fresno,Fresno
Fresno,Fresno
Fresno,Fresno
Fresno,Fresno
Fresno,Fresno
Fresno,Fresno
Fresno,Fresno
Fresno,Fresno
Fresno,Fresno
Fresno,Fresno
Fresno,Fresno
Fresno,Fresno
Fresno,Fresno
Fresno,Fresno
Fresno,Fresno
Fresno,Fresno
Fresno,Fresno
Fresno,Fresno
Fresno,Fresno
Fresno,Fresno
Fresno,Fresno
Fresno,Fresno
Fresno,Fresno
Fresno,Fresno
Fresno,Fresno
Fresno,Fresno
Fresno,Fresno
Fresno,Fresno
Fresno,Fresno
Fresno,Fresno
Fresno,Fresno
Fresno,Fresno
Artois,Glenn
Butte City,Glenn
Elk Creek,Glenn
Glenn,Glenn
Hamilton City,Glenn
Orland,Glenn
Willows,Glenn
Eureka,Humboldt
Eureka,Humboldt
Eureka,Humboldt
Alderpoint,Humboldt
Blocksburg,Humboldt
Arcata,Humboldt
Mckinleyville,Humboldt
Arcata,Humboldt
Bayside,Humboldt
Blue Lake,Humboldt
Bridgeville,Humboldt
Carlotta,Humboldt
Cutten,Humboldt
Ferndale,Humboldt
Fields Landing,Humboldt
Fortuna,Humboldt
Garberville,Humboldt
Honeydew,Humboldt
Hoopa,Humboldt
Hydesville,Humboldt
Kneeland,Humboldt
Korbel,Humboldt
Loleta,Humboldt
Miranda,Humboldt
Myers Flat,Humboldt
Orick,Humboldt
Orleans,Humboldt
Petrolia,Humboldt
Phillipsville,Humboldt
Redway,Humboldt
Rio Dell,Humboldt
Samoa,Humboldt
Scotia,Humboldt
Redcrest,Humboldt
Trinidad,Humboldt
Weott,Humboldt
Willow Creek,Humboldt
Whitethorn,Humboldt
Bard,Imperial
Brawley,Imperial
Calexico,Imperial
Calexico,Imperial
Calipatria,Imperial
El Centro,Imperial
El Centro,Imperial
Heber,Imperial
Holtville,Imperial
Imperial,Imperial
Niland,Imperial
Ocotillo,Imperial
Palo Verde,Imperial
Seeley,Imperial
Salton City,Imperial
Westmorland,Imperial
Winterhaven,Imperial
Fontana,Imperial
Death Valley,Inyo
Shoshone,Inyo
Tecopa,Inyo
Big Pine,Inyo
Bishop,Inyo
Bishop,Inyo
Darwin,Inyo
Independence,Inyo
Keeler,Inyo
Little Lake,Inyo
Lone Pine,Inyo
Olancha,Inyo
Arvin,Kern
Bodfish,Kern
Buttonwillow,Kern
Delano,Kern
Delano,Kern
Edison,Kern
Pine Mountain Club,Kern
Fellows,Kern
Frazier Park,Kern
Glennville,Kern
Kernville,Kern
Lake Isabella,Kern
Lamont,Kern
Lebec,Kern
Lost Hills,Kern
Mc Farland,Kern
Mc Kittrick,Kern
Maricopa,Kern
Onyx,Kern
Shafter,Kern
Taft,Kern
Tupman,Kern
Wasco,Kern
Weldon,Kern
Wofford Heights,Kern
Woody,Kern
Bakersfield,Kern
Bakersfield,Kern
Bakersfield,Kern
Bakersfield,Kern
Bakersfield,Kern
Bakersfield,Kern
Bakersfield,Kern
Bakersfield,Kern
Bakersfield,Kern
Bakersfield,Kern
Bakersfield,Kern
Bakersfield,Kern
Bakersfield,Kern
Bakersfield,Kern
Bakersfield,Kern
Bakersfield,Kern
Bakersfield,Kern
Bakersfield,Kern
Bakersfield,Kern
Bakersfield,Kern
Bakersfield,Kern
Bakersfield,Kern
Mojave,Kern
Mojave,Kern
California City,Kern
California City,Kern
Boron,Kern
Caliente,Kern
Cantil,Kern
Edwards,Kern
Edwards,Kern
Inyokern,Kern
Johannesburg,Kern
Keene,Kern
Randsburg,Kern
Ridgecrest,Kern
Ridgecrest,Kern
Rosamond,Kern
Tehachapi,Kern
Tehachapi,Kern
Boron,Kern
Armona,Kings
Avenal,Kings
Corcoran,Kings
Hanford,Kings
Hanford,Kings
Kettleman City,Kings
Lemoore,Kings
Lemoore,Kings
Stratford,Kings
Clearlake,Lake
Clearlake Oaks,Lake
Clearlake Park,Lake
Cobb,Lake
Finley,Lake
Glenhaven,Lake
Kelseyville,Lake
Lakeport,Lake
Lower Lake,Lake
Lucerne,Lake
Middletown,Lake
Nice,Lake
Hidden Valley Lake,Lake
Upper Lake,Lake
Witter Springs,Lake
Bieber,Lassen
Nubieber,Lassen
Doyle,Lassen
Herlong,Lassen
Janesville,Lassen
Litchfield,Lassen
Madeline,Lassen
Milford,Lassen
Ravendale,Lassen
Susanville,Lassen
Standish,Lassen
Susanville,Lassen
Termo,Lassen
Wendel,Lassen
Westwood,Lassen
Los Angeles,Los Angeles
Los Angeles,Los Angeles
Los Angeles,Los Angeles
Los Angeles,Los Angeles
Los Angeles,Los Angeles
Los Angeles,Los Angeles
Los Angeles,Los Angeles
Los Angeles,Los Angeles
Los Angeles,Los Angeles
Los Angeles,Los Angeles
Los Angeles,Los Angeles
Los Angeles,Los Angeles
Los Angeles,Los Angeles
Los Angeles,Los Angeles
Los Angeles,Los Angeles
Los Angeles,Los Angeles
Los Angeles,Los Angeles
Los Angeles,Los Angeles
Los Angeles,Los Angeles
Los Angeles,Los Angeles
Los Angeles,Los Angeles
Los Angeles,Los Angeles
Los Angeles,Los Angeles
Los Angeles,Los Angeles
Los Angeles,Los Angeles
Los Angeles,Los Angeles
Los Angeles,Los Angeles
Los Angeles,Los Angeles
Los Angeles,Los Angeles
Los Angeles,Los Angeles
Los Angeles,Los Angeles
Los Angeles,Los Angeles
Los Angeles,Los Angeles
Los Angeles,Los Angeles
Los Angeles,Los Angeles
Los Angeles,Los Angeles
Los Angeles,Los Angeles
Los Angeles,Los Angeles
Los Angeles,Los Angeles
Los Angeles,Los Angeles
Los Angeles,Los Angeles
Los Angeles,Los Angeles
Los Angeles,Los Angeles
Los Angeles,Los Angeles
Los Angeles,Los Angeles
Los Angeles,Los Angeles
Los Angeles,Los Angeles
Los Angeles,Los Angeles
Los Angeles,Los Angeles
Los Angeles,Los Angeles
Los Angeles,Los Angeles
Los Angeles,Los Angeles
Los Angeles,Los Angeles
Los Angeles,Los Angeles
Los Angeles,Los Angeles
Los Angeles,Los Angeles
Los Angeles,Los Angeles
Los Angeles,Los Angeles
Los Angeles,Los Angeles
Los Angeles,Los Angeles
Los Angeles,Los Angeles
Los Angeles,Los Angeles
Los Angeles,Los Angeles
Los Angeles,Los Angeles
Los Angeles,Los Angeles
Los Angeles,Los Angeles
Los Angeles,Los Angeles
Los Angeles,Los Angeles
West Hollywood,Los Angeles
Los Angeles,Los Angeles
Los Angeles,Los Angeles
Los Angeles,Los Angeles
Los Angeles,Los Angeles
Los Angeles,Los Angeles
Los Angeles,Los Angeles
Los Angeles,Los Angeles
Los Angeles,Los Angeles
Los Angeles,Los Angeles
Los Angeles,Los Angeles
Los Angeles,Los Angeles
Los Angeles,Los Angeles
Los Angeles,Los Angeles
Los Angeles,Los Angeles
Los Angeles,Los Angeles
Los Angeles,Los Angeles
Los Angeles,Los Angeles
Los Angeles,Los Angeles
Los Angeles,Los Angeles
Dodgertown,Los Angeles
Los Angeles,Los Angeles
Los Angeles,Los Angeles
Playa Vista,Los Angeles
Los Angeles,Los Angeles
Los Angeles,Los Angeles
Los Angeles,Los Angeles
Los Angeles,Los Angeles
Los Angeles,Los Angeles
Bell Gardens,Los Angeles
Bell,Los Angeles
Beverly Hills,Los Angeles
Beverly Hills,Los Angeles
Beverly Hills,Los Angeles
Beverly Hills,Los Angeles
Beverly Hills,Los Angeles
Compton,Los Angeles
Compton,Los Angeles
Compton,Los Angeles
Compton,Los Angeles
Compton,Los Angeles
Culver City,Los Angeles
Culver City,Los Angeles
Culver City,Los Angeles
Culver City,Los Angeles
Downey,Los Angeles
Downey,Los Angeles
Downey,Los Angeles
Downey,Los Angeles
El Segundo,Los Angeles
Gardena,Los Angeles
Gardena,Los Angeles
Gardena,Los Angeles
Hawthorne,Los Angeles
Hawthorne,Los Angeles
Hermosa Beach,Los Angeles
Huntington Park,Los Angeles
Lawndale,Los Angeles
Lawndale,Los Angeles
Lynwood,Los Angeles
Malibu,Los Angeles
Malibu,Los Angeles
Malibu,Los Angeles
Manhattan Beach,Los Angeles
Manhattan Beach,Los Angeles
Maywood,Los Angeles
Pacific Palisades,Los Angeles
Palos Verdes Peninsula,Los Angeles
Rancho Palos Verdes,Los Angeles
Redondo Beach,Los Angeles
Redondo Beach,Los Angeles
South Gate,Los Angeles
Topanga,Los Angeles
Venice,Los Angeles
Marina Del Rey,Los Angeles
Playa Del Rey,Los Angeles
Venice,Los Angeles
Marina Del Rey,Los Angeles
Playa Del Rey,Los Angeles
Inglewood,Los Angeles
Inglewood,Los Angeles
Inglewood,Los Angeles
Inglewood,Los Angeles
Inglewood,Los Angeles
Inglewood,Los Angeles
Inglewood,Los Angeles
Inglewood,Los Angeles
Inglewood,Los Angeles
Inglewood,Los Angeles
Inglewood,Los Angeles
Inglewood,Los Angeles
Santa Monica,Los Angeles
Santa Monica,Los Angeles
Santa Monica,Los Angeles
Santa Monica,Los Angeles
Santa Monica,Los Angeles
Santa Monica,Los Angeles
Santa Monica,Los Angeles
Santa Monica,Los Angeles
Santa Monica,Los Angeles
Santa Monica,Los Angeles
Santa Monica,Los Angeles
Torrance,Los Angeles
Torrance,Los Angeles
Torrance,Los Angeles
Torrance,Los Angeles
Torrance,Los Angeles
Torrance,Los Angeles
Torrance,Los Angeles
Torrance,Los Angeles
Torrance,Los Angeles
Torrance,Los Angeles
Whittier,Los Angeles
Whittier,Los Angeles
Whittier,Los Angeles
Whittier,Los Angeles
Whittier,Los Angeles
Whittier,Los Angeles
Whittier,Los Angeles
Whittier,Los Angeles
Whittier,Los Angeles
Whittier,Los Angeles
La Mirada,Los Angeles
La Mirada,Los Angeles
La Mirada,Los Angeles
Montebello,Los Angeles
Norwalk,Los Angeles
Norwalk,Los Angeles
Norwalk,Los Angeles
Pico Rivera,Los Angeles
Pico Rivera,Los Angeles
Pico Rivera,Los Angeles
Santa Fe Springs,Los Angeles
Santa Fe Springs,Los Angeles
Artesia,Los Angeles
Artesia,Los Angeles
Cerritos,Los Angeles
Avalon,Los Angeles
Bellflower,Los Angeles
Bellflower,Los Angeles
Harbor City,Los Angeles
Lakewood,Los Angeles
Lakewood,Los Angeles
Lakewood,Los Angeles
Lakewood,Los Angeles
Lakewood,Los Angeles
Hawaiian Gardens,Los Angeles
Lomita,Los Angeles
Paramount,Los Angeles
San Pedro,Los Angeles
San Pedro,Los Angeles
San Pedro,Los Angeles
San Pedro,Los Angeles
Wilmington,Los Angeles
Carson,Los Angeles
Carson,Los Angeles
Carson,Los Angeles
Wilmington,Los Angeles
Carson,Los Angeles
Signal Hill,Los Angeles
Long Beach,Los Angeles
Long Beach,Los Angeles
Long Beach,Los Angeles
Long Beach,Los Angeles
Long Beach,Los Angeles
Long Beach,Los Angeles
Long Beach,Los Angeles
Long Beach,Los Angeles
Long Beach,Los Angeles
Long Beach,Los Angeles
Long Beach,Los Angeles
Long Beach,Los Angeles
Long Beach,Los Angeles
Long Beach,Los Angeles
Long Beach,Los Angeles
Long Beach,Los Angeles
Long Beach,Los Angeles
Long Beach,Los Angeles
Long Beach,Los Angeles
Long Beach,Los Angeles
Long Beach,Los Angeles
Long Beach,Los Angeles
Long Beach,Los Angeles
Long Beach,Los Angeles
Long Beach,Los Angeles
Long Beach,Los Angeles
Carson,Los Angeles
Long Beach,Los Angeles
Altadena,Los Angeles
Altadena,Los Angeles
Arcadia,Los Angeles
Arcadia,Los Angeles
Duarte,Los Angeles
Duarte,Los Angeles
Duarte,Los Angeles
La Canada Flintridge,Los Angeles
La Canada Flintridge,Los Angeles
Monrovia,Los Angeles
Monrovia,Los Angeles
Montrose,Los Angeles
Montrose,Los Angeles
Mount Wilson,Los Angeles
Sierra Madre,Los Angeles
Sierra Madre,Los Angeles
South Pasadena,Los Angeles
South Pasadena,Los Angeles
Sunland,Los Angeles
Sunland,Los Angeles
Tujunga,Los Angeles
Tujunga,Los Angeles
Verdugo City,Los Angeles
Arcadia,Los Angeles
Arcadia,Los Angeles
Pasadena,Los Angeles
Pasadena,Los Angeles
Pasadena,Los Angeles
Pasadena,Los Angeles
Pasadena,Los Angeles
Pasadena,Los Angeles
Pasadena,Los Angeles
San Marino,Los Angeles
Pasadena,Los Angeles
Pasadena,Los Angeles
Pasadena,Los Angeles
Pasadena,Los Angeles
Pasadena,Los Angeles
Pasadena,Los Angeles
San Marino,Los Angeles
Pasadena,Los Angeles
Pasadena,Los Angeles
Pasadena,Los Angeles
Pasadena,Los Angeles
Pasadena,Los Angeles
Pasadena,Los Angeles
Pasadena,Los Angeles
Pasadena,Los Angeles
Pasadena,Los Angeles
Pasadena,Los Angeles
Pasadena,Los Angeles
Pasadena,Los Angeles
Glendale,Los Angeles
Glendale,Los Angeles
Glendale,Los Angeles
Glendale,Los Angeles
Glendale,Los Angeles
Glendale,Los Angeles
Glendale,Los Angeles
Glendale,Los Angeles
Glendale,Los Angeles
Glendale,Los Angeles
La Crescenta,Los Angeles
Glendale,Los Angeles
Glendale,Los Angeles
La Crescenta,Los Angeles
Glendale,Los Angeles
Glendale,Los Angeles
Agoura Hills,Los Angeles
Calabasas,Los Angeles
Canoga Park,Los Angeles
Canoga Park,Los Angeles
Canoga Park,Los Angeles
Winnetka,Los Angeles
West Hills,Los Angeles
West Hills,Los Angeles
Canoga Park,Los Angeles
Castaic,Los Angeles
Chatsworth,Los Angeles
Chatsworth,Los Angeles
Encino,Los Angeles
Newhall,Los Angeles
Newhall,Los Angeles
Northridge,Los Angeles
Northridge,Los Angeles
Porter Ranch,Los Angeles
Northridge,Los Angeles
Northridge,Los Angeles
Northridge,Los Angeles
Northridge,Los Angeles
Pacoima,Los Angeles
Pacoima,Los Angeles
Pacoima,Los Angeles
Reseda,Los Angeles
Reseda,Los Angeles
San Fernando,Los Angeles
San Fernando,Los Angeles
Sylmar,Los Angeles
North Hills,Los Angeles
Granada Hills,Los Angeles
Mission Hills,Los Angeles
Mission Hills,Los Angeles
Santa Clarita,Los Angeles
Canyon Country,Los Angeles
Sun Valley,Los Angeles
Sun Valley,Los Angeles
Valencia,Los Angeles
Valencia,Los Angeles
Tarzana,Los Angeles
Tarzana,Los Angeles
Woodland Hills,Los Angeles
Woodland Hills,Los Angeles
Woodland Hills,Los Angeles
Woodland Hills,Los Angeles
Calabasas,Los Angeles
Agoura Hills,Los Angeles
Santa Clarita,Los Angeles
Stevenson Ranch,Los Angeles
Santa Clarita,Los Angeles
Santa Clarita,Los Angeles
Castaic,Los Angeles
Valencia,Los Angeles
Canyon Country,Los Angeles
Canyon Country,Los Angeles
Santa Clarita,Los Angeles
Sylmar,Los Angeles
North Hills,Los Angeles
Granada Hills,Los Angeles
Mission Hills,Los Angeles
Winnetka,Los Angeles
Van Nuys,Los Angeles
Panorama City,Los Angeles
Sherman Oaks,Los Angeles
Van Nuys,Los Angeles
Van Nuys,Los Angeles
Van Nuys,Los Angeles
Van Nuys,Los Angeles
Van Nuys,Los Angeles
Van Nuys,Los Angeles
Van Nuys,Los Angeles
Van Nuys,Los Angeles
Panorama City,Los Angeles
Sherman Oaks,Los Angeles
Encino,Los Angeles
Sherman Oaks,Los Angeles
Encino,Los Angeles
Encino,Los Angeles
Van Nuys,Los Angeles
Van Nuys,Los Angeles
Sherman Oaks,Los Angeles
Van Nuys,Los Angeles
Van Nuys,Los Angeles
Burbank,Los Angeles
Burbank,Los Angeles
Burbank,Los Angeles
Burbank,Los Angeles
Burbank,Los Angeles
Burbank,Los Angeles
Burbank,Los Angeles
Burbank,Los Angeles
Burbank,Los Angeles
Burbank,Los Angeles
Burbank,Los Angeles
Burbank,Los Angeles
Burbank,Los Angeles
North Hollywood,Los Angeles
North Hollywood,Los Angeles
North Hollywood,Los Angeles
Studio City,Los Angeles
North Hollywood,Los Angeles
North Hollywood,Los Angeles
Valley Village,Los Angeles
Universal City,Los Angeles
North Hollywood,Los Angeles
Toluca Lake,Los Angeles
North Hollywood,Los Angeles
North Hollywood,Los Angeles
Studio City,Los Angeles
North Hollywood,Los Angeles
North Hollywood,Los Angeles
Valley Village,Los Angeles
North Hollywood,Los Angeles
Azusa,Los Angeles
Baldwin Park,Los Angeles
Claremont,Los Angeles
City Of Industry,Los Angeles
City Of Industry,Los Angeles
City Of Industry,Los Angeles
Covina,Los Angeles
Covina,Los Angeles
Covina,Los Angeles
El Monte,Los Angeles
El Monte,Los Angeles
South El Monte,Los Angeles
El Monte,Los Angeles
El Monte,Los Angeles
Glendora,Los Angeles
Glendora,Los Angeles
La Puente,Los Angeles
Hacienda Heights,Los Angeles
La Puente,Los Angeles
La Puente,Los Angeles
Rowland Heights,Los Angeles
La Puente,Los Angeles
La Verne,Los Angeles
Monterey Park,Los Angeles
Monterey Park,Los Angeles
Monterey Park,Los Angeles
Mount Baldy,Los Angeles
Diamond Bar,Los Angeles
Pomona,Los Angeles
Pomona,Los Angeles
Pomona,Los Angeles
Pomona,Los Angeles
Rosemead,Los Angeles
Rosemead,Los Angeles
Rosemead,Los Angeles
San Dimas,Los Angeles
San Gabriel,Los Angeles
San Gabriel,Los Angeles
San Gabriel,Los Angeles
Temple City,Los Angeles
Walnut,Los Angeles
Walnut,Los Angeles
West Covina,Los Angeles
West Covina,Los Angeles
West Covina,Los Angeles
West Covina,Los Angeles
Alhambra,Los Angeles
Alhambra,Los Angeles
Alhambra,Los Angeles
Alhambra,Los Angeles
Alhambra,Los Angeles
Alhambra,Los Angeles
Acton,Los Angeles
Lake Hughes,Los Angeles
Lancaster,Los Angeles
Lancaster,Los Angeles
Lancaster,Los Angeles
Lancaster,Los Angeles
Littlerock,Los Angeles
Llano,Los Angeles
Palmdale,Los Angeles
Palmdale,Los Angeles
Palmdale,Los Angeles
Pearblossom,Los Angeles
Valyermo,Los Angeles
Lancaster,Los Angeles
Lancaster,Los Angeles
Palmdale,Los Angeles
Palmdale,Los Angeles
Palmdale,Los Angeles
Ahwahnee,Madera
Bass Lake,Madera
Chowchilla,Madera
Coarsegold,Madera
Madera,Madera
Madera,Madera
Madera,Madera
North Fork,Madera
Oakhurst,Madera
O Neals,Madera
Raymond,Madera
Wishon,Madera
San Rafael,Marin
San Rafael,Marin
Greenbrae,Marin
San Rafael,Marin
San Rafael,Marin
Kentfield,Marin
San Rafael,Marin
Belvedere Tiburon,Marin
Bolinas,Marin
Corte Madera,Marin
Dillon Beach,Marin
Fairfax,Marin
Forest Knolls,Marin
Inverness,Marin
Lagunitas,Marin
Larkspur,Marin
Marshall,Marin
Mill Valley,Marin
Mill Valley,Marin
Novato,Marin
Nicasio,Marin
Novato,Marin
Novato,Marin
Novato,Marin
Olema,Marin
Point Reyes Station,Marin
Ross,Marin
San Anselmo,Marin
San Geronimo,Marin
San Quentin,Marin
Sausalito,Marin
Sausalito,Marin
Stinson Beach,Marin
Tomales,Marin
Woodacre,Marin
San Quentin,Marin
Corte Madera,Marin
Larkspur,Marin
Fairfax,Marin
San Anselmo,Marin
Novato,Marin
Fish Camp,Mariposa
Catheys Valley,Mariposa
Coulterville,Mariposa
El Portal,Mariposa
Hornitos,Mariposa
Mariposa,Mariposa
Midpines,Mariposa
Yosemite National Park,Mariposa
Albion,Mendocino
Boonville,Mendocino
Branscomb,Mendocino
Calpella,Mendocino
Caspar,Mendocino
Comptche,Mendocino
Covelo,Mendocino
Dos Rios,Mendocino
Elk,Mendocino
Fort Bragg,Mendocino
Gualala,Mendocino
Hopland,Mendocino
Laytonville,Mendocino
Little River,Mendocino
Manchester,Mendocino
Mendocino,Mendocino
Navarro,Mendocino
Philo,Mendocino
Point Arena,Mendocino
Potter Valley,Mendocino
Redwood Valley,Mendocino
Talmage,Mendocino
Ukiah,Mendocino
Westport,Mendocino
Willits,Mendocino
Yorkville,Mendocino
Leggett,Mendocino
Piercy,Mendocino
Dos Palos,Merced
Los Banos,Merced
Madera,Merced
Santa Rita Park,Merced
South Dos Palos,Merced
Atwater,Merced
Ballico,Merced
Cressey,Merced
Delhi,Merced
El Nido,Merced
Gustine,Merced
Hilmar,Merced
Le Grand,Merced
Livingston,Merced
Merced,Merced
Merced,Merced
Merced,Merced
Merced,Merced
Merced,Merced
Planada,Merced
Snelling,Merced
Stevinson,Merced
Winton,Merced
Adin,Modoc
Canby,Modoc
Lookout,Modoc
Alturas,Modoc
Cedarville,Modoc
Davis Creek,Modoc
Eagleville,Modoc
Fort Bidwell,Modoc
Lake City,Modoc
Likely,Modoc
Benton,Mono
Bridgeport,Mono
June Lake,Mono
Lee Vining,Mono
Mammoth Lakes,Mono
Coleville,Mono
Topaz,Mono
Bradley,Monterey
San Ardo,Monterey
Salinas,Monterey
Salinas,Monterey
Salinas,Monterey
Salinas,Monterey
Salinas,Monterey
Salinas,Monterey
Salinas,Monterey
Salinas,Monterey
Big Sur,Monterey
Carmel By The Sea,Monterey
Carmel,Monterey
Carmel,Monterey
Carmel Valley,Monterey
Chualar,Monterey
Gonzales,Monterey
Greenfield,Monterey
Jolon,Monterey
King City,Monterey
Lockwood,Monterey
Marina,Monterey
Monterey,Monterey
Monterey,Monterey
Monterey,Monterey
Monterey,Monterey
Pacific Grove,Monterey
Pebble Beach,Monterey
San Lucas,Monterey
Seaside,Monterey
Soledad,Monterey
Spreckels,Monterey
Aromas,Monterey
Castroville,Monterey
Moss Landing,Monterey
American Canyon,Napa
Angwin,Napa
Calistoga,Napa
Napa,Napa
Napa,Napa
Oakville,Napa
Pope Valley,Napa
Rutherford,Napa
Saint Helena,Napa
Deer Park,Napa
Napa,Napa
Yountville,Napa
Chicago Park,Nevada
Norden,Nevada
Soda Springs,Nevada
Cedar Ridge,Nevada
Grass Valley,Nevada
Penn Valley,Nevada
Grass Valley,Nevada
Nevada City,Nevada
North San Juan,Nevada
Rough And Ready,Nevada
Smartsville,Nevada
Washington,Nevada
Floriston,Nevada
Truckee,Nevada
Truckee,Nevada
Truckee,Nevada
Buena Park,Orange
Buena Park,Orange
Buena Park,Orange
La Palma,Orange
Buena Park,Orange
Cypress,Orange
La Habra,Orange
La Habra,Orange
La Habra,Orange
Stanton,Orange
Los Alamitos,Orange
Los Alamitos,Orange
Seal Beach,Orange
Sunset Beach,Orange
Surfside,Orange
Irvine,Orange
Irvine,Orange
Irvine,Orange
Huntington Beach,Orange
Irvine,Orange
Laguna Niguel,Orange
El Toro,Orange
Foothill Ranch,Orange
Irvine,Orange
Irvine,Orange
Huntington Beach,Orange
Irvine,Orange
Irvine,Orange
Irvine,Orange
Irvine,Orange
Irvine,Orange
Irvine,Orange
Capistrano Beach,Orange
Corona Del Mar,Orange
Costa Mesa,Orange
Costa Mesa,Orange
Costa Mesa,Orange
Dana Point,Orange
Lake Forest,Orange
Laguna Woods,Orange
Huntington Beach,Orange
Huntington Beach,Orange
Huntington Beach,Orange
Huntington Beach,Orange
East Irvine,Orange
Laguna Beach,Orange
Laguna Beach,Orange
Laguna Hills,Orange
Laguna Hills,Orange
Midway City,Orange
Aliso Viejo,Orange
Newport Coast,Orange
Newport Beach,Orange
Newport Beach,Orange
Newport Beach,Orange
Newport Beach,Orange
Newport Beach,Orange
Newport Beach,Orange
San Clemente,Orange
San Clemente,Orange
San Clemente,Orange
San Juan Capistrano,Orange
Silverado,Orange
Laguna Niguel,Orange
Trabuco Canyon,Orange
Trabuco Canyon,Orange
Westminster,Orange
Westminster,Orange
Westminster,Orange
Rancho Santa Margarita,Orange
Mission Viejo,Orange
Mission Viejo,Orange
Mission Viejo,Orange
San Juan Capistrano,Orange
Ladera Ranch,Orange
Irvine,Orange
Aliso Viejo,Orange
Santa Ana,Orange
Santa Ana,Orange
Santa Ana,Orange
Santa Ana,Orange
Santa Ana,Orange
Santa Ana,Orange
Santa Ana,Orange
Fountain Valley,Orange
Santa Ana,Orange
Santa Ana,Orange
Fountain Valley,Orange
Santa Ana,Orange
Tustin,Orange
Tustin,Orange
Tustin,Orange
Santa Ana,Orange
Anaheim,Orange
Anaheim,Orange
Anaheim,Orange
Anaheim,Orange
Anaheim,Orange
Anaheim,Orange
Anaheim,Orange
Anaheim,Orange
Anaheim,Orange
Atwood,Orange
Anaheim,Orange
Anaheim,Orange
Anaheim,Orange
Anaheim,Orange
Anaheim,Orange
Brea,Orange
Brea,Orange
Brea,Orange
Anaheim,Orange
Fullerton,Orange
Fullerton,Orange
Fullerton,Orange
Fullerton,Orange
Fullerton,Orange
Fullerton,Orange
Fullerton,Orange
Fullerton,Orange
Garden Grove,Orange
Garden Grove,Orange
Garden Grove,Orange
Garden Grove,Orange
Garden Grove,Orange
Garden Grove,Orange
Garden Grove,Orange
Anaheim,Orange
Orange,Orange
Orange,Orange
Orange,Orange
Villa Park,Orange
Orange,Orange
Orange,Orange
Orange,Orange
Orange,Orange
Orange,Orange
Orange,Orange
Orange,Orange
Orange,Orange
Placentia,Orange
Placentia,Orange
Yorba Linda,Orange
Yorba Linda,Orange
Yorba Linda,Orange
Anaheim,Orange
Auburn,Placer
Auburn,Placer
Auburn,Placer
Foresthill,Placer
Lincoln,Placer
Loomis,Placer
Newcastle,Placer
Roseville,Placer
Penryn,Placer
Rocklin,Placer
Roseville,Placer
Sheridan,Placer
Alta,Placer
Applegate,Placer
Colfax,Placer
Dutch Flat,Placer
Emigrant Gap,Placer
Gold Run,Placer
Meadow Vista,Placer
Weimar,Placer
Granite Bay,Placer
Roseville,Placer
Rocklin,Placer
Carnelian Bay,Placer
Homewood,Placer
Kings Beach,Placer
Tahoe City,Placer
Olympic Valley,Placer
Tahoe Vista,Placer
Belden,Plumas
Canyon Dam,Plumas
Crescent Mills,Plumas
Greenville,Plumas
Meadow Valley,Plumas
Quincy,Plumas
Storrie,Plumas
Taylorsville,Plumas
Twain,Plumas
Chester,Plumas
Blairsden Graeagle,Plumas
Chilcoot,Plumas
Clio,Plumas
Portola,Plumas
Beckwourth,Plumas
Vinton,Plumas
Mira Loma,Riverside
Indio,Riverside
Indio,Riverside
Indio,Riverside
Indian Wells,Riverside
Palm Desert,Riverside
Banning,Riverside
Beaumont,Riverside
Blythe,Riverside
Blythe,Riverside
Cabazon,Riverside
Cathedral City,Riverside
Cathedral City,Riverside
Coachella,Riverside
Desert Center,Riverside
Desert Hot Springs,Riverside
Desert Hot Springs,Riverside
La Quinta,Riverside
La Quinta,Riverside
Mecca,Riverside
Palm Desert,Riverside
North Palm Springs,Riverside
Palm Desert,Riverside
Palm Desert,Riverside
Palm Springs,Riverside
Palm Springs,Riverside
Palm Springs,Riverside
Rancho Mirage,Riverside
Thermal,Riverside
Thousand Palms,Riverside
Whitewater,Riverside
Calimesa,Riverside
Riverside,Riverside
Riverside,Riverside
Riverside,Riverside
Riverside,Riverside
Riverside,Riverside
Riverside,Riverside
Riverside,Riverside
Riverside,Riverside
Riverside,Riverside
Riverside,Riverside
Riverside,Riverside
Riverside,Riverside
Riverside,Riverside
Riverside,Riverside
March Air Reserve Base,Riverside
Riverside,Riverside
Riverside,Riverside
Riverside,Riverside
Lake Elsinore,Riverside
Lake Elsinore,Riverside
Lake Elsinore,Riverside
Aguanga,Riverside
Anza,Riverside
Hemet,Riverside
Hemet,Riverside
Hemet,Riverside
Hemet,Riverside
Homeland,Riverside
Idyllwild,Riverside
Moreno Valley,Riverside
Moreno Valley,Riverside
Moreno Valley,Riverside
Moreno Valley,Riverside
Moreno Valley,Riverside
Moreno Valley,Riverside
Moreno Valley,Riverside
Mountain Center,Riverside
Murrieta,Riverside
Murrieta,Riverside
Murrieta,Riverside
Nuevo,Riverside
Perris,Riverside
Perris,Riverside
Perris,Riverside
San Jacinto,Riverside
San Jacinto,Riverside
San Jacinto,Riverside
Menifee,Riverside
Sun City,Riverside
Sun City,Riverside
Quail Valley,Riverside
Temecula,Riverside
Temecula,Riverside
Temecula,Riverside
Temecula,Riverside
Temecula,Riverside
Wildomar,Riverside
Winchester,Riverside
Perris,Riverside
Norco,Riverside
Corona,Riverside
Corona,Riverside
Corona,Riverside
Corona,Riverside
Corona,Riverside
Corona,Riverside
Corona,Riverside
Sacramento,Sacramento
Sacramento,Sacramento
Sacramento,Sacramento
Sacramento,Sacramento
Sacramento,Sacramento
Sacramento,Sacramento
Sacramento,Sacramento
Sacramento,Sacramento
Sacramento,Sacramento
Sacramento,Sacramento
Sacramento,Sacramento
Sacramento,Sacramento
Sacramento,Sacramento
Sacramento,Sacramento
Sacramento,Sacramento
Sacramento,Sacramento
Sacramento,Sacramento
Sacramento,Sacramento
Sacramento,Sacramento
Sacramento,Sacramento
Sacramento,Sacramento
Sacramento,Sacramento
Sacramento,Sacramento
Sacramento,Sacramento
Sacramento,Sacramento
Sacramento,Sacramento
Sacramento,Sacramento
Sacramento,Sacramento
Sacramento,Sacramento
Sacramento,Sacramento
Sacramento,Sacramento
Sacramento,Sacramento
Sacramento,Sacramento
Sacramento,Sacramento
Sacramento,Sacramento
Sacramento,Sacramento
Sacramento,Sacramento
Sacramento,Sacramento
Sacramento,Sacramento
Sacramento,Sacramento
Sacramento,Sacramento
Sacramento,Sacramento
Sacramento,Sacramento
Sacramento,Sacramento
Sacramento,Sacramento
Sacramento,Sacramento
Sacramento,Sacramento
Sacramento,Sacramento
Sacramento,Sacramento
Sacramento,Sacramento
Sacramento,Sacramento
Sacramento,Sacramento
Sacramento,Sacramento
Sacramento,Sacramento
Sacramento,Sacramento
Sacramento,Sacramento
Sacramento,Sacramento
Sacramento,Sacramento
Sacramento,Sacramento
Carmichael,Sacramento
Carmichael,Sacramento
Citrus Heights,Sacramento
Citrus Heights,Sacramento
Courtland,Sacramento
Citrus Heights,Sacramento
Elk Grove,Sacramento
Elverta,Sacramento
Fair Oaks,Sacramento
Folsom,Sacramento
Galt,Sacramento
Herald,Sacramento
Hood,Sacramento
Isleton,Sacramento
Mcclellan,Sacramento
Mather,Sacramento
North Highlands,Sacramento
Orangevale,Sacramento
Rancho Cordova,Sacramento
Represa,Sacramento
Rio Linda,Sacramento
Ryde,Sacramento
Sloughhouse,Sacramento
Walnut Grove,Sacramento
Wilton,Sacramento
Rancho Cordova,Sacramento
Rancho Cordova,Sacramento
Elk Grove,Sacramento
Elk Grove,Sacramento
Elk Grove,Sacramento
Folsom,Sacramento
Sacramento,Sacramento
Sacramento,Sacramento
Sacramento,Sacramento
Sacramento,Sacramento
Sacramento,Sacramento
Sacramento,Sacramento
Sacramento,Sacramento
Sacramento,Sacramento
Sacramento,Sacramento
Sacramento,Sacramento
Sacramento,Sacramento
Sacramento,Sacramento
Sacramento,Sacramento
Sacramento,Sacramento
Sacramento,Sacramento
Sacramento,Sacramento
Sacramento,Sacramento
Sacramento,Sacramento
Sacramento,Sacramento
Sacramento,Sacramento
Sacramento,Sacramento
Sacramento,Sacramento
Sacramento,Sacramento
Sacramento,Sacramento
Sacramento,Sacramento
Sacramento,Sacramento
Sacramento,Sacramento
Sacramento,Sacramento
Sacramento,Sacramento
Sacramento,Sacramento
Sacramento,Sacramento
Antelope,Sacramento
Sacramento,Sacramento
Sacramento,Sacramento
Sacramento,Sacramento
Sacramento,Sacramento
Sacramento,Sacramento
Sacramento,Sacramento
Sacramento,Sacramento
Sacramento,Sacramento
Sacramento,Sacramento
Sacramento,Sacramento
Hollister,San Benito
Hollister,San Benito
Paicines,San Benito
San Juan Bautista,San Benito
Tres Pinos,San Benito
Rancho Cucamonga,San Bernardino
Chino,San Bernardino
Chino Hills,San Bernardino
Chino,San Bernardino
Rancho Cucamonga,San Bernardino
Rancho Cucamonga,San Bernardino
Rancho Cucamonga,San Bernardino
Rancho Cucamonga,San Bernardino
Guasti,San Bernardino
Ontario,San Bernardino
Ontario,San Bernardino
Ontario,San Bernardino
Montclair,San Bernardino
Ontario,San Bernardino
Upland,San Bernardino
Upland,San Bernardino
Upland,San Bernardino
Earp,San Bernardino
La Quinta,San Bernardino
Joshua Tree,San Bernardino
Morongo Valley,San Bernardino
Parker Dam,San Bernardino
Pioneertown,San Bernardino
Twentynine Palms,San Bernardino
Twentynine Palms,San Bernardino
Vidal,San Bernardino
Yucca Valley,San Bernardino
Landers,San Bernardino
Yucca Valley,San Bernardino
Adelanto,San Bernardino
Amboy,San Bernardino
Angelus Oaks,San Bernardino
Apple Valley,San Bernardino
Apple Valley,San Bernardino
Baker,San Bernardino
Fort Irwin,San Bernardino
Barstow,San Bernardino
Barstow,San Bernardino
Grand Terrace,San Bernardino
Big Bear City,San Bernardino
Big Bear Lake,San Bernardino
Bloomington,San Bernardino
Blue Jay,San Bernardino
Bryn Mawr,San Bernardino
Cedar Glen,San Bernardino
Cedarpines Park,San Bernardino
Cima,San Bernardino
Colton,San Bernardino
Crestline,San Bernardino
Daggett,San Bernardino
Phelan,San Bernardino
Essex,San Bernardino
Fawnskin,San Bernardino
Fontana,San Bernardino
Fontana,San Bernardino
Fontana,San Bernardino
Fontana,San Bernardino
Ludlow,San Bernardino
Forest Falls,San Bernardino
Hesperia,San Bernardino
Green Valley Lake,San Bernardino
Helendale,San Bernardino
Hesperia,San Bernardino
Hesperia,San Bernardino
Highland,San Bernardino
Hinkley,San Bernardino
Loma Linda,San Bernardino
Lake Arrowhead,San Bernardino
Loma Linda,San Bernardino
Lucerne Valley,San Bernardino
Loma Linda,San Bernardino
Lytle Creek,San Bernardino
Mentone,San Bernardino
Needles,San Bernardino
Nipton,San Bernardino
Newberry Springs,San Bernardino
Mountain Pass,San Bernardino
Oro Grande,San Bernardino
Patton,San Bernardino
Phelan,San Bernardino
Pinon Hills,San Bernardino
Redlands,San Bernardino
Redlands,San Bernardino
Redlands,San Bernardino
Rialto,San Bernardino
Rialto,San Bernardino
Rimforest,San Bernardino
Running Springs,San Bernardino
Skyforest,San Bernardino
Sugarloaf,San Bernardino
Twin Peaks,San Bernardino
Victorville,San Bernardino
Victorville,San Bernardino
Victorville,San Bernardino
Victorville,San Bernardino
Wrightwood,San Bernardino
Yermo,San Bernardino
Yucaipa,San Bernardino
San Bernardino,San Bernardino
San Bernardino,San Bernardino
San Bernardino,San Bernardino
San Bernardino,San Bernardino
San Bernardino,San Bernardino
San Bernardino,San Bernardino
San Bernardino,San Bernardino
San Bernardino,San Bernardino
San Bernardino,San Bernardino
San Bernardino,San Bernardino
San Bernardino,San Bernardino
San Bernardino,San Bernardino
San Bernardino,San Bernardino
San Bernardino,San Bernardino
San Bernardino,San Bernardino
Red Mountain,San Bernardino
Trona,San Bernardino
Trona,San Bernardino
Alpine,San Diego
Bonita,San Diego
Alpine,San Diego
Boulevard,San Diego
Campo,San Diego
Bonita,San Diego
Chula Vista,San Diego
Chula Vista,San Diego
Chula Vista,San Diego
Chula Vista,San Diego
Chula Vista,San Diego
Chula Vista,San Diego
Chula Vista,San Diego
Descanso,San Diego
Dulzura,San Diego
Chula Vista,San Diego
Guatay,San Diego
Imperial Beach,San Diego
Imperial Beach,San Diego
Jacumba,San Diego
Jamul,San Diego
La Mesa,San Diego
La Mesa,San Diego
La Mesa,San Diego
La Mesa,San Diego
Lemon Grove,San Diego
Lemon Grove,San Diego
Mount Laguna,San Diego
National City,San Diego
National City,San Diego
Pine Valley,San Diego
Potrero,San Diego
Spring Valley,San Diego
Spring Valley,San Diego
Spring Valley,San Diego
Spring Valley,San Diego
Tecate,San Diego
Tecate,San Diego
Bonsall,San Diego
Borrego Springs,San Diego
Cardiff By The Sea,San Diego
Carlsbad,San Diego
Carlsbad,San Diego
Carlsbad,San Diego
Carlsbad,San Diego
Carlsbad,San Diego
Del Mar,San Diego
Carlsbad,San Diego
El Cajon,San Diego
El Cajon,San Diego
El Cajon,San Diego
El Cajon,San Diego
Encinitas,San Diego
Encinitas,San Diego
Escondido,San Diego
Escondido,San Diego
Escondido,San Diego
Fallbrook,San Diego
Escondido,San Diego
Escondido,San Diego
Escondido,San Diego
Julian,San Diego
La Jolla,San Diego
La Jolla,San Diego
La Jolla,San Diego
Lakeside,San Diego
Escondido,San Diego
Oceanside,San Diego
Oceanside,San Diego
Oceanside,San Diego
Oceanside,San Diego
Camp Pendleton,San Diego
Oceanside,San Diego
Oceanside,San Diego
Oceanside,San Diego
Pala,San Diego
Palomar Mountain,San Diego
Pauma Valley,San Diego
Poway,San Diego
Ramona,San Diego
Ranchita,San Diego
Rancho Santa Fe,San Diego
San Luis Rey,San Diego
San Marcos,San Diego
Santa Ysabel,San Diego
Santee,San Diego
Santee,San Diego
Poway,San Diego
Solana Beach,San Diego
San Marcos,San Diego
San Marcos,San Diego
Vista,San Diego
Valley Center,San Diego
Vista,San Diego
Vista,San Diego
Vista,San Diego
Warner Springs,San Diego
Fallbrook,San Diego
Rancho Santa Fe,San Diego
La Jolla,San Diego
La Jolla,San Diego
San Marcos,San Diego
San Diego,San Diego
San Diego,San Diego
San Diego,San Diego
San Diego,San Diego
San Diego,San Diego
San Diego,San Diego
San Diego,San Diego
San Diego,San Diego
San Diego,San Diego
San Diego,San Diego
San Diego,San Diego
San Diego,San Diego
San Diego,San Diego
San Diego,San Diego
San Diego,San Diego
San Diego,San Diego
San Diego,San Diego
Coronado,San Diego
San Diego,San Diego
San Diego,San Diego
San Diego,San Diego
San Diego,San Diego
San Diego,San Diego
San Diego,San Diego
San Diego,San Diego
San Diego,San Diego
San Diego,San Diego
San Diego,San Diego
San Diego,San Diego
San Diego,San Diego
San Diego,San Diego
San Diego,San Diego
San Diego,San Diego
San Diego,San Diego
San Diego,San Diego
San Diego,San Diego
San Diego,San Diego
San Diego,San Diego
San Diego,San Diego
San Ysidro,San Diego
San Diego,San Diego
San Diego,San Diego
San Diego,San Diego
San Diego,San Diego
San Diego,San Diego
San Diego,San Diego
San Diego,San Diego
San Diego,San Diego
San Diego,San Diego
San Diego,San Diego
San Diego,San Diego
San Diego,San Diego
San Diego,San Diego
San Diego,San Diego
San Diego,San Diego
San Diego,San Diego
San Diego,San Diego
San Diego,San Diego
San Diego,San Diego
San Diego,San Diego
San Diego,San Diego
San Ysidro,San Diego
San Diego,San Diego
San Diego,San Diego
San Diego,San Diego
San Diego,San Diego
Coronado,San Diego
San Diego,San Diego
San Diego,San Diego
San Diego,San Diego
San Diego,San Diego
San Diego,San Diego
San Diego,San Diego
San Diego,San Diego
San Diego,San Diego
San Diego,San Diego
San Diego,San Diego
San Diego,San Diego
San Diego,San Diego
San Diego,San Diego
San Francisco,City and County of San Francisco
San Francisco,City and County of San Francisco
San Francisco,City and County of San Francisco
San Francisco,City and County of San Francisco
San Francisco,City and County of San Francisco
San Francisco,City and County of San Francisco
San Francisco,City and County of San Francisco
San Francisco,City and County of San Francisco
San Francisco,City and County of San Francisco
San Francisco,City and County of San Francisco
San Francisco,City and County of San Francisco
San Francisco,City and County of San Francisco
San Francisco,City and County of San Francisco
San Francisco,City and County of San Francisco
San Francisco,City and County of San Francisco
San Francisco,City and County of San Francisco
San Francisco,City and County of San Francisco
San Francisco,City and County of San Francisco
San Francisco,City and County of San Francisco
San Francisco,City and County of San Francisco
San Francisco,City and County of San Francisco
San Francisco,City and County of San Francisco
San Francisco,City and County of San Francisco
San Francisco,City and County of San Francisco
San Francisco,City and County of San Francisco
San Francisco,City and County of San Francisco
San Francisco,City and County of San Francisco
San Francisco,City and County of San Francisco
San Francisco,City and County of San Francisco
San Francisco,City and County of San Francisco
San Francisco,City and County of San Francisco
San Francisco,City and County of San Francisco
San Francisco,City and County of San Francisco
San Francisco,City and County of San Francisco
San Francisco,City and County of San Francisco
San Francisco,City and County of San Francisco
San Francisco,City and County of San Francisco
San Francisco,City and County of San Francisco
San Francisco,City and County of San Francisco
San Francisco,City and County of San Francisco
San Francisco,City and County of San Francisco
San Francisco,City and County of San Francisco
San Francisco,City and County of San Francisco
San Francisco,City and County of San Francisco
San Francisco,City and County of San Francisco
San Francisco,City and County of San Francisco
San Francisco,City and County of San Francisco
San Francisco,City and County of San Francisco
San Francisco,City and County of San Francisco
San Francisco,City and County of San Francisco
Stockton,San Joaquin
Stockton,San Joaquin
Stockton,San Joaquin
Stockton,San Joaquin
Stockton,San Joaquin
Stockton,San Joaquin
Stockton,San Joaquin
Stockton,San Joaquin
Stockton,San Joaquin
Stockton,San Joaquin
Stockton,San Joaquin
Stockton,San Joaquin
Stockton,San Joaquin
Stockton,San Joaquin
Stockton,San Joaquin
Stockton,San Joaquin
Acampo,San Joaquin
Clements,San Joaquin
Farmington,San Joaquin
French Camp,San Joaquin
Holt,San Joaquin
Linden,San Joaquin
Lockeford,San Joaquin
Lodi,San Joaquin
Lodi,San Joaquin
Lodi,San Joaquin
Victor,San Joaquin
Woodbridge,San Joaquin
Stockton,San Joaquin
Stockton,San Joaquin
Stockton,San Joaquin
Stockton,San Joaquin
Tracy,San Joaquin
Escalon,San Joaquin
Lathrop,San Joaquin
Manteca,San Joaquin
Manteca,San Joaquin
Ripon,San Joaquin
Tracy,San Joaquin
Tracy,San Joaquin
Tracy,San Joaquin
Vernalis,San Joaquin
Tracy,San Joaquin
Thornton,San Joaquin
San Luis Obispo,San Luis Obispo
Los Osos,San Luis Obispo
San Luis Obispo,San Luis Obispo
San Luis Obispo,San Luis Obispo
San Luis Obispo,San Luis Obispo
San Luis Obispo,San Luis Obispo
San Luis Obispo,San Luis Obispo
San Luis Obispo,San Luis Obispo
San Luis Obispo,San Luis Obispo
Los Osos,San Luis Obispo
Arroyo Grande,San Luis Obispo
Arroyo Grande,San Luis Obispo
Atascadero,San Luis Obispo
Atascadero,San Luis Obispo
Avila Beach,San Luis Obispo
Cambria,San Luis Obispo
Cayucos,San Luis Obispo
Creston,San Luis Obispo
Grover Beach,San Luis Obispo
Harmony,San Luis Obispo
Morro Bay,San Luis Obispo
Morro Bay,San Luis Obispo
Nipomo,San Luis Obispo
Oceano,San Luis Obispo
Paso Robles,San Luis Obispo
Paso Robles,San Luis Obispo
Pismo Beach,San Luis Obispo
Pismo Beach,San Luis Obispo
San Miguel,San Luis Obispo
San Simeon,San Luis Obispo
Santa Margarita,San Luis Obispo
Shandon,San Luis Obispo
Templeton,San Luis Obispo
Oceano,San Luis Obispo
Grover Beach,San Luis Obispo
Belmont,San Mateo
Brisbane,San Mateo
Burlingame,San Mateo
Burlingame,San Mateo
Daly City,San Mateo
Daly City,San Mateo
Daly City,San Mateo
Daly City,San Mateo
El Granada,San Mateo
Half Moon Bay,San Mateo
La Honda,San Mateo
Loma Mar,San Mateo
Menlo Park,San Mateo
Menlo Park,San Mateo
Atherton,San Mateo
Portola Valley,San Mateo
Millbrae,San Mateo
Montara,San Mateo
Moss Beach,San Mateo
Pacifica,San Mateo
Pescadero,San Mateo
Redwood City,San Mateo
Redwood City,San Mateo
Redwood City,San Mateo
Redwood City,San Mateo
Redwood City,San Mateo
San Bruno,San Mateo
San Carlos,San Mateo
San Gregorio,San Mateo
South San Francisco,San Mateo
South San Francisco,San Mateo
San Francisco,San Mateo
Palo Alto,San Mateo
San Mateo,San Mateo
San Mateo,San Mateo
San Mateo,San Mateo
San Mateo,San Mateo
San Mateo,San Mateo
Carpinteria,Santa Barbara
Carpinteria,Santa Barbara
Summerland,Santa Barbara
Santa Barbara,Santa Barbara
Santa Barbara,Santa Barbara
Santa Barbara,Santa Barbara
Santa Barbara,Santa Barbara
Santa Barbara,Santa Barbara
Santa Barbara,Santa Barbara
Santa Barbara,Santa Barbara
Santa Barbara,Santa Barbara
Santa Barbara,Santa Barbara
Santa Barbara,Santa Barbara
Goleta,Santa Barbara
Goleta,Santa Barbara
Goleta,Santa Barbara
Santa Barbara,Santa Barbara
Santa Barbara,Santa Barbara
Santa Barbara,Santa Barbara
Santa Barbara,Santa Barbara
Santa Barbara,Santa Barbara
Santa Barbara,Santa Barbara
Santa Barbara,Santa Barbara
Goleta,Santa Barbara
New Cuyama,Santa Barbara
Buellton,Santa Barbara
Casmalia,Santa Barbara
Guadalupe,Santa Barbara
Lompoc,Santa Barbara
Lompoc,Santa Barbara
Lompoc,Santa Barbara
Los Alamos,Santa Barbara
Los Olivos,Santa Barbara
Santa Maria,Santa Barbara
Santa Maria,Santa Barbara
Santa Maria,Santa Barbara
Santa Maria,Santa Barbara
Santa Maria,Santa Barbara
Santa Ynez,Santa Barbara
Solvang,Santa Barbara
Solvang,Santa Barbara
Los Altos,Santa Clara
Los Altos,Santa Clara
Los Altos,Santa Clara
Mountain View,Santa Clara
Mountain View,Santa Clara
Mountain View,Santa Clara
Mountain View,Santa Clara
Mountain View,Santa Clara
Mountain View,Santa Clara
Sunnyvale,Santa Clara
Sunnyvale,Santa Clara
Sunnyvale,Santa Clara
Sunnyvale,Santa Clara
Sunnyvale,Santa Clara
Palo Alto,Santa Clara
Palo Alto,Santa Clara
Palo Alto,Santa Clara
Stanford,Santa Clara
Palo Alto,Santa Clara
Palo Alto,Santa Clara
Alviso,Santa Clara
Campbell,Santa Clara
Campbell,Santa Clara
Campbell,Santa Clara
Coyote,Santa Clara
Cupertino,Santa Clara
Cupertino,Santa Clara
Gilroy,Santa Clara
Gilroy,Santa Clara
Holy City,Santa Clara
Los Gatos,Santa Clara
Los Gatos,Santa Clara
Los Gatos,Santa Clara
Los Gatos,Santa Clara
Milpitas,Santa Clara
Milpitas,Santa Clara
Morgan Hill,Santa Clara
Morgan Hill,Santa Clara
New Almaden,Santa Clara
Redwood Estates,Santa Clara
San Martin,Santa Clara
Santa Clara,Santa Clara
Santa Clara,Santa Clara
Santa Clara,Santa Clara
Santa Clara,Santa Clara
Santa Clara,Santa Clara
Santa Clara,Santa Clara
Santa Clara,Santa Clara
Saratoga,Santa Clara
Saratoga,Santa Clara
San Jose,Santa Clara
San Jose,Santa Clara
San Jose,Santa Clara
San Jose,Santa Clara
San Jose,Santa Clara
San Jose,Santa Clara
San Jose,Santa Clara
San Jose,Santa Clara
San Jose,Santa Clara
San Jose,Santa Clara
San Jose,Santa Clara
San Jose,Santa Clara
San Jose,Santa Clara
San Jose,Santa Clara
San Jose,Santa Clara
San Jose,Santa Clara
San Jose,Santa Clara
San Jose,Santa Clara
San Jose,Santa Clara
San Jose,Santa Clara
San Jose,Santa Clara
San Jose,Santa Clara
San Jose,Santa Clara
San Jose,Santa Clara
San Jose,Santa Clara
San Jose,Santa Clara
San Jose,Santa Clara
San Jose,Santa Clara
San Jose,Santa Clara
San Jose,Santa Clara
San Jose,Santa Clara
San Jose,Santa Clara
San Jose,Santa Clara
Mount Hamilton,Santa Clara
San Jose,Santa Clara
San Jose,Santa Clara
San Jose,Santa Clara
San Jose,Santa Clara
San Jose,Santa Clara
San Jose,Santa Clara
San Jose,Santa Clara
San Jose,Santa Clara
San Jose,Santa Clara
San Jose,Santa Clara
San Jose,Santa Clara
San Jose,Santa Clara
San Jose,Santa Clara
San Jose,Santa Clara
San Jose,Santa Clara
San Jose,Santa Clara
San Jose,Santa Clara
San Jose,Santa Clara
San Jose,Santa Clara
San Jose,Santa Clara
San Jose,Santa Clara
San Jose,Santa Clara
San Jose,Santa Clara
San Jose,Santa Clara
Aptos,Santa Cruz
Aptos,Santa Cruz
Ben Lomond,Santa Cruz
Boulder Creek,Santa Cruz
Brookdale,Santa Cruz
Capitola,Santa Cruz
Davenport,Santa Cruz
Felton,Santa Cruz
Freedom,Santa Cruz
Mount Hermon,Santa Cruz
Santa Cruz,Santa Cruz
Santa Cruz,Santa Cruz
Santa Cruz,Santa Cruz
Santa Cruz,Santa Cruz
Santa Cruz,Santa Cruz
Santa Cruz,Santa Cruz
Scotts Valley,Santa Cruz
Scotts Valley,Santa Cruz
Soquel,Santa Cruz
Watsonville,Santa Cruz
Watsonville,Santa Cruz
Redding,Shasta
Redding,Shasta
Redding,Shasta
Anderson,Shasta
Bella Vista,Shasta
Big Bend,Shasta
Burney,Shasta
Cassel,Shasta
Castella,Shasta
Shasta Lake,Shasta
Cottonwood,Shasta
Fall River Mills,Shasta
French Gulch,Shasta
Hat Creek,Shasta
Igo,Shasta
Redding,Shasta
Lakehead,Shasta
Mcarthur,Shasta
Millville,Shasta
Montgomery Creek,Shasta
Oak Run,Shasta
Obrien,Shasta
Old Station,Shasta
Palo Cedro,Shasta
Platina,Shasta
Shasta Lake,Shasta
Round Mountain,Shasta
Shasta,Shasta
Shingletown,Shasta
Shasta Lake,Shasta
Whiskeytown,Shasta
Whitmore,Shasta
Redding,Shasta
Alleghany,Sierra
Downieville,Sierra
Goodyears Bar,Sierra
Loyalton,Sierra
Calpine,Sierra
Sierra City,Sierra
Sierraville,Sierra
Somes Bar,Siskiyou
Callahan,Siskiyou
Dorris,Siskiyou
Dunsmuir,Siskiyou
Etna,Siskiyou
Forks Of Salmon,Siskiyou
Fort Jones,Siskiyou
Gazelle,Siskiyou
Greenview,Siskiyou
Grenada,Siskiyou
Happy Camp,Siskiyou
Hornbrook,Siskiyou
Klamath River,Siskiyou
Mccloud,Siskiyou
Macdoel,Siskiyou
Montague,Siskiyou
Mount Shasta,Siskiyou
Scott Bar,Siskiyou
Seiad Valley,Siskiyou
Weed,Siskiyou
Yreka,Siskiyou
Tulelake,Siskiyou
Benicia,Solano
Birds Landing,Solano
Fairfield,Solano
Fairfield,Solano
Travis Afb,Solano
Rio Vista,Solano
Suisun City,Solano
Vallejo,Solano
Vallejo,Solano
Vallejo,Solano
Vallejo,Solano
Dixon,Solano
Elmira,Solano
Vacaville,Solano
Vacaville,Solano
Vacaville,Solano
Bodega,Sonoma
Bodega Bay,Sonoma
Rohnert Park,Sonoma
Rohnert Park,Sonoma
Rohnert Park,Sonoma
Cotati,Sonoma
Penngrove,Sonoma
Petaluma,Sonoma
Petaluma,Sonoma
Petaluma,Sonoma
Petaluma,Sonoma
Valley Ford,Sonoma
Petaluma,Sonoma
Petaluma,Sonoma
Santa Rosa,Sonoma
Santa Rosa,Sonoma
Santa Rosa,Sonoma
Santa Rosa,Sonoma
Santa Rosa,Sonoma
Santa Rosa,Sonoma
Santa Rosa,Sonoma
Santa Rosa,Sonoma
Annapolis,Sonoma
Boyes Hot Springs,Sonoma
Camp Meeker,Sonoma
Cazadero,Sonoma
Cloverdale,Sonoma
Duncans Mills,Sonoma
Eldridge,Sonoma
El Verano,Sonoma
Forestville,Sonoma
Fulton,Sonoma
Geyserville,Sonoma
Glen Ellen,Sonoma
Graton,Sonoma
Guerneville,Sonoma
Healdsburg,Sonoma
Jenner,Sonoma
Kenwood,Sonoma
Monte Rio,Sonoma
Occidental,Sonoma
Rio Nido,Sonoma
Sebastopol,Sonoma
Sebastopol,Sonoma
Sonoma,Sonoma
Stewarts Point,Sonoma
Villa Grande,Sonoma
Vineburg,Sonoma
Windsor,Sonoma
The Sea Ranch,Sonoma
Ceres,Stanislaus
Crows Landing,Stanislaus
Denair,Stanislaus
Empire,Stanislaus
Hickman,Stanislaus
Hughson,Stanislaus
Keyes,Stanislaus
La Grange,Stanislaus
Modesto,Stanislaus
Modesto,Stanislaus
Modesto,Stanislaus
Modesto,Stanislaus
Modesto,Stanislaus
Modesto,Stanislaus
Modesto,Stanislaus
Modesto,Stanislaus
Modesto,Stanislaus
Newman,Stanislaus
Oakdale,Stanislaus
Patterson,Stanislaus
Riverbank,Stanislaus
Salida,Stanislaus
Turlock,Stanislaus
Turlock,Stanislaus
Turlock,Stanislaus
Waterford,Stanislaus
Westley,Stanislaus
Modesto,Stanislaus
Nicolaus,Sutter
Pleasant Grove,Sutter
Rio Oso,Sutter
Robbins,Sutter
Live Oak,Sutter
Meridian,Sutter
Sutter,Sutter
Yuba City,Sutter
Yuba City,Sutter
Yuba City,Sutter
Corning,Tehama
Flournoy,Tehama
Gerber,Tehama
Los Molinos,Tehama
Manton,Tehama
Mill Creek,Tehama
Mineral,Tehama
Paskenta,Tehama
Paynes Creek,Tehama
Proberta,Tehama
Red Bluff,Tehama
Tehama,Tehama
Vina,Tehama
Burnt Ranch,Trinity
Mad River,Trinity
Salyer,Trinity
Zenia,Trinity
Big Bar,Trinity
Douglas City,Trinity
Hayfork,Trinity
Hyampom,Trinity
Junction City,Trinity
Lewiston,Trinity
Trinity Center,Trinity
Weaverville,Trinity
Alpaugh,Tulare
California Hot Springs,Tulare
Camp Nelson,Tulare
Ducor,Tulare
Earlimart,Tulare
Exeter,Tulare
Farmersville,Tulare
Goshen,Tulare
Ivanhoe,Tulare
Kaweah,Tulare
Lemon Cove,Tulare
Lindsay,Tulare
Pixley,Tulare
Porterville,Tulare
Porterville,Tulare
Posey,Tulare
Richgrove,Tulare
Sequoia National Park,Tulare
Springville,Tulare
Strathmore,Tulare
Terra Bella,Tulare
Three Rivers,Tulare
Tipton,Tulare
Tulare,Tulare
Tulare,Tulare
Visalia,Tulare
Visalia,Tulare
Visalia,Tulare
Waukena,Tulare
Woodlake,Tulare
Visalia,Tulare
Visalia,Tulare
Visalia,Tulare
Badger,Tulare
Cutler,Tulare
Dinuba,Tulare
Clovis,Tulare
Kings Canyon National Pk,Tulare
Orosi,Tulare
Sultana,Tulare
Yettem,Tulare
Traver,Tulare
Big Oak Flat,Tuolumne
Chinese Camp,Tuolumne
Columbia,Tuolumne
Groveland,Tuolumne
Jamestown,Tuolumne
Long Barn,Tuolumne
Mi Wuk Village,Tuolumne
Moccasin,Tuolumne
Pinecrest,Tuolumne
Sonora,Tuolumne
Soulsbyville,Tuolumne
Standard,Tuolumne
Strawberry,Tuolumne
Tuolumne,Tuolumne
Twain Harte,Tuolumne
Newbury Park,Ventura
Newbury Park,Ventura
Thousand Oaks,Ventura
Westlake Village,Ventura
Thousand Oaks,Ventura
Westlake Village,Ventura
Thousand Oaks,Ventura
Oak Park,Ventura
Ventura,Ventura
Ventura,Ventura
Ventura,Ventura
Ventura,Ventura
Ventura,Ventura
Ventura,Ventura
Ventura,Ventura
Ventura,Ventura
Camarillo,Ventura
Camarillo,Ventura
Camarillo,Ventura
Fillmore,Ventura
Fillmore,Ventura
Moorpark,Ventura
Moorpark,Ventura
Oak View,Ventura
Ojai,Ventura
Ojai,Ventura
Oxnard,Ventura
Oxnard,Ventura
Oxnard,Ventura
Oxnard,Ventura
Oxnard,Ventura
Oxnard,Ventura
Oxnard,Ventura
Piru,Ventura
Port Hueneme,Ventura
Point Mugu Nawc,Ventura
Port Hueneme Cbc Base,Ventura
Port Hueneme,Ventura
Santa Paula,Ventura
Santa Paula,Ventura
Simi Valley,Ventura
Simi Valley,Ventura
Brandeis,Ventura
Simi Valley,Ventura
Somis,Ventura
Simi Valley,Ventura
Simi Valley,Ventura
West Sacramento,Yolo
Brooks,Yolo
Capay,Yolo
Clarksburg,Yolo
Davis,Yolo
Davis,Yolo
Davis,Yolo
Esparto,Yolo
Guinda,Yolo
Knights Landing,Yolo
Madison,Yolo
Rumsey,Yolo
West Sacramento,Yolo
Winters,Yolo
Woodland,Yolo
Yolo,Yolo
Zamora,Yolo
Woodland,Yolo
West Sacramento,Yolo
West Sacramento,Yolo
Dunnigan,Yolo
Wheatland,Yuba
Marysville,Yuba
Beale Afb,Yuba
Browns Valley,Yuba
Brownsville,Yuba
Camptonville,Yuba
Challenge,Yuba
Dobbins,Yuba
Olivehurst,Yuba
Oregon House,Yuba
Rackerby,Yuba
Strawberry Valley,Yuba
Aurora,Adams
Aurora,Adams
Commerce City,Adams
Dupont,Adams
Westminster,Adams
Westminster,Adams
Westminster,Adams
Westminster,Adams
Commerce City,Adams
Aurora,Adams
Aurora,Adams
Aurora,Adams
Bennett,Adams
Strasburg,Adams
Watkins,Adams
Denver,Adams
Denver,Adams
Denver,Adams
Denver,Adams
Thornton,Adams
Denver,Adams
Brighton,Adams
Brighton,Adams
Brighton,Adams
Eastlake,Adams
Henderson,Adams
Alamosa,Alamosa
Alamosa,Alamosa
Hooper,Alamosa
Mosca,Alamosa
Aurora,Arapahoe
Aurora,Arapahoe
Aurora,Arapahoe
Aurora,Arapahoe
Aurora,Arapahoe
Aurora,Arapahoe
Aurora,Arapahoe
Aurora,Arapahoe
Aurora,Arapahoe
Aurora,Arapahoe
Aurora,Arapahoe
Aurora,Arapahoe
Byers,Arapahoe
Deer Trail,Arapahoe
Englewood,Arapahoe
Englewood,Arapahoe
Englewood,Arapahoe
Englewood,Arapahoe
Littleton,Arapahoe
Littleton,Arapahoe
Littleton,Arapahoe
Englewood,Arapahoe
Englewood,Arapahoe
Englewood,Arapahoe
Littleton,Arapahoe
Littleton,Arapahoe
Littleton,Arapahoe
Littleton,Arapahoe
Arboles,Archuleta
Chromo,Archuleta
Pagosa Springs,Archuleta
Pagosa Springs,Archuleta
Campo,Baca
Pritchett,Baca
Springfield,Baca
Two Buttes,Baca
Vilas,Baca
Walsh,Baca
Fort Lyon,Bent
Hasty,Bent
Las Animas,Bent
Mc Clave,Bent
Broomfield,Boulder
Eldorado Springs,Boulder
Lafayette,Boulder
Louisville,Boulder
Broomfield,Boulder
Boulder,Boulder
Boulder,Boulder
Boulder,Boulder
Boulder,Boulder
Boulder,Boulder
Boulder,Boulder
Boulder,Boulder
Boulder,Boulder
Boulder,Boulder
Boulder,Boulder
Boulder,Boulder
Jamestown,Boulder
Nederland,Boulder
Pinecliffe,Boulder
Ward,Boulder
Longmont,Boulder
Longmont,Boulder
Longmont,Boulder
Allenspark,Boulder
Hygiene,Boulder
Lyons,Boulder
Niwot,Boulder
Broomfield,Broomfield
Salida,Chaffee
Buena Vista,Chaffee
Monarch,Chaffee
Granite,Chaffee
Nathrop,Chaffee
Poncha Springs,Chaffee
Arapahoe,Cheyenne
Cheyenne Wells,Cheyenne
Kit Carson,Cheyenne
Wild Horse,Cheyenne
Dumont,Clear Creek
Empire,Clear Creek
Georgetown,Clear Creek
Idaho Springs,Clear Creek
Silver Plume,Clear Creek
Antonito,Conejos
Capulin,Conejos
Conejos,Conejos
La Jara,Conejos
Manassa,Conejos
Romeo,Conejos
Sanford,Conejos
Blanca,Costilla
Chama,Costilla
Fort Garland,Costilla
Jaroso,Costilla
San Luis,Costilla
Crowley,Crowley
Crowley,Crowley
Olney Springs,Crowley
Ordway,Crowley
Sugar City,Crowley
Westcliffe,Custer
Wetmore,Custer
Austin,Delta
Cedaredge,Delta
Cory,Delta
Crawford,Delta
Delta,Delta
Eckert,Delta
Hotchkiss,Delta
Lazear,Delta
Paonia,Delta
Denver,Denver
Denver,Denver
Denver,Denver
Denver,Denver
Denver,Denver
Denver,Denver
Denver,Denver
Denver,Denver
Denver,Denver
Denver,Denver
Denver,Denver
Denver,Denver
Denver,Denver
Denver,Denver
Denver,Denver
Denver,Denver
Denver,Denver
Denver,Denver
Denver,Denver
Denver,Denver
Denver,Denver
Denver,Denver
Denver,Denver
Denver,Denver
Denver,Denver
Denver,Denver
Denver,Denver
Denver,Denver
Denver,Denver
Denver,Denver
Denver,Denver
Denver,Denver
Denver,Denver
Denver,Denver
Denver,Denver
Denver,Denver
Denver,Denver
Denver,Denver
Denver,Denver
Denver,Denver
Denver,Denver
Denver,Denver
Denver,Denver
Denver,Denver
Denver,Denver
Denver,Denver
Denver,Denver
Denver,Denver
Denver,Denver
Denver,Denver
Denver,Denver
Denver,Denver
Denver,Denver
Denver,Denver
Denver,Denver
Cahone,Dolores
Dove Creek,Dolores
Rico,Dolores
Castle Rock,Douglas
Castle Rock,Douglas
Castle Rock,Douglas
Franktown,Douglas
Larkspur,Douglas
Lone Tree,Douglas
Littleton,Douglas
Littleton,Douglas
Littleton,Douglas
Littleton,Douglas
Louviers,Douglas
Parker,Douglas
Sedalia,Douglas
Parker,Douglas
Littleton,Douglas
Bond,Eagle
Burns,Eagle
Mc Coy,Eagle
Avon,Eagle
Basalt,Eagle
Eagle,Eagle
Edwards,Eagle
Gypsum,Eagle
Minturn,Eagle
Red Cliff,Eagle
Wolcott,Eagle
Vail,Eagle
Vail,Eagle
Agate,Elbert
Elbert,Elbert
Elizabeth,Elbert
Kiowa,Elbert
Matheson,Elbert
Simla,Elbert
Monument,El Paso
Palmer Lake,El Paso
Calhan,El Paso
Cascade,El Paso
Fountain,El Paso
Green Mountain Falls,El Paso
Manitou Springs,El Paso
Peyton,El Paso
Ramah,El Paso
Rush,El Paso
Usaf Academy,El Paso
Usaf Academy,El Paso
Yoder,El Paso
Colorado Springs,El Paso
Colorado Springs,El Paso
Colorado Springs,El Paso
Colorado Springs,El Paso
Colorado Springs,El Paso
Colorado Springs,El Paso
Colorado Springs,El Paso
Colorado Springs,El Paso
Colorado Springs,El Paso
Colorado Springs,El Paso
Colorado Springs,El Paso
Colorado Springs,El Paso
Colorado Springs,El Paso
Colorado Springs,El Paso
Colorado Springs,El Paso
Colorado Springs,El Paso
Colorado Springs,El Paso
Colorado Springs,El Paso
Colorado Springs,El Paso
Colorado Springs,El Paso
Colorado Springs,El Paso
Colorado Springs,El Paso
Colorado Springs,El Paso
Colorado Springs,El Paso
Colorado Springs,El Paso
Colorado Springs,El Paso
Colorado Springs,El Paso
Colorado Springs,El Paso
Colorado Springs,El Paso
Colorado Springs,El Paso
Colorado Springs,El Paso
Colorado Springs,El Paso
Colorado Springs,El Paso
Colorado Springs,El Paso
Colorado Springs,El Paso
Colorado Springs,El Paso
Colorado Springs,El Paso
Colorado Springs,El Paso
Colorado Springs,El Paso
Colorado Springs,El Paso
Colorado Springs,El Paso
Colorado Springs,El Paso
Colorado Springs,El Paso
Colorado Springs,El Paso
Colorado Springs,El Paso
Colorado Springs,El Paso
Colorado Springs,El Paso
Colorado Springs,El Paso
Colorado Springs,El Paso
Colorado Springs,El Paso
Colorado Springs,El Paso
Colorado Springs,El Paso
Colorado Springs,El Paso
Canon City,Fremont
Canon City,Fremont
Coal Creek,Fremont
Coaldale,Fremont
Cotopaxi,Fremont
Florence,Fremont
Hillside,Fremont
Howard,Fremont
Penrose,Fremont
Rockvale,Fremont
Florence,Fremont
Glenwood Springs,Garfield
Glenwood Springs,Garfield
Carbondale,Garfield
Parachute,Garfield
Battlement Mesa,Garfield
New Castle,Garfield
Rifle,Garfield
Silt,Garfield
Black Hawk,Gilpin
Central City,Gilpin
Rollinsville,Gilpin
Fraser,Grand
Granby,Grand
Grand Lake,Grand
Hot Sulphur Springs,Grand
Kremmling,Grand
Parshall,Grand
Tabernash,Grand
Winter Park,Grand
Almont,Gunnison
Crested Butte,Gunnison
Crested Butte,Gunnison
Gunnison,Gunnison
Gunnison,Gunnison
Ohio City,Gunnison
Parlin,Gunnison
Pitkin,Gunnison
Powderhorn,Gunnison
Somerset,Gunnison
Lake City,Hinsdale
Gardner,Huerfano
La Veta,Huerfano
Walsenburg,Huerfano
Coalmont,Jackson
Cowdrey,Jackson
Rand,Jackson
Walden,Jackson
Arvada,Jefferson
Arvada,Jefferson
Arvada,Jefferson
Arvada,Jefferson
Arvada,Jefferson
Arvada,Jefferson
Arvada,Jefferson
Broomfield,Jefferson
Wheat Ridge,Jefferson
Wheat Ridge,Jefferson
Littleton,Jefferson
Littleton,Jefferson
Littleton,Jefferson
Littleton,Jefferson
Denver,Jefferson
Denver,Jefferson
Denver,Jefferson
Denver,Jefferson
Denver,Jefferson
Denver,Jefferson
Golden,Jefferson
Golden,Jefferson
Golden,Jefferson
Golden,Jefferson
Buffalo Creek,Jefferson
Conifer,Jefferson
Evergreen,Jefferson
Evergreen,Jefferson
Idledale,Jefferson
Indian Hills,Jefferson
Kittredge,Jefferson
Morrison,Jefferson
Pine,Jefferson
Arlington,Kiowa
Eads,Kiowa
Haswell,Kiowa
Sheridan Lake,Kiowa
Bethune,Kit Carson
Burlington,Kit Carson
Flagler,Kit Carson
Seibert,Kit Carson
Stratton,Kit Carson
Vona,Kit Carson
Climax,Lake
Leadville,Lake
Twin Lakes,Lake
Bayfield,La Plata
Ignacio,La Plata
Durango,La Plata
Durango,La Plata
Durango,La Plata
Hesperus,La Plata
Marvel,La Plata
Estes Park,Larimer
Bellvue,Larimer
Berthoud,Larimer
Drake,Larimer
Estes Park,Larimer
Fort Collins,Larimer
Fort Collins,Larimer
Fort Collins,Larimer
Fort Collins,Larimer
Fort Collins,Larimer
Fort Collins,Larimer
Fort Collins,Larimer
Fort Collins,Larimer
Glen Haven,Larimer
Laporte,Larimer
Livermore,Larimer
Loveland,Larimer
Loveland,Larimer
Loveland,Larimer
Masonville,Larimer
Red Feather Lakes,Larimer
Timnath,Larimer
Wellington,Larimer
Fort Collins,Larimer
Aguilar,Las Animas
Boncarbo,Las Animas
Branson,Las Animas
Hoehne,Las Animas
Kim,Las Animas
Model,Las Animas
Trinchera,Las Animas
Trinidad,Las Animas
Weston,Las Animas
Arriba,Lincoln
Genoa,Lincoln
Hugo,Lincoln
Karval,Lincoln
Limon,Lincoln
Limon,Lincoln
Atwood,Logan
Crook,Logan
Fleming,Logan
Iliff,Logan
Merino,Logan
Padroni,Logan
Peetz,Logan
Sterling,Logan
Grand Junction,Mesa
Grand Junction,Mesa
Grand Junction,Mesa
Grand Junction,Mesa
Grand Junction,Mesa
Grand Junction,Mesa
Grand Junction,Mesa
Clifton,Mesa
Fruita,Mesa
Gateway,Mesa
Glade Park,Mesa
Loma,Mesa
Mack,Mesa
Palisade,Mesa
Whitewater,Mesa
Collbran,Mesa
De Beque,Mesa
Mesa,Mesa
Molina,Mesa
Creede,Mineral
Dinosaur,Moffat
Craig,Moffat
Craig,Moffat
Dinosaur,Moffat
Hamilton,Moffat
Maybell,Moffat
Slater,Moffat
Cortez,Montezuma
Dolores,Montezuma
Lewis,Montezuma
Mancos,Montezuma
Mesa Verde National Park,Montezuma
Pleasant View,Montezuma
Towaoc,Montezuma
Yellow Jacket,Montezuma
Cimarron,Montrose
Montrose,Montrose
Montrose,Montrose
Montrose,Montrose
Bedrock,Montrose
Naturita,Montrose
Nucla,Montrose
Olathe,Montrose
Paradox,Montrose
Redvale,Montrose
Orchard,Morgan
Weldona,Morgan
Wiggins,Morgan
Fort Morgan,Morgan
Log Lane Village,Morgan
Brush,Morgan
Hillrose,Morgan
Snyder,Morgan
Cheraw,Otero
Fowler,Otero
La Junta,Otero
Manzanola,Otero
Rocky Ford,Otero
Swink,Otero
Ouray,Ouray
Ridgway,Ouray
Alma,Park
Bailey,Park
Como,Park
Fairplay,Park
Grant,Park
Hartsel,Park
Jefferson,Park
Shawnee,Park
Guffey,Park
Lake George,Park
Amherst,Phillips
Haxtun,Phillips
Holyoke,Phillips
Paoli,Phillips
Aspen,Pitkin
Aspen,Pitkin
Snowmass Village,Pitkin
Meredith,Pitkin
Snowmass,Pitkin
Woody Creek,Pitkin
Granada,Prowers
Hartman,Prowers
Holly,Prowers
Lamar,Prowers
Wiley,Prowers
Pueblo,Pueblo
Pueblo,Pueblo
Pueblo,Pueblo
Pueblo,Pueblo
Pueblo,Pueblo
Pueblo,Pueblo
Pueblo,Pueblo
Pueblo,Pueblo
Pueblo,Pueblo
Pueblo,Pueblo
Pueblo,Pueblo
Pueblo,Pueblo
Colorado City,Pueblo
Avondale,Pueblo
Beulah,Pueblo
Boone,Pueblo
Rye,Pueblo
Meeker,Rio Blanco
Rangely,Rio Blanco
Del Norte,Rio Grande
Homelake,Rio Grande
Monte Vista,Rio Grande
South Fork,Rio Grande
Clark,Routt
Oak Creek,Routt
Phippsburg,Routt
Steamboat Springs,Routt
Toponas,Routt
Yampa,Routt
Steamboat Springs,Routt
Steamboat Springs,Routt
Hayden,Routt
Center,Saguache
Crestone,Saguache
Moffat,Saguache
Saguache,Saguache
Villa Grove,Saguache
Sargents,Saguache
Silverton,San Juan
Egnar,San Miguel
Norwood,San Miguel
Ophir,San Miguel
Placerville,San Miguel
Telluride,San Miguel
Julesburg,Sedgwick
Ovid,Sedgwick
Sedgwick,Sedgwick
Breckenridge,Summit
Dillon,Summit
Frisco,Summit
Silverthorne,Summit
Silverthorne,Summit
Cripple Creek,Teller
Divide,Teller
Florissant,Teller
Victor,Teller
Woodland Park,Teller
Woodland Park,Teller
Akron,Washington
Lindon,Washington
Otis,Washington
Woodrow,Washington
Anton,Washington
Cope,Washington
Longmont,Weld
Dacono,Weld
Erie,Weld
Firestone,Weld
Frederick,Weld
Johnstown,Weld
Mead,Weld
Milliken,Weld
Severance,Weld
Windsor,Weld
Windsor,Weld
Ault,Weld
Briggsdale,Weld
Carr,Weld
Eaton,Weld
Evans,Weld
Fort Lupton,Weld
Galeton,Weld
Gilcrest,Weld
Gill,Weld
Greeley,Weld
Greeley,Weld
Greeley,Weld
Greeley,Weld
Greeley,Weld
Greeley,Weld
Hudson,Weld
Keenesburg,Weld
Kersey,Weld
La Salle,Weld
Lucerne,Weld
Nunn,Weld
Pierce,Weld
Platteville,Weld
Roggen,Weld
Grover,Weld
Hereford,Weld
New Raymer,Weld
Stoneham,Weld
Eckley,Yuma
Idalia,Yuma
Vernon,Yuma
Wray,Yuma
Yuma,Yuma
Joes,Yuma
Kirk,Yuma
Botsford,Fairfield
Hawleyville,Fairfield
Monroe,Fairfield
Newtown,Fairfield
Sandy Hook,Fairfield
Shelton,Fairfield
Stevenson,Fairfield
Bridgeport,Fairfield
Bridgeport,Fairfield
Bridgeport,Fairfield
Bridgeport,Fairfield
Bridgeport,Fairfield
Bridgeport,Fairfield
Bridgeport,Fairfield
Bridgeport,Fairfield
Trumbull,Fairfield
Easton,Fairfield
Stratford,Fairfield
Stratford,Fairfield
Bridgeport,Fairfield
Bridgeport,Fairfield
Sherman,Fairfield
Bethel,Fairfield
Brookfield,Fairfield
Cos Cob,Fairfield
Danbury,Fairfield
Danbury,Fairfield
New Fairfield,Fairfield
Danbury,Fairfield
Danbury,Fairfield
Danbury,Fairfield
Danbury,Fairfield
Darien,Fairfield
Fairfield,Fairfield
Fairfield,Fairfield
Fairfield,Fairfield
Georgetown,Fairfield
Greenwich,Fairfield
Greenwich,Fairfield
Greenwich,Fairfield
Greens Farms,Fairfield
New Canaan,Fairfield
Norwalk,Fairfield
Norwalk,Fairfield
Norwalk,Fairfield
Norwalk,Fairfield
Norwalk,Fairfield
Norwalk,Fairfield
Norwalk,Fairfield
Norwalk,Fairfield
Norwalk,Fairfield
Norwalk,Fairfield
Old Greenwich,Fairfield
Redding Center,Fairfield
Redding Ridge,Fairfield
Ridgefield,Fairfield
Riverside,Fairfield
Ridgefield,Fairfield
Westport,Fairfield
Westport,Fairfield
Weston,Fairfield
Westport,Fairfield
Westport,Fairfield
Southport,Fairfield
Redding,Fairfield
Wilton,Fairfield
Stamford,Fairfield
Stamford,Fairfield
Stamford,Fairfield
Stamford,Fairfield
Stamford,Fairfield
Stamford,Fairfield
Stamford,Fairfield
Stamford,Fairfield
Stamford,Fairfield
Stamford,Fairfield
Stamford,Fairfield
Stamford,Fairfield
Stamford,Fairfield
Stamford,Fairfield
Stamford,Fairfield
Stamford,Fairfield
Stamford,Fairfield
Avon,Hartford
Bloomfield,Hartford
Windsor,Hartford
Bristol,Hartford
Bristol,Hartford
Burlington,Hartford
Broad Brook,Hartford
Canton,Hartford
Canton Center,Hartford
Collinsville,Hartford
East Berlin,Hartford
East Glastonbury,Hartford
East Granby,Hartford
East Hartland,Hartford
East Windsor Hill,Hartford
Farmington,Hartford
Farmington,Hartford
Glastonbury,Hartford
Farmington,Hartford
Granby,Hartford
Berlin,Hartford
Manchester,Hartford
Manchester,Hartford
Manchester,Hartford
Manchester,Hartford
New Britain,Hartford
New Britain,Hartford
New Britain,Hartford
New Britain,Hartford
North Canton,Hartford
North Granby,Hartford
Plainville,Hartford
Poquonock,Hartford
Rocky Hill,Hartford
Simsbury,Hartford
South Glastonbury,Hartford
South Windsor,Hartford
Suffield,Hartford
Suffield,Hartford
Tariffville,Hartford
Enfield,Hartford
Enfield,Hartford
Unionville,Hartford
Unionville,Hartford
East Windsor,Hartford
Weatogue,Hartford
West Granby,Hartford
West Hartland,Hartford
West Simsbury,Hartford
West Suffield,Hartford
Windsor,Hartford
Windsor Locks,Hartford
Hartford,Hartford
Hartford,Hartford
Hartford,Hartford
Hartford,Hartford
Hartford,Hartford
Hartford,Hartford
West Hartford,Hartford
East Hartford,Hartford
Wethersfield,Hartford
West Hartford,Hartford
Newington,Hartford
Hartford,Hartford
Hartford,Hartford
Hartford,Hartford
West Hartford,Hartford
East Hartford,Hartford
West Hartford,Hartford
Hartford,Hartford
Hartford,Hartford
Hartford,Hartford
West Hartford,Hartford
East Hartford,Hartford
Wethersfield,Hartford
Newington,Hartford
Hartford,Hartford
West Hartford,Hartford
Hartford,Hartford
West Hartford,Hartford
East Hartford,Hartford
Hartford,Hartford
Hartford,Hartford
Hartford,Hartford
Hartford,Hartford
Hartford,Hartford
Hartford,Hartford
Hartford,Hartford
Hartford,Hartford
Hartford,Hartford
Hartford,Hartford
Hartford,Hartford
Hartford,Hartford
Hartford,Hartford
Hartford,Hartford
Hartford,Hartford
Hartford,Hartford
Hartford,Hartford
Hartford,Hartford
Hartford,Hartford
Hartford,Hartford
Hartford,Hartford
Hartford,Hartford
Marion,Hartford
Marlborough,Hartford
Milldale,Hartford
Plantsville,Hartford
Southington,Hartford
Canaan,Litchfield
Colebrook,Litchfield
East Canaan,Litchfield
Falls Village,Litchfield
Lakeville,Litchfield
New Hartford,Litchfield
Norfolk,Litchfield
Pine Meadow,Litchfield
Barkhamsted,Litchfield
Riverton,Litchfield
Salisbury,Litchfield
Sharon,Litchfield
Taconic,Litchfield
Winchester Center,Litchfield
Winsted,Litchfield
Bantam,Litchfield
Bethlehem,Litchfield
Bridgewater,Litchfield
Cornwall,Litchfield
Cornwall Bridge,Litchfield
Gaylordsville,Litchfield
Goshen,Litchfield
Kent,Litchfield
Lakeside,Litchfield
Litchfield,Litchfield
Morris,Litchfield
New Milford,Litchfield
New Preston Marble Dale,Litchfield
Northfield,Litchfield
Oakville,Litchfield
Pequabuck,Litchfield
Plymouth,Litchfield
Roxbury,Litchfield
South Kent,Litchfield
Terryville,Litchfield
Thomaston,Litchfield
Torrington,Litchfield
Harwinton,Litchfield
Torrington,Litchfield
Washington,Litchfield
Washington Depot,Litchfield
Watertown,Litchfield
West Cornwall,Litchfield
Woodbury,Litchfield
Centerbrook,Middlesex
Chester,Middlesex
Clinton,Middlesex
Cobalt,Middlesex
Cromwell,Middlesex
Deep River,Middlesex
Killingworth,Middlesex
Durham,Middlesex
East Haddam,Middlesex
East Hampton,Middlesex
Essex,Middlesex
Haddam,Middlesex
Higganum,Middlesex
Ivoryton,Middlesex
Middlefield,Middlesex
Middle Haddam,Middlesex
Middletown,Middlesex
Middletown,Middlesex
Moodus,Middlesex
Old Saybrook,Middlesex
Portland,Middlesex
Rockfall,Middlesex
Westbrook,Middlesex
Ansonia,New Haven
Beacon Falls,New Haven
Branford,New Haven
Cheshire,New Haven
Cheshire,New Haven
Cheshire,New Haven
Derby,New Haven
Guilford,New Haven
Madison,New Haven
Meriden,New Haven
Meriden,New Haven
Milford,New Haven
Milford,New Haven
North Branford,New Haven
Northford,New Haven
North Haven,New Haven
Orange,New Haven
Oxford,New Haven
Seymour,New Haven
South Britain,New Haven
Southbury,New Haven
Wallingford,New Haven
Wallingford,New Haven
Wallingford,New Haven
Wallingford,New Haven
New Haven,New Haven
New Haven,New Haven
New Haven,New Haven
New Haven,New Haven
New Haven,New Haven
New Haven,New Haven
New Haven,New Haven
New Haven,New Haven
New Haven,New Haven
New Haven,New Haven
New Haven,New Haven
New Haven,New Haven
New Haven,New Haven
Hamden,New Haven
New Haven,New Haven
West Haven,New Haven
Hamden,New Haven
Hamden,New Haven
New Haven,New Haven
New Haven,New Haven
New Haven,New Haven
Bethany,New Haven
New Haven,New Haven
New Haven,New Haven
New Haven,New Haven
New Haven,New Haven
New Haven,New Haven
New Haven,New Haven
New Haven,New Haven
New Haven,New Haven
New Haven,New Haven
New Haven,New Haven
New Haven,New Haven
Waterbury,New Haven
Waterbury,New Haven
Waterbury,New Haven
Waterbury,New Haven
Waterbury,New Haven
Waterbury,New Haven
Waterbury,New Haven
Waterbury,New Haven
Prospect,New Haven
Wolcott,New Haven
Waterbury,New Haven
Waterbury,New Haven
Waterbury,New Haven
Waterbury,New Haven
Waterbury,New Haven
Waterbury,New Haven
Waterbury,New Haven
Waterbury,New Haven
Middlebury,New Haven
Naugatuck,New Haven
Lebanon,New London
North Franklin,New London
New London,New London
Baltic,New London
East Lyme,New London
Bozrah,New London
Gales Ferry,New London
Gilman,New London
Mashantucket,New London
Ledyard,New London
Groton,New London
Groton,New London
Hanover,New London
Jewett City,New London
Montville,New London
Mystic,New London
Niantic,New London
North Stonington,New London
Norwich,New London
Preston,New London
Oakdale,New London
Old Lyme,New London
Old Mystic,New London
Quaker Hill,New London
South Lyme,New London
Stonington,New London
Pawcatuck,New London
Taftville,New London
Uncasville,New London
Versailles,New London
Voluntown,New London
Waterford,New London
West Mystic,New London
Yantic,New London
Colchester,New London
Salem,New London
Hadlyme,New London
North Westchester,New London
Ellington,Tolland
Bolton,Tolland
Vernon Rockville,Tolland
Somers,Tolland
Somersville,Tolland
Stafford,Tolland
Stafford Springs,Tolland
Staffordville,Tolland
Tolland,Tolland
Amston,Tolland
Andover,Tolland
Columbia,Tolland
Coventry,Tolland
Hebron,Tolland
Mansfield Center,Tolland
Mansfield Depot,Tolland
South Willington,Tolland
Storrs Mansfield,Tolland
Storrs Mansfield,Tolland
Willington,Tolland
Willimantic,Windham
Abington,Windham
Ballouville,Windham
Brooklyn,Windham
Chaplin,Windham
Danielson,Windham
Dayville,Windham
Eastford,Windham
East Killingly,Windham
East Woodstock,Windham
Fabyan,Windham
Grosvenor Dale,Windham
Hampton,Windham
North Grosvenordale,Windham
North Windham,Windham
Pomfret,Windham
Pomfret Center,Windham
Putnam,Windham
Quinebaug,Windham
Rogers,Windham
Scotland,Windham
South Windham,Windham
South Woodstock,Windham
Thompson,Windham
Ashford,Windham
Windham,Windham
Woodstock,Windham
Woodstock Valley,Windham
Canterbury,Windham
Central Village,Windham
Moosup,Windham
Oneco,Windham
Plainfield,Windham
Sterling,Windham
Wauregan,Windham
Washington,District of Columbia
Washington,District of Columbia
Washington,District of Columbia
Washington,District of Columbia
Washington,District of Columbia
Washington,District of Columbia
Washington,District of Columbia
Washington,District of Columbia
Washington,District of Columbia
Washington,District of Columbia
Washington,District of Columbia
Washington,District of Columbia
Washington,District of Columbia
Washington,District of Columbia
Washington,District of Columbia
Washington,District of Columbia
Washington,District of Columbia
Washington,District of Columbia
Washington,District of Columbia
Washington,District of Columbia
Washington,District of Columbia
Washington,District of Columbia
Washington,District of Columbia
Washington,District of Columbia
Washington,District of Columbia
Washington,District of Columbia
Washington,District of Columbia
Washington,District of Columbia
Washington,District of Columbia
Washington,District of Columbia
Washington,District of Columbia
Washington,District of Columbia
Washington,District of Columbia
Washington,District of Columbia
Washington,District of Columbia
Washington,District of Columbia
Washington,District of Columbia
Washington,District of Columbia
Washington,District of Columbia
Washington,District of Columbia
Washington,District of Columbia
Washington,District of Columbia
Washington,District of Columbia
Washington,District of Columbia
Washington,District of Columbia
Washington,District of Columbia
Washington,District of Columbia
Washington,District of Columbia
Washington,District of Columbia
Washington,District of Columbia
Washington,District of Columbia
Washington,District of Columbia
Washington,District of Columbia
Washington,District of Columbia
Washington,District of Columbia
Washington,District of Columbia
Washington,District of Columbia
Washington,District of Columbia
Washington,District of Columbia
Washington,District of Columbia
Washington,District of Columbia
Washington,District of Columbia
Washington,District of Columbia
Washington,District of Columbia
Washington,District of Columbia
Washington,District of Columbia
Washington,District of Columbia
Washington,District of Columbia
Washington,District of Columbia
Washington,District of Columbia
Washington,District of Columbia
Washington,District of Columbia
Washington,District of Columbia
Washington,District of Columbia
Washington,District of Columbia
Washington,District of Columbia
Washington,District of Columbia
Washington,District of Columbia
Washington,District of Columbia
Washington,District of Columbia
Washington,District of Columbia
Washington,District of Columbia
Washington,District of Columbia
Washington,District of Columbia
Washington,District of Columbia
Washington,District of Columbia
Washington,District of Columbia
Washington,District of Columbia
Washington,District of Columbia
Washington,District of Columbia
Washington,District of Columbia
Washington,District of Columbia
Washington,District of Columbia
Washington,District of Columbia
Washington,District of Columbia
Washington,District of Columbia
Washington,District of Columbia
Washington,District of Columbia
Washington,District of Columbia
Washington,District of Columbia
Washington,District of Columbia
Washington,District of Columbia
Washington,District of Columbia
Washington,District of Columbia
Washington,District of Columbia
Washington,District of Columbia
Washington,District of Columbia
Washington,District of Columbia
Washington,District of Columbia
Washington,District of Columbia
Washington,District of Columbia
Washington,District of Columbia
Washington,District of Columbia
Washington,District of Columbia
Washington,District of Columbia
Washington,District of Columbia
Washington,District of Columbia
Washington,District of Columbia
Washington,District of Columbia
Washington,District of Columbia
Washington,District of Columbia
Washington,District of Columbia
Washington,District of Columbia
Washington,District of Columbia
Washington,District of Columbia
Washington,District of Columbia
Washington,District of Columbia
Washington,District of Columbia
Washington,District of Columbia
Washington,District of Columbia
Washington,District of Columbia
Washington,District of Columbia
Washington,District of Columbia
Washington,District of Columbia
Washington,District of Columbia
Washington,District of Columbia
Washington,District of Columbia
Naval Anacost Annex,District of Columbia
Washington Navy Yard,District of Columbia
Washington,District of Columbia
Washington Navy Yard,District of Columbia
Washington,District of Columbia
Washington Navy Yard,District of Columbia
Washington,District of Columbia
Washington,District of Columbia
Washington Navy Yard,District of Columbia
Washington,District of Columbia
Washington,District of Columbia
Washington,District of Columbia
Washington,District of Columbia
Washington Navy Yard,District of Columbia
Washington,District of Columbia
Washington,District of Columbia
Washington,District of Columbia
Washington,District of Columbia
Washington,District of Columbia
Washington,District of Columbia
Washington,District of Columbia
Washington,District of Columbia
Washington,District of Columbia
Washington,District of Columbia
Washington,District of Columbia
Washington,District of Columbia
Washington,District of Columbia
Washington,District of Columbia
Washington,District of Columbia
Washington,District of Columbia
Washington,District of Columbia
Washington,District of Columbia
Washington,District of Columbia
Washington,District of Columbia
Washington,District of Columbia
Washington,District of Columbia
Washington,District of Columbia
Washington,District of Columbia
Washington,District of Columbia
Washington,District of Columbia
Washington,District of Columbia
Washington,District of Columbia
Washington,District of Columbia
Washington,District of Columbia
Washington,District of Columbia
Washington,District of Columbia
Washington,District of Columbia
Washington,District of Columbia
Washington,District of Columbia
Washington,District of Columbia
Washington,District of Columbia
Washington,District of Columbia
Washington,District of Columbia
Washington,District of Columbia
Washington,District of Columbia
Washington,District of Columbia
Washington,District of Columbia
Washington,District of Columbia
Washington,District of Columbia
Washington,District of Columbia
Washington,District of Columbia
Washington,District of Columbia
Washington,District of Columbia
Washington,District of Columbia
Washington,District of Columbia
Washington,District of Columbia
Washington,District of Columbia
Washington,District of Columbia
Washington,District of Columbia
Washington,District of Columbia
Washington,District of Columbia
Washington,District of Columbia
Washington,District of Columbia
Washington,District of Columbia
Washington,District of Columbia
Washington,District of Columbia
Washington,District of Columbia
Washington,District of Columbia
Washington,District of Columbia
Washington,District of Columbia
Washington,District of Columbia
Washington,District of Columbia
Washington,District of Columbia
Washington,District of Columbia
Washington,District of Columbia
Washington,District of Columbia
Washington,District of Columbia
Washington,District of Columbia
Washington,District of Columbia
Washington,District of Columbia
Washington,District of Columbia
Washington,District of Columbia
Washington,District of Columbia
Washington,District of Columbia
Washington,District of Columbia
Washington,District of Columbia
Washington,District of Columbia
Washington,District of Columbia
Washington,District of Columbia
Washington,District of Columbia
Washington,District of Columbia
Washington,District of Columbia
Washington,District of Columbia
Washington,District of Columbia
Washington,District of Columbia
Washington,District of Columbia
Washington,District of Columbia
Washington,District of Columbia
Washington,District of Columbia
Washington,District of Columbia
Washington,District of Columbia
Washington,District of Columbia
Washington,District of Columbia
Washington,District of Columbia
Washington,District of Columbia
Washington,District of Columbia
Washington,District of Columbia
Washington,District of Columbia
Washington,District of Columbia
Washington,District of Columbia
Washington,District of Columbia
Washington,District of Columbia
Washington,District of Columbia
Washington,District of Columbia
Washington,District of Columbia
Washington,District of Columbia
Washington,District of Columbia
Washington,District of Columbia
Washington,District of Columbia
Washington,District of Columbia
Washington,District of Columbia
Washington,District of Columbia
Washington,District of Columbia
Washington,District of Columbia
Washington,District of Columbia
Washington,District of Columbia
Washington,District of Columbia
Washington,District of Columbia
Washington,District of Columbia
Washington,District of Columbia
Dover,Kent
Dover Afb,Kent
Dover,Kent
Dover,Kent
Dover,Kent
Dover,Kent
Camden Wyoming,Kent
Cheswold,Kent
Clayton,Kent
Felton,Kent
Frederica,Kent
Harrington,Kent
Hartly,Kent
Houston,Kent
Kenton,Kent
Little Creek,Kent
Magnolia,Kent
Marydel,Kent
Smyrna,Kent
Viola,Kent
Woodside,Kent
Bear,New Castle
Newark,New Castle
Claymont,New Castle
Delaware City,New Castle
Hockessin,New Castle
Kirkwood,New Castle
Middletown,New Castle
Montchanin,New Castle
Newark,New Castle
Newark,New Castle
Newark,New Castle
Newark,New Castle
Newark,New Castle
Newark,New Castle
Newark,New Castle
Newark,New Castle
New Castle,New Castle
New Castle,New Castle
Newark,New Castle
New Castle,New Castle
Odessa,New Castle
Port Penn,New Castle
Rockland,New Castle
Saint Georges,New Castle
Townsend,New Castle
Winterthur,New Castle
Yorklyn,New Castle
Wilmington,New Castle
Wilmington,New Castle
Wilmington,New Castle
Wilmington,New Castle
Wilmington,New Castle
Wilmington,New Castle
Wilmington,New Castle
Wilmington,New Castle
Wilmington,New Castle
Wilmington,New Castle
Wilmington,New Castle
Wilmington,New Castle
Wilmington,New Castle
Wilmington,New Castle
Wilmington,New Castle
Wilmington,New Castle
Wilmington,New Castle
Wilmington,New Castle
Wilmington,New Castle
Wilmington,New Castle
Wilmington,New Castle
Wilmington,New Castle
Wilmington,New Castle
Wilmington,New Castle
Wilmington,New Castle
Bethany Beach,Sussex
Bethel,Sussex
Bridgeville,Sussex
Dagsboro,Sussex
Delmar,Sussex
Ellendale,Sussex
Fenwick Island,Sussex
Frankford,Sussex
Georgetown,Sussex
Greenwood,Sussex
Harbeson,Sussex
Laurel,Sussex
Lewes,Sussex
Lincoln,Sussex
Milford,Sussex
Millsboro,Sussex
Millville,Sussex
Milton,Sussex
Nassau,Sussex
Ocean View,Sussex
Rehoboth Beach,Sussex
Seaford,Sussex
Selbyville,Sussex
Gainesville,Alachua
Gainesville,Alachua
Gainesville,Alachua
Gainesville,Alachua
Gainesville,Alachua
Gainesville,Alachua
Gainesville,Alachua
Gainesville,Alachua
Gainesville,Alachua
Gainesville,Alachua
Gainesville,Alachua
Gainesville,Alachua
Gainesville,Alachua
Alachua,Alachua
Alachua,Alachua
Archer,Alachua
Gainesville,Alachua
Earleton,Alachua
Evinston,Alachua
Gainesville,Alachua
Hawthorne,Alachua
Gainesville,Alachua
High Springs,Alachua
Gainesville,Alachua
Island Grove,Alachua
High Springs,Alachua
La Crosse,Alachua
Lochloosa,Alachua
Micanopy,Alachua
Newberry,Alachua
Waldo,Alachua
Glen Saint Mary,Baker
Macclenny,Baker
Olustee,Baker
Sanderson,Baker
Panama City,Bay
Panama City,Bay
Panama City,Bay
Panama City,Bay
Panama City,Bay
Panama City,Bay
Panama City Beach,Bay
Panama City,Bay
Panama City,Bay
Mexico Beach,Bay
Panama City,Bay
Panama City,Bay
Panama City Beach,Bay
Panama City,Bay
Fountain,Bay
Lynn Haven,Bay
Youngstown,Bay
Graham,Bradford
Hampton,Bradford
Lawtey,Bradford
Starke,Bradford
Brooker,Bradford
Mims,Brevard
Scottsmoor,Brevard
Titusville,Brevard
Titusville,Brevard
Titusville,Brevard
Titusville,Brevard
Orlando,Brevard
Orlando,Brevard
Melbourne,Brevard
Melbourne,Brevard
Indialantic,Brevard
Melbourne,Brevard
Palm Bay,Brevard
Palm Bay,Brevard
Palm Bay,Brevard
Palm Bay,Brevard
Palm Bay,Brevard
Palm Bay,Brevard
Palm Bay,Brevard
Melbourne,Brevard
Melbourne,Brevard
Cape Canaveral,Brevard
Cocoa,Brevard
Cocoa,Brevard
Cocoa,Brevard
Patrick Afb,Brevard
Cocoa,Brevard
Cocoa,Brevard
Cocoa Beach,Brevard
Cocoa Beach,Brevard
Melbourne,Brevard
Melbourne,Brevard
Melbourne,Brevard
Satellite Beach,Brevard
Melbourne,Brevard
Melbourne,Brevard
Grant,Brevard
Malabar,Brevard
Melbourne Beach,Brevard
Merritt Island,Brevard
Merritt Island,Brevard
Merritt Island,Brevard
Rockledge,Brevard
Rockledge,Brevard
Sharpes,Brevard
Sebastian,Brevard
Dania,Broward
Hallandale,Broward
Hallandale,Broward
Hollywood,Broward
Hollywood,Broward
Hollywood,Broward
Hollywood,Broward
Hollywood,Broward
Hollywood,Broward
Hollywood,Broward
Hollywood,Broward
Hollywood,Broward
Pembroke Pines,Broward
Hollywood,Broward
Pompano Beach,Broward
Pompano Beach,Broward
Pompano Beach,Broward
Pompano Beach,Broward
Pompano Beach,Broward
Pompano Beach,Broward
Pompano Beach,Broward
Pompano Beach,Broward
Pompano Beach,Broward
Pompano Beach,Broward
Pompano Beach,Broward
Pompano Beach,Broward
Pompano Beach,Broward
Pompano Beach,Broward
Coral Springs,Broward
Pompano Beach,Broward
Pompano Beach,Broward
Hollywood,Broward
Pembroke Pines,Broward
Hollywood,Broward
Hollywood,Broward
Margate,Broward
Coconut Creek,Broward
Fort Lauderdale,Broward
Fort Lauderdale,Broward
Fort Lauderdale,Broward
Fort Lauderdale,Broward
Fort Lauderdale,Broward
Fort Lauderdale,Broward
Fort Lauderdale,Broward
Fort Lauderdale,Broward
Fort Lauderdale,Broward
Fort Lauderdale,Broward
Fort Lauderdale,Broward
Fort Lauderdale,Broward
Fort Lauderdale,Broward
Fort Lauderdale,Broward
Fort Lauderdale,Broward
Fort Lauderdale,Broward
Fort Lauderdale,Broward
Fort Lauderdale,Broward
Fort Lauderdale,Broward
Fort Lauderdale,Broward
Fort Lauderdale,Broward
Fort Lauderdale,Broward
Fort Lauderdale,Broward
Fort Lauderdale,Broward
Fort Lauderdale,Broward
Fort Lauderdale,Broward
Fort Lauderdale,Broward
Fort Lauderdale,Broward
Fort Lauderdale,Broward
Fort Lauderdale,Broward
Fort Lauderdale,Broward
Fort Lauderdale,Broward
Fort Lauderdale,Broward
Fort Lauderdale,Broward
Fort Lauderdale,Broward
Fort Lauderdale,Broward
Fort Lauderdale,Broward
Fort Lauderdale,Broward
Fort Lauderdale,Broward
Fort Lauderdale,Broward
Fort Lauderdale,Broward
Fort Lauderdale,Broward
Fort Lauderdale,Broward
Fort Lauderdale,Broward
Fort Lauderdale,Broward
Fort Lauderdale,Broward
Plantation,Broward
Fort Lauderdale,Broward
Deerfield Beach,Broward
Deerfield Beach,Broward
Deerfield Beach,Broward
Lehigh Acres,Broward
Altha,Calhoun
Blountstown,Calhoun
Clarksville,Calhoun
Wewahitchka,Calhoun
El Jobean,Charlotte
Murdock,Charlotte
Placida,Charlotte
Rotonda West,Charlotte
Port Charlotte,Charlotte
Port Charlotte,Charlotte
Punta Gorda,Charlotte
Punta Gorda,Charlotte
Port Charlotte,Charlotte
Port Charlotte,Charlotte
Port Charlotte,Charlotte
Punta Gorda,Charlotte
Punta Gorda,Charlotte
Port Charlotte,Charlotte
Punta Gorda,Charlotte
Punta Gorda,Charlotte
Crystal River,Citrus
Crystal River,Citrus
Crystal River,Citrus
Dunnellon,Citrus
Dunnellon,Citrus
Floral City,Citrus
Hernando,Citrus
Hernando,Citrus
Holder,Citrus
Homosassa,Citrus
Homosassa Springs,Citrus
Homosassa,Citrus
Inverness,Citrus
Inverness,Citrus
Inverness,Citrus
Inverness,Citrus
Lecanto,Citrus
Lecanto,Citrus
Beverly Hills,Citrus
Beverly Hills,Citrus
Homosassa,Citrus
Fleming Island,Clay
Fleming Island,Clay
Doctors Inlet,Clay
Green Cove Springs,Clay
Middleburg,Clay
Orange Park,Clay
Orange Park,Clay
Middleburg,Clay
Orange Park,Clay
Penney Farms,Clay
Lake Geneva,Clay
Keystone Heights,Clay
Naples,Collier
Naples,Collier
Naples,Collier
Naples,Collier
Naples,Collier
Naples,Collier
Naples,Collier
Naples,Collier
Naples,Collier
Naples,Collier
Naples,Collier
Naples,Collier
Naples,Collier
Naples,Collier
Naples,Collier
Naples,Collier
Naples,Collier
Copeland,Collier
Chokoloskee,Collier
Everglades City,Collier
Goodland,Collier
Ochopee,Collier
Immokalee,Collier
Immokalee,Collier
Marco Island,Collier
Marco Island,Collier
Lake City,Columbia
Lake City,Columbia
Fort White,Columbia
Lake City,Columbia
Lake City,Columbia
Lulu,Columbia
Arcadia,DeSoto
Arcadia,DeSoto
Fort Ogden,DeSoto
Nocatee,DeSoto
Arcadia,DeSoto
Cross City,Dixie
Horseshoe Beach,Dixie
Old Town,Dixie
Suwannee,Dixie
Jacksonville,Duval
Jacksonville,Duval
Jacksonville,Duval
Jacksonville,Duval
Jacksonville,Duval
Jacksonville,Duval
Jacksonville,Duval
Jacksonville,Duval
Jacksonville,Duval
Jacksonville,Duval
Jacksonville,Duval
Jacksonville,Duval
Jacksonville,Duval
Jacksonville,Duval
Jacksonville,Duval
Jacksonville,Duval
Jacksonville,Duval
Jacksonville,Duval
Jacksonville,Duval
Jacksonville,Duval
Jacksonville,Duval
Jacksonville,Duval
Jacksonville,Duval
Jacksonville,Duval
Jacksonville,Duval
Jacksonville,Duval
Jacksonville,Duval
Jacksonville,Duval
Jacksonville,Duval
Jacksonville,Duval
Atlantic Beach,Duval
Jacksonville,Duval
Jacksonville,Duval
Jacksonville,Duval
Jacksonville,Duval
Jacksonville,Duval
Jacksonville,Duval
Jacksonville Beach,Duval
Jacksonville,Duval
Jacksonville,Duval
Jacksonville,Duval
Jacksonville,Duval
Jacksonville,Duval
Jacksonville Beach,Duval
Jacksonville,Duval
Jacksonville,Duval
Jacksonville,Duval
Jacksonville,Duval
Jacksonville,Duval
Neptune Beach,Duval
Jacksonville,Duval
Pensacola,Escambia
Pensacola,Escambia
Pensacola,Escambia
Pensacola,Escambia
Pensacola,Escambia
Pensacola,Escambia
Pensacola,Escambia
Pensacola,Escambia
Pensacola,Escambia
Pensacola,Escambia
Pensacola,Escambia
Pensacola,Escambia
Pensacola,Escambia
Pensacola,Escambia
Pensacola,Escambia
Pensacola,Escambia
Pensacola,Escambia
Pensacola,Escambia
Pensacola,Escambia
Pensacola,Escambia
Cantonment,Escambia
Pensacola,Escambia
Century,Escambia
Pensacola,Escambia
Gonzalez,Escambia
Mc David,Escambia
Molino,Escambia
Pensacola,Escambia
Bunnell,Flagler
Palm Coast,Flagler
Flagler Beach,Flagler
Palm Coast,Flagler
Palm Coast,Flagler
Palm Coast,Flagler
Palm Coast,Flagler
Tallahassee,Franklin
Apalachicola,Franklin
Carrabelle,Franklin
Lanark Village,Franklin
Eastpoint,Franklin
Apalachicola,Franklin
Chattahoochee,Gadsden
Greensboro,Gadsden
Gretna,Gadsden
Havana,Gadsden
Midway,Gadsden
Quincy,Gadsden
Quincy,Gadsden
Quincy,Gadsden
Bell,Gilchrist
Trenton,Gilchrist
Moore Haven,Glades
Palmdale,Glades
Port Saint Joe,Gulf
Port Saint Joe,Gulf
Wewahitchka,Gulf
Jasper,Hamilton
Jennings,Hamilton
White Springs,Hamilton
Bowling Green,Hardee
Ona,Hardee
Wauchula,Hardee
Zolfo Springs,Hardee
Clewiston,Hendry
Felda,Hendry
Labelle,Hendry
Labelle,Hendry
Brooksville,Hernando
Brooksville,Hernando
Brooksville,Hernando
Brooksville,Hernando
Brooksville,Hernando
Spring Hill,Hernando
Spring Hill,Hernando
Spring Hill,Hernando
Spring Hill,Hernando
Spring Hill,Hernando
Brooksville,Hernando
Brooksville,Hernando
Istachatta,Hernando
Nobleton,Hernando
Avon Park,Highlands
Avon Park,Highlands
Lake Placid,Highlands
Lorida,Highlands
Lake Placid,Highlands
Sebring,Highlands
Sebring,Highlands
Sebring,Highlands
Sebring,Highlands
Sebring,Highlands
Venus,Highlands
Balm,Hillsborough
Brandon,Hillsborough
Brandon,Hillsborough
Brandon,Hillsborough
Brandon,Hillsborough
Dover,Hillsborough
Durant,Hillsborough
Gibsonton,Hillsborough
Lithia,Hillsborough
Lutz,Hillsborough
Lutz,Hillsborough
Mango,Hillsborough
Odessa,Hillsborough
Lutz,Hillsborough
Plant City,Hillsborough
Plant City,Hillsborough
Plant City,Hillsborough
Plant City,Hillsborough
Plant City,Hillsborough
Riverview,Hillsborough
Riverview,Hillsborough
Ruskin,Hillsborough
Sun City Center,Hillsborough
Apollo Beach,Hillsborough
Sun City Center,Hillsborough
Ruskin,Hillsborough
Riverview,Hillsborough
Seffner,Hillsborough
Seffner,Hillsborough
Sun City,Hillsborough
Sydney,Hillsborough
Thonotosassa,Hillsborough
Valrico,Hillsborough
Valrico,Hillsborough
Valrico,Hillsborough
Wimauma,Hillsborough
Tampa,Hillsborough
Tampa,Hillsborough
Tampa,Hillsborough
Tampa,Hillsborough
Tampa,Hillsborough
Tampa,Hillsborough
Tampa,Hillsborough
Tampa,Hillsborough
Tampa,Hillsborough
Tampa,Hillsborough
Tampa,Hillsborough
Tampa,Hillsborough
Tampa,Hillsborough
Tampa,Hillsborough
Tampa,Hillsborough
Tampa,Hillsborough
Tampa,Hillsborough
Tampa,Hillsborough
Tampa,Hillsborough
Tampa,Hillsborough
Tampa,Hillsborough
Tampa,Hillsborough
Tampa,Hillsborough
Tampa,Hillsborough
Tampa,Hillsborough
Tampa,Hillsborough
Tampa,Hillsborough
Tampa,Hillsborough
Tampa,Hillsborough
Tampa,Hillsborough
Tampa,Hillsborough
Tampa,Hillsborough
Tampa,Hillsborough
Tampa,Hillsborough
Tampa,Hillsborough
Tampa,Hillsborough
Tampa,Hillsborough
Tampa,Hillsborough
Tampa,Hillsborough
Tampa,Hillsborough
Tampa,Hillsborough
Tampa,Hillsborough
Tampa,Hillsborough
Tampa,Hillsborough
Tampa,Hillsborough
Tampa,Hillsborough
Tampa,Hillsborough
Tampa,Hillsborough
Tampa,Hillsborough
Tampa,Hillsborough
Tampa,Hillsborough
Tampa,Hillsborough
Tampa,Hillsborough
Tampa,Hillsborough
Tampa,Hillsborough
Tampa,Hillsborough
Tampa,Hillsborough
Tampa,Hillsborough
Bonifay,Holmes
Noma,Holmes
Ponce De Leon,Holmes
Westville,Holmes
Fellsmere,Indian River
Roseland,Indian River
Sebastian,Indian River
Vero Beach,Indian River
Vero Beach,Indian River
Vero Beach,Indian River
Vero Beach,Indian River
Vero Beach,Indian River
Vero Beach,Indian River
Vero Beach,Indian River
Vero Beach,Indian River
Vero Beach,Indian River
Vero Beach,Indian River
Wabasso,Indian River
Winter Beach,Indian River
Sebastian,Indian River
Alford,Jackson
Bascom,Jackson
Campbellton,Jackson
Cottondale,Jackson
Cypress,Jackson
Graceville,Jackson
Grand Ridge,Jackson
Greenwood,Jackson
Malone,Jackson
Marianna,Jackson
Marianna,Jackson
Marianna,Jackson
Sneads,Jackson
Lamont,Jefferson
Lloyd,Jefferson
Monticello,Jefferson
Monticello,Jefferson
Wacissa,Jefferson
Debary,Jefferson
Day,Lafayette
Mayo,Lafayette
Astor,Lake
Lady Lake,Lake
Lady Lake,Lake
Altoona,Lake
Eustis,Lake
Eustis,Lake
Grand Island,Lake
Eustis,Lake
Mount Dora,Lake
Mount Dora,Lake
Paisley,Lake
Sorrento,Lake
Tavares,Lake
Umatilla,Lake
Astatula,Lake
Clermont,Lake
Clermont,Lake
Clermont,Lake
Clermont,Lake
Ferndale,Lake
Fruitland Park,Lake
Groveland,Lake
Howey In The Hills,Lake
Leesburg,Lake
Leesburg,Lake
Mascotte,Lake
Minneola,Lake
Montverde,Lake
Okahumpka,Lake
Leesburg,Lake
Leesburg,Lake
Yalaha,Lake
Fort Myers,Lee
Fort Myers,Lee
North Fort Myers,Lee
Cape Coral,Lee
Fort Myers,Lee
Fort Myers,Lee
Fort Myers,Lee
Fort Myers,Lee
Cape Coral,Lee
Cape Coral,Lee
Fort Myers,Lee
Fort Myers,Lee
Fort Myers,Lee
Cape Coral,Lee
Cape Coral,Lee
Fort Myers,Lee
North Fort Myers,Lee
North Fort Myers,Lee
Fort Myers,Lee
Alva,Lee
Boca Grande,Lee
Bokeelia,Lee
Captiva,Lee
Estero,Lee
Estero,Lee
Fort Myers Beach,Lee
Fort Myers Beach,Lee
Lehigh Acres,Lee
Pineland,Lee
Saint James City,Lee
Sanibel,Lee
Fort Myers,Lee
Fort Myers,Lee
Lehigh Acres,Lee
Lehigh Acres,Lee
Lehigh Acres,Lee
Lehigh Acres,Lee
Lehigh Acres,Lee
Cape Coral,Lee
Cape Coral,Lee
Cape Coral,Lee
Fort Myers,Lee
Bonita Springs,Lee
Bonita Springs,Lee
Bonita Springs,Lee
Bonita Springs,Lee
Tallahassee,Leon
Tallahassee,Leon
Tallahassee,Leon
Tallahassee,Leon
Tallahassee,Leon
Tallahassee,Leon
Tallahassee,Leon
Tallahassee,Leon
Tallahassee,Leon
Tallahassee,Leon
Tallahassee,Leon
Tallahassee,Leon
Tallahassee,Leon
Tallahassee,Leon
Tallahassee,Leon
Tallahassee,Leon
Tallahassee,Leon
Woodville,Leon
Tallahassee,Leon
Tallahassee,Leon
Bronson,Levy
Cedar Key,Levy
Chiefland,Levy
Gulf Hammock,Levy
Chiefland,Levy
Morriston,Levy
Otter Creek,Levy
Williston,Levy
Inglis,Levy
Yankeetown,Levy
Bristol,Liberty
Hosford,Liberty
Sumatra,Liberty
Telogia,Liberty
Lee,Madison
Greenville,Madison
Madison,Madison
Madison,Madison
Pinetta,Madison
Bradenton,Manatee
Bradenton,Manatee
Bradenton,Manatee
Bradenton,Manatee
Bradenton,Manatee
Bradenton,Manatee
Bradenton,Manatee
Bradenton,Manatee
Bradenton,Manatee
Bradenton,Manatee
Bradenton,Manatee
Bradenton,Manatee
Cortez,Manatee
Anna Maria,Manatee
Bradenton Beach,Manatee
Holmes Beach,Manatee
Parrish,Manatee
Palmetto,Manatee
Palmetto,Manatee
Ellenton,Manatee
Longboat Key,Manatee
Sarasota,Manatee
Terra Ceia,Manatee
Myakka City,Manatee
Manasota,Manatee
Oneco,Manatee
Tallevast,Manatee
Bradenton,Manatee
Bradenton,Manatee
Bradenton,Manatee
Candler,Marion
Citra,Marion
Eastlake Weir,Marion
Fort Mc Coy,Marion
Ocklawaha,Marion
Orange Springs,Marion
Ocklawaha,Marion
Sparr,Marion
Weirsdale,Marion
Anthony,Marion
Fairfield,Marion
Lowell,Marion
Mc Intosh,Marion
Orange Lake,Marion
Reddick,Marion
Belleview,Marion
Belleview,Marion
Dunnellon,Marion
Dunnellon,Marion
Dunnellon,Marion
Ocala,Marion
Ocala,Marion
Ocala,Marion
Ocala,Marion
Ocala,Marion
Ocala,Marion
Ocala,Marion
Ocala,Marion
Ocala,Marion
Ocala,Marion
Ocala,Marion
Ocala,Marion
Ocala,Marion
Ocala,Marion
Silver Springs,Marion
Silver Springs,Marion
Summerfield,Marion
Summerfield,Marion
Hobe Sound,Martin
Hobe Sound,Martin
Indiantown,Martin
Jensen Beach,Martin
Jensen Beach,Martin
Palm City,Martin
Palm City,Martin
Port Salerno,Martin
Stuart,Martin
Stuart,Martin
Stuart,Martin
Stuart,Martin
Hialeah,Miami-Dade
Hialeah,Miami-Dade
Hialeah,Miami-Dade
Hialeah,Miami-Dade
Hialeah,Miami-Dade
Hialeah,Miami-Dade
Hialeah,Miami-Dade
Hialeah,Miami-Dade
Hialeah,Miami-Dade
Hialeah,Miami-Dade
Homestead,Miami-Dade
Homestead,Miami-Dade
Homestead,Miami-Dade
Homestead,Miami-Dade
Homestead,Miami-Dade
Homestead,Miami-Dade
Homestead,Miami-Dade
Opa Locka,Miami-Dade
Opa Locka,Miami-Dade
Miami Gardens,Miami-Dade
Homestead,Miami-Dade
Homestead,Miami-Dade
Miami,Miami-Dade
Miami,Miami-Dade
Miami,Miami-Dade
Miami Beach,Miami-Dade
Miami,Miami-Dade
Coral Gables,Miami-Dade
Miami,Miami-Dade
Miami Beach,Miami-Dade
Miami,Miami-Dade
Miami,Miami-Dade
Miami,Miami-Dade
Miami,Miami-Dade
Miami,Miami-Dade
Miami,Miami-Dade
Miami,Miami-Dade
Miami,Miami-Dade
Miami,Miami-Dade
Miami,Miami-Dade
Miami,Miami-Dade
Miami,Miami-Dade
Miami,Miami-Dade
Miami,Miami-Dade
Miami,Miami-Dade
Miami,Miami-Dade
Miami Beach,Miami-Dade
Miami Beach,Miami-Dade
Miami Beach,Miami-Dade
Miami,Miami-Dade
Miami,Miami-Dade
Miami,Miami-Dade
Miami,Miami-Dade
Miami,Miami-Dade
Miami,Miami-Dade
Key Biscayne,Miami-Dade
Miami,Miami-Dade
Miami,Miami-Dade
Miami,Miami-Dade
Miami,Miami-Dade
Miami Beach,Miami-Dade
Miami,Miami-Dade
Miami,Miami-Dade
Miami,Miami-Dade
Miami,Miami-Dade
North Miami Beach,Miami-Dade
Miami,Miami-Dade
Miami,Miami-Dade
Miami,Miami-Dade
Miami,Miami-Dade
Miami,Miami-Dade
Miami,Miami-Dade
Miami,Miami-Dade
Miami,Miami-Dade
Miami,Miami-Dade
Miami,Miami-Dade
Miami,Miami-Dade
Miami,Miami-Dade
Miami,Miami-Dade
Miami,Miami-Dade
Miami,Miami-Dade
Miami,Miami-Dade
Miami,Miami-Dade
Miami,Miami-Dade
Miami,Miami-Dade
Miami,Miami-Dade
Miami,Miami-Dade
Miami,Miami-Dade
Miami,Miami-Dade
Miami,Miami-Dade
Miami,Miami-Dade
Miami,Miami-Dade
Miami,Miami-Dade
Miami,Miami-Dade
Miami,Miami-Dade
Miami,Miami-Dade
Miami,Miami-Dade
Miami,Miami-Dade
Miami,Miami-Dade
Miami,Miami-Dade
Miami,Miami-Dade
Miami,Miami-Dade
Miami,Miami-Dade
Miami,Miami-Dade
Miami,Miami-Dade
Miami,Miami-Dade
Miami,Miami-Dade
Miami,Miami-Dade
Miami,Miami-Dade
Miami,Miami-Dade
Miami Beach,Miami-Dade
Miami,Miami-Dade
Miami,Miami-Dade
Miami,Miami-Dade
Miami,Miami-Dade
Miami,Miami-Dade
Miami,Miami-Dade
Miami,Miami-Dade
Miami,Miami-Dade
Miami,Miami-Dade
Miami,Miami-Dade
Miami,Miami-Dade
Miami,Miami-Dade
Miami,Miami-Dade
Miami,Miami-Dade
Miami,Miami-Dade
Long Key,Monroe
Islamorada,Monroe
Key Largo,Monroe
Key West,Monroe
Key West,Monroe
Summerland Key,Monroe
Big Pine Key,Monroe
Key West,Monroe
Marathon,Monroe
Key Colony Beach,Monroe
Marathon Shores,Monroe
Tavernier,Monroe
Bryceville,Nassau
Callahan,Nassau
Fernandina Beach,Nassau
Fernandina Beach,Nassau
Yulee,Nassau
Hilliard,Nassau
Yulee,Nassau
Baker,Okaloosa
Crestview,Okaloosa
Milligan,Okaloosa
Crestview,Okaloosa
Destin,Okaloosa
Destin,Okaloosa
Eglin Afb,Okaloosa
Hurlburt Field,Okaloosa
Fort Walton Beach,Okaloosa
Fort Walton Beach,Okaloosa
Fort Walton Beach,Okaloosa
Holt,Okaloosa
Laurel Hill,Okaloosa
Mary Esther,Okaloosa
Niceville,Okaloosa
Shalimar,Okaloosa
Valparaiso,Okaloosa
Niceville,Okaloosa
Okeechobee,Okeechobee
Okeechobee,Okeechobee
Okeechobee,Okeechobee
Apopka,Orange
Apopka,Orange
Christmas,Orange
Clarcona,Orange
Apopka,Orange
Maitland,Orange
Plymouth,Orange
Tangerine,Orange
Winter Park,Orange
Winter Park,Orange
Winter Park,Orange
Winter Park,Orange
Maitland,Orange
Zellwood,Orange
Orlando,Orange
Orlando,Orange
Orlando,Orange
Orlando,Orange
Orlando,Orange
Orlando,Orange
Orlando,Orange
Orlando,Orange
Orlando,Orange
Orlando,Orange
Orlando,Orange
Orlando,Orange
Orlando,Orange
Orlando,Orange
Orlando,Orange
Orlando,Orange
Orlando,Orange
Orlando,Orange
Orlando,Orange
Orlando,Orange
Orlando,Orange
Orlando,Orange
Orlando,Orange
Orlando,Orange
Orlando,Orange
Orlando,Orange
Orlando,Orange
Orlando,Orange
Orlando,Orange
Orlando,Orange
Orlando,Orange
Orlando,Orange
Orlando,Orange
Orlando,Orange
Orlando,Orange
Orlando,Orange
Orlando,Orange
Orlando,Orange
Orlando,Orange
Orlando,Orange
Orlando,Orange
Orlando,Orange
Orlando,Orange
Orlando,Orange
Orlando,Orange
Orlando,Orange
Orlando,Orange
Orlando,Orange
Orlando,Orange
Orlando,Orange
Orlando,Orange
Orlando,Orange
Orlando,Orange
Orlando,Orange
Orlando,Orange
Orlando,Orange
Orlando,Orange
Gotha,Orange
Killarney,Orange
Oakland,Orange
Ocoee,Orange
Winter Garden,Orange
Winter Garden,Orange
Windermere,Orange
Winter Garden,Orange
Intercession City,Osceola
Kenansville,Osceola
Kissimmee,Osceola
Kissimmee,Osceola
Kissimmee,Osceola
Kissimmee,Osceola
Kissimmee,Osceola
Kissimmee,Osceola
Kissimmee,Osceola
Kissimmee,Osceola
Saint Cloud,Osceola
Saint Cloud,Osceola
Saint Cloud,Osceola
Saint Cloud,Osceola
Saint Cloud,Osceola
West Palm Beach,Palm Beach
West Palm Beach,Palm Beach
West Palm Beach,Palm Beach
West Palm Beach,Palm Beach
West Palm Beach,Palm Beach
West Palm Beach,Palm Beach
West Palm Beach,Palm Beach
North Palm Beach,Palm Beach
West Palm Beach,Palm Beach
Palm Beach Gardens,Palm Beach
West Palm Beach,Palm Beach
West Palm Beach,Palm Beach
West Palm Beach,Palm Beach
Wellington,Palm Beach
West Palm Beach,Palm Beach
West Palm Beach,Palm Beach
West Palm Beach,Palm Beach
Palm Beach Gardens,Palm Beach
West Palm Beach,Palm Beach
West Palm Beach,Palm Beach
Royal Palm Beach,Palm Beach
West Palm Beach,Palm Beach
Boynton Beach,Palm Beach
Boynton Beach,Palm Beach
Boynton Beach,Palm Beach
Boca Raton,Palm Beach
Boca Raton,Palm Beach
Boca Raton,Palm Beach
Belle Glade,Palm Beach
Boca Raton,Palm Beach
Boca Raton,Palm Beach
Boca Raton,Palm Beach
Boca Raton,Palm Beach
Boynton Beach,Palm Beach
Boynton Beach,Palm Beach
Boynton Beach,Palm Beach
Canal Point,Palm Beach
Delray Beach,Palm Beach
Delray Beach,Palm Beach
Delray Beach,Palm Beach
Delray Beach,Palm Beach
Lake Worth,Palm Beach
Greenacres,Palm Beach
Jupiter,Palm Beach
Lake Harbor,Palm Beach
Lake Worth,Palm Beach
Lake Worth,Palm Beach
Lake Worth,Palm Beach
Lake Worth,Palm Beach
Boca Raton,Palm Beach
Lake Worth,Palm Beach
Lake Worth,Palm Beach
Lake Worth,Palm Beach
Jupiter,Palm Beach
Jupiter,Palm Beach
Loxahatchee,Palm Beach
Boynton Beach,Palm Beach
Boynton Beach,Palm Beach
Boynton Beach,Palm Beach
Pahokee,Palm Beach
Jupiter,Palm Beach
Jupiter,Palm Beach
Palm Beach,Palm Beach
Boca Raton,Palm Beach
Delray Beach,Palm Beach
Delray Beach,Palm Beach
Delray Beach,Palm Beach
Boca Raton,Palm Beach
Boca Raton,Palm Beach
Boca Raton,Palm Beach
South Bay,Palm Beach
Boca Raton,Palm Beach
Boca Raton,Palm Beach
Boca Raton,Palm Beach
Boca Raton,Palm Beach
Dade City,Pasco
Crystal Springs,Pasco
Dade City,Pasco
Dade City,Pasco
Lacoochee,Pasco
Zephyrhills,Pasco
Zephyrhills,Pasco
Zephyrhills,Pasco
Zephyrhills,Pasco
Wesley Chapel,Pasco
Wesley Chapel,Pasco
Wesley Chapel,Pasco
Lutz,Pasco
Saint Leo,Pasco
San Antonio,Pasco
Riverview,Pasco
Trilby,Pasco
Spring Hill,Pasco
Land O Lakes,Pasco
Land O Lakes,Pasco
Land O Lakes,Pasco
New Port Richey,Pasco
New Port Richey,Pasco
New Port Richey,Pasco
New Port Richey,Pasco
New Port Richey,Pasco
Hudson,Pasco
Port Richey,Pasco
Hudson,Pasco
Port Richey,Pasco
Hudson,Pasco
Aripeka,Pasco
Elfers,Pasco
Holiday,Pasco
Holiday,Pasco
Holiday,Pasco
Saint Petersburg,Pinellas
Saint Petersburg,Pinellas
Saint Petersburg,Pinellas
Saint Petersburg,Pinellas
Saint Petersburg,Pinellas
Saint Petersburg,Pinellas
Saint Petersburg,Pinellas
Saint Petersburg,Pinellas
Saint Petersburg,Pinellas
Saint Petersburg,Pinellas
Saint Petersburg,Pinellas
Saint Petersburg,Pinellas
Saint Petersburg,Pinellas
Saint Petersburg,Pinellas
Saint Petersburg,Pinellas
Saint Petersburg,Pinellas
Saint Petersburg,Pinellas
Saint Petersburg,Pinellas
Saint Petersburg,Pinellas
Saint Petersburg,Pinellas
Saint Petersburg,Pinellas
Saint Petersburg,Pinellas
Saint Petersburg,Pinellas
Saint Petersburg,Pinellas
Saint Petersburg,Pinellas
Saint Petersburg,Pinellas
Saint Petersburg,Pinellas
Saint Petersburg,Pinellas
Saint Petersburg,Pinellas
Bay Pines,Pinellas
Saint Petersburg,Pinellas
Clearwater,Pinellas
Clearwater,Pinellas
Clearwater,Pinellas
Clearwater,Pinellas
Clearwater,Pinellas
Clearwater,Pinellas
Clearwater,Pinellas
Clearwater,Pinellas
Clearwater,Pinellas
Clearwater,Pinellas
Clearwater,Pinellas
Clearwater,Pinellas
Clearwater Beach,Pinellas
Clearwater,Pinellas
Largo,Pinellas
Largo,Pinellas
Seminole,Pinellas
Largo,Pinellas
Largo,Pinellas
Seminole,Pinellas
Seminole,Pinellas
Seminole,Pinellas
Largo,Pinellas
Largo,Pinellas
Pinellas Park,Pinellas
Pinellas Park,Pinellas
Pinellas Park,Pinellas
Saint Petersburg,Pinellas
Indian Rocks Beach,Pinellas
Belleair Beach,Pinellas
Ozona,Pinellas
Oldsmar,Pinellas
Crystal Beach,Pinellas
Palm Harbor,Pinellas
Palm Harbor,Pinellas
Palm Harbor,Pinellas
Palm Harbor,Pinellas
Tarpon Springs,Pinellas
Tarpon Springs,Pinellas
Safety Harbor,Pinellas
Dunedin,Pinellas
Dunedin,Pinellas
Lakeland,Polk
Lakeland,Polk
Lakeland,Polk
Lakeland,Polk
Lakeland,Polk
Lakeland,Polk
Lakeland,Polk
Lakeland,Polk
Lakeland,Polk
Lakeland,Polk
Lakeland,Polk
Lakeland,Polk
Lakeland,Polk
Alturas,Polk
Auburndale,Polk
Babson Park,Polk
Bartow,Polk
Bartow,Polk
Bradley,Polk
Davenport,Polk
Davenport,Polk
Dundee,Polk
Eagle Lake,Polk
Eaton Park,Polk
Fort Meade,Polk
Frostproof,Polk
Haines City,Polk
Haines City,Polk
Highland City,Polk
Homeland,Polk
Kathleen,Polk
Lake Alfred,Polk
Lake Hamilton,Polk
Lake Wales,Polk
Lakeshore,Polk
Indian Lake Estates,Polk
Nalcrest,Polk
Loughman,Polk
Lake Wales,Polk
Mulberry,Polk
Nichols,Polk
River Ranch,Polk
Polk City,Polk
Waverly,Polk
Winter Haven,Polk
Winter Haven,Polk
Winter Haven,Polk
Winter Haven,Polk
Winter Haven,Polk
Winter Haven,Polk
Winter Haven,Polk
Davenport,Polk
Davenport,Polk
Lake Wales,Polk
Fort Myers,Polk
Clermont,Polk
Kissimmee,Polk
Bostwick,Putnam
Crescent City,Putnam
East Palatka,Putnam
Grandin,Putnam
Georgetown,Putnam
Florahome,Putnam
Hollister,Putnam
Interlachen,Putnam
Interlachen,Putnam
Lake Como,Putnam
Palatka,Putnam
Palatka,Putnam
Pomona Park,Putnam
Putnam Hall,Putnam
San Mateo,Putnam
Satsuma,Putnam
Welaka,Putnam
Melrose,Putnam
Miami,Putnam
Ponte Vedra Beach,Saint Johns
Elkton,Saint Johns
Saint Augustine,Saint Johns
Ponte Vedra,Saint Johns
Ponte Vedra Beach,Saint Johns
Saint Augustine,Saint Johns
Saint Augustine,Saint Johns
Saint Augustine,Saint Johns
Saint Augustine,Saint Johns
Saint Augustine,Saint Johns
Hastings,Saint Johns
Saint Johns,Saint Johns
Jacksonville,Saint Johns
Fort Pierce,St. Lucie
Fort Pierce,St. Lucie
Fort Pierce,St. Lucie
Fort Pierce,St. Lucie
Fort Pierce,St. Lucie
Fort Pierce,St. Lucie
Fort Pierce,St. Lucie
Port Saint Lucie,St. Lucie
Port Saint Lucie,St. Lucie
Fort Pierce,St. Lucie
Fort Pierce,St. Lucie
Fort Pierce,St. Lucie
Fort Pierce,St. Lucie
Port Saint Lucie,St. Lucie
Port Saint Lucie,St. Lucie
Port Saint Lucie,St. Lucie
Port Saint Lucie,St. Lucie
Port Saint Lucie,St. Lucie
Port Saint Lucie,St. Lucie
Bagdad,Santa Rosa
Gulf Breeze,Santa Rosa
Gulf Breeze,Santa Rosa
Gulf Breeze,Santa Rosa
Jay,Santa Rosa
Navarre,Santa Rosa
Milton,Santa Rosa
Milton,Santa Rosa
Milton,Santa Rosa
Milton,Santa Rosa
Englewood,Sarasota
Englewood,Sarasota
Osprey,Sarasota
Sarasota,Sarasota
Sarasota,Sarasota
Sarasota,Sarasota
Sarasota,Sarasota
Sarasota,Sarasota
Sarasota,Sarasota
Sarasota,Sarasota
Sarasota,Sarasota
Sarasota,Sarasota
Sarasota,Sarasota
Sarasota,Sarasota
Sarasota,Sarasota
Sarasota,Sarasota
Sarasota,Sarasota
Laurel,Sarasota
Nokomis,Sarasota
Nokomis,Sarasota
Sarasota,Sarasota
Sarasota,Sarasota
Sarasota,Sarasota
Venice,Sarasota
Venice,Sarasota
North Port,Sarasota
North Port,Sarasota
North Port,Sarasota
North Port,Sarasota
North Port,Sarasota
North Port,Sarasota
Venice,Sarasota
Venice,Sarasota
Englewood,Sarasota
Altamonte Springs,Seminole
Casselberry,Seminole
Winter Springs,Seminole
Altamonte Springs,Seminole
Altamonte Springs,Seminole
Altamonte Springs,Seminole
Casselberry,Seminole
Winter Springs,Seminole
Casselberry,Seminole
Geneva,Seminole
Goldenrod,Seminole
Lake Mary,Seminole
Lake Monroe,Seminole
Longwood,Seminole
Longwood,Seminole
Oviedo,Seminole
Oviedo,Seminole
Oviedo,Seminole
Sanford,Seminole
Sanford,Seminole
Sanford,Seminole
Longwood,Seminole
Longwood,Seminole
Lake Mary,Seminole
Mid Florida,Seminole
The Villages,Sumter
The Villages,Sumter
Bushnell,Sumter
Center Hill,Sumter
Coleman,Sumter
Lake Panasoffkee,Sumter
Sumterville,Sumter
Webster,Sumter
Oxford,Sumter
Wildwood,Sumter
Branford,Suwannee
Live Oak,Suwannee
Mc Alpin,Suwannee
Live Oak,Suwannee
O Brien,Suwannee
Wellborn,Suwannee
Perry,Taylor
Perry,Taylor
Salem,Taylor
Shady Grove,Taylor
Steinhatchee,Taylor
Raiford,Union
Lake Butler,Union
Raiford,Union
Worthington Springs,Union
Barberville,Volusia
Daytona Beach,Volusia
Daytona Beach,Volusia
Daytona Beach,Volusia
Daytona Beach,Volusia
Daytona Beach,Volusia
Daytona Beach,Volusia
Daytona Beach,Volusia
Daytona Beach,Volusia
Daytona Beach,Volusia
Port Orange,Volusia
Daytona Beach,Volusia
Daytona Beach,Volusia
Daytona Beach,Volusia
Port Orange,Volusia
Port Orange,Volusia
Port Orange,Volusia
De Leon Springs,Volusia
Edgewater,Volusia
Edgewater,Volusia
New Smyrna Beach,Volusia
New Smyrna Beach,Volusia
New Smyrna Beach,Volusia
Ormond Beach,Volusia
Ormond Beach,Volusia
Ormond Beach,Volusia
Ormond Beach,Volusia
Pierson,Volusia
Seville,Volusia
Daytona Beach,Volusia
Cassadaga,Volusia
Debary,Volusia
Deland,Volusia
Deland,Volusia
Glenwood,Volusia
Deland,Volusia
Deland,Volusia
Deltona,Volusia
Deltona,Volusia
Deltona,Volusia
Deltona,Volusia
Lake Helen,Volusia
Mid Florida,Volusia
Oak Hill,Volusia
Orange City,Volusia
Osteen,Volusia
Orange City,Volusia
Crawfordville,Wakulla
Crawfordville,Wakulla
Panacea,Wakulla
Saint Marks,Wakulla
Sopchoppy,Wakulla
Argyle,Walton
Defuniak Springs,Walton
Mossy Head,Walton
Defuniak Springs,Walton
Freeport,Walton
Santa Rosa Beach,Walton
Rosemary Beach,Walton
Paxton,Walton
Miramar Beach,Walton
Caryville,Washington
Chipley,Washington
Ebro,Washington
Vernon,Washington
Wausau,Washington
Baxley,Appling
Baxley,Appling
Saint George,Appling
Surrency,Appling
Axson,Atkinson
Pearson,Atkinson
Willacoochee,Atkinson
Alma,Bacon
Albany,Baker
Colquitt,Baker
Damascus,Baker
Donalsonville,Baker
Leary,Baker
Newton,Baker
Hardwick,Baldwin
Milledgeville,Baldwin
Milledgeville,Baldwin
Milledgeville,Baldwin
Baldwin,Banks
Homer,Banks
Maysville,Banks
Auburn,Barrow
Bethlehem,Barrow
Statham,Barrow
Winder,Barrow
Adairsville,Bartow
Cartersville,Bartow
Cartersville,Bartow
Cassville,Bartow
Emerson,Bartow
Kingston,Bartow
Rydal,Bartow
Taylorsville,Bartow
White,Bartow
Fitzgerald,Ben Hill
Cuthbert,Ben Hill
Alapaha,Berrien
Nashville,Berrien
Ray City,Berrien
Enigma,Berrien
Lizella,Bibb
Macon,Bibb
Macon,Bibb
Macon,Bibb
Macon,Bibb
Macon,Bibb
Macon,Bibb
Macon,Bibb
Macon,Bibb
Macon,Bibb
Macon,Bibb
Macon,Bibb
Macon,Bibb
Macon,Bibb
Macon,Bibb
Macon,Bibb
Macon,Bibb
Macon,Bibb
Macon,Bibb
Macon,Bibb
Macon,Bibb
Cochran,Bleckley
Hoboken,Brantley
Hortense,Brantley
Nahunta,Brantley
Waynesville,Brantley
Barney,Brooks
Dixie,Brooks
Morven,Brooks
Quitman,Brooks
Barwick,Brooks
Ellabell,Bryan
Pembroke,Bryan
Richmond Hill,Bryan
Brooklet,Bulloch
Portal,Bulloch
Register,Bulloch
Statesboro,Bulloch
Statesboro,Bulloch
Statesboro,Bulloch
Statesboro,Bulloch
Girard,Burke
Midville,Burke
Sardis,Burke
Gough,Burke
Keysville,Burke
Waynesboro,Burke
Flovilla,Butts
Jackson,Butts
Jenkinsburg,Butts
Dawson,Calhoun
Morgan,Calhoun
Shellman,Calhoun
Kings Bay,Camden
Kingsland,Camden
Saint Marys,Camden
Waverly,Camden
White Oak,Camden
Woodbine,Camden
Metter,Candler
Pulaski,Candler
Bowdon,Carroll
Bowdon Junction,Carroll
Carrollton,Carroll
Carrollton,Carroll
Carrollton,Carroll
Carrollton,Carroll
Carrollton,Carroll
Mount Zion,Carroll
Roopville,Carroll
Temple,Carroll
Villa Rica,Carroll
Whitesburg,Carroll
Graysville,Catoosa
Ringgold,Catoosa
Fort Oglethorpe,Catoosa
Folkston,Charlton
Bloomingdale,Chatham
Pooler,Chatham
Tybee Island,Chatham
Savannah,Chatham
Savannah,Chatham
Savannah,Chatham
Savannah,Chatham
Savannah,Chatham
Savannah,Chatham
Port Wentworth,Chatham
Savannah,Chatham
Savannah,Chatham
Savannah,Chatham
Savannah,Chatham
Savannah,Chatham
Savannah,Chatham
Savannah,Chatham
Savannah,Chatham
Savannah,Chatham
Savannah,Chatham
Savannah,Chatham
Savannah,Chatham
Cusseta,Chattahoochee
Lyerly,Chattooga
Menlo,Chattooga
Summerville,Chattooga
Trion,Chattooga
Ball Ground,Cherokee
Canton,Cherokee
Canton,Cherokee
Holly Springs,Cherokee
Lebanon,Cherokee
Nelson,Cherokee
Canton,Cherokee
Waleska,Cherokee
Woodstock,Cherokee
Woodstock,Cherokee
Athens,Clarke
Athens,Clarke
Athens,Clarke
Athens,Clarke
Athens,Clarke
Athens,Clarke
Athens,Clarke
Athens,Clarke
Athens,Clarke
Athens,Clarke
Winterville,Clarke
Blakely,Clay
Bluffton,Clay
Coleman,Clay
Edison,Clay
Fort Gaines,Clay
Georgetown,Clay
Morris,Clay
Jonesboro,Clayton
Jonesboro,Clayton
Jonesboro,Clayton
Lovejoy,Clayton
Morrow,Clayton
Rex,Clayton
Riverdale,Clayton
Morrow,Clayton
Conley,Clayton
Ellenwood,Clayton
Riverdale,Clayton
Forest Park,Clayton
Forest Park,Clayton
Argyle,Clinch
Du Pont,Clinch
Fargo,Clinch
Homerville,Clinch
Marietta,Cobb
Marietta,Cobb
Marietta,Cobb
Marietta,Cobb
Marietta,Cobb
Marietta,Cobb
Marietta,Cobb
Marietta,Cobb
Marietta,Cobb
Marietta,Cobb
Marietta,Cobb
Marietta,Cobb
Marietta,Cobb
Smyrna,Cobb
Smyrna,Cobb
Smyrna,Cobb
Marietta,Cobb
Acworth,Cobb
Acworth,Cobb
Austell,Cobb
Clarkdale,Cobb
Mableton,Cobb
Powder Springs,Cobb
Kennesaw,Cobb
Kennesaw,Cobb
Kennesaw,Cobb
Kennesaw,Cobb
Austell,Cobb
Kennesaw,Cobb
Ambrose,Coffee
Broxton,Coffee
Douglas,Coffee
Douglas,Coffee
Douglas,Coffee
Nicholls,Coffee
West Green,Coffee
Berlin,Colquitt
Doerun,Colquitt
Ellenton,Colquitt
Funston,Colquitt
Hartsfield,Colquitt
Moultrie,Colquitt
Norman Park,Colquitt
Moultrie,Colquitt
Moultrie,Colquitt
Appling,Columbia
Evans,Columbia
Grovetown,Columbia
Harlem,Columbia
Augusta,Columbia
Arlington,Columbia
Adel,Cook
Cecil,Cook
Lenox,Cook
Sparks,Cook
Grantville,Coweta
Haralson,Coweta
Moreland,Coweta
Newnan,Coweta
Newnan,Coweta
Newnan,Coweta
Newnan,Coweta
Sargent,Coweta
Senoia,Coweta
Sharpsburg,Coweta
Turin,Coweta
Knoxville,Crawford
Musella,Crawford
Roberta,Crawford
Cordele,Crisp
Cordele,Crisp
Arabi,Crisp
Rising Fawn,Dade
Trenton,Dade
Wildwood,Dade
Dawsonville,Dawson
Attapulgus,Decatur
Bainbridge,Decatur
Bainbridge,Decatur
Fowlstown,Decatur
Avondale Estates,DeKalb
Clarkston,DeKalb
Decatur,DeKalb
Decatur,DeKalb
Decatur,DeKalb
Decatur,DeKalb
Decatur,DeKalb
Decatur,DeKalb
Decatur,DeKalb
Decatur,DeKalb
Lithonia,DeKalb
Lithonia,DeKalb
Pine Lake,DeKalb
Redan,DeKalb
Scottdale,DeKalb
Stone Mountain,DeKalb
Tucker,DeKalb
Tucker,DeKalb
Stone Mountain,DeKalb
Stone Mountain,DeKalb
Stone Mountain,DeKalb
Atlanta,DeKalb
Atlanta,DeKalb
Atlanta,DeKalb
Atlanta,DeKalb
Atlanta,DeKalb
Atlanta,DeKalb
Atlanta,DeKalb
Atlanta,DeKalb
Atlanta,DeKalb
Atlanta,DeKalb
Atlanta,DeKalb
Atlanta,DeKalb
Atlanta,DeKalb
Atlanta,DeKalb
Atlanta,DeKalb
Atlanta,DeKalb
Atlanta,DeKalb
Atlanta,DeKalb
Atlanta,DeKalb
Chauncey,Dodge
Chester,Dodge
Eastman,Dodge
Rhine,Dodge
Byromville,Dooly
Lilly,Dooly
Montezuma,Dooly
Pinehurst,Dooly
Unadilla,Dooly
Vienna,Dooly
Albany,Dougherty
Albany,Dougherty
Albany,Dougherty
Albany,Dougherty
Albany,Dougherty
Albany,Dougherty
Albany,Dougherty
Albany,Dougherty
Putney,Dougherty
Lithia Springs,Douglas
Douglasville,Douglas
Douglasville,Douglas
Douglasville,Douglas
Douglasville,Douglas
Winston,Douglas
Cedar Springs,Early
Climax,Early
Statenville,Echols
Clyo,Effingham
Eden,Effingham
Guyton,Effingham
Meldrim,Effingham
Rincon,Effingham
Springfield,Effingham
Bowman,Elbert
Dewy Rose,Elbert
Elberton,Elbert
Swainsboro,Emanuel
Garfield,Emanuel
Norristown,Emanuel
Nunez,Emanuel
Stillmore,Emanuel
Twin City,Emanuel
Adrian,Emanuel
Bellville,Evans
Claxton,Evans
Daisy,Evans
Hagan,Evans
Blue Ridge,Fannin
Epworth,Fannin
Mc Caysville,Fannin
Mineral Bluff,Fannin
Morganton,Fannin
Brooks,Fayette
Fayetteville,Fayette
Fayetteville,Fayette
Peachtree City,Fayette
Tyrone,Fayette
Peachtree City,Fayette
Armuchee,Floyd
Cave Spring,Floyd
Coosa,Floyd
Lindale,Floyd
Mount Berry,Floyd
Rome,Floyd
Rome,Floyd
Rome,Floyd
Rome,Floyd
Rome,Floyd
Shannon,Floyd
Silver Creek,Floyd
Cumming,Forsyth
Cumming,Forsyth
Cumming,Forsyth
Canon,Franklin
Carnesville,Franklin
Lavonia,Franklin
Franklin Springs,Franklin
Royston,Franklin
Alpharetta,Fulton
Alpharetta,Fulton
Alpharetta,Fulton
Alpharetta,Fulton
Alpharetta,Fulton
Roswell,Fulton
Roswell,Fulton
Roswell,Fulton
Fairburn,Fulton
Palmetto,Fulton
Red Oak,Fulton
Union City,Fulton
Atlanta,Fulton
Atlanta,Fulton
Atlanta,Fulton
Atlanta,Fulton
Atlanta,Fulton
Atlanta,Fulton
Atlanta,Fulton
Atlanta,Fulton
Atlanta,Fulton
Atlanta,Fulton
Atlanta,Fulton
Atlanta,Fulton
Atlanta,Fulton
Atlanta,Fulton
Atlanta,Fulton
Atlanta,Fulton
Atlanta,Fulton
Atlanta,Fulton
Atlanta,Fulton
Atlanta,Fulton
Atlanta,Fulton
Atlanta,Fulton
Atlanta,Fulton
Atlanta,Fulton
Atlanta,Fulton
Atlanta,Fulton
Atlanta,Fulton
Atlanta,Fulton
Atlanta,Fulton
Atlanta,Fulton
Atlanta,Fulton
Atlanta,Fulton
Atlanta,Fulton
Atlanta,Fulton
Atlanta,Fulton
Atlanta,Fulton
Atlanta,Fulton
Atlanta,Fulton
Atlanta,Fulton
Atlanta,Fulton
Atlanta,Fulton
Atlanta,Fulton
Atlanta,Fulton
Atlanta,Fulton
Atlanta,Fulton
Atlanta,Fulton
Atlanta,Fulton
Atlanta,Fulton
Atlanta,Fulton
Atlanta,Fulton
Atlanta,Fulton
Atlanta,Fulton
Atlanta,Fulton
Atlanta,Fulton
Atlanta,Fulton
Atlanta,Fulton
Atlanta,Fulton
Atlanta,Fulton
Atlanta,Fulton
Atlanta,Fulton
Atlanta,Fulton
Atlanta,Fulton
Atlanta,Fulton
Atlanta,Fulton
Atlanta,Fulton
Atlanta,Fulton
Atlanta,Fulton
Atlanta,Fulton
Atlanta,Fulton
Atlanta,Fulton
Atlanta,Fulton
Atlanta,Fulton
Atlanta,Fulton
Cherry Log,Gilmer
Ellijay,Gilmer
East Ellijay,Gilmer
Ellijay,Gilmer
Gibson,Glascock
Mitchell,Glascock
Brunswick,Glynn
Brunswick,Glynn
Saint Simons Island,Glynn
Brunswick,Glynn
Brunswick,Glynn
Brunswick,Glynn
Jekyll Island,Glynn
Sea Island,Glynn
Fairmount,Gordon
Calhoun,Gordon
Calhoun,Gordon
Oakman,Gordon
Plainville,Gordon
Ranger,Gordon
Resaca,Gordon
Sugar Valley,Gordon
Cairo,Grady
Calvary,Grady
Whigham,Grady
Greensboro,Greene
Siloam,Greene
Union Point,Greene
White Plains,Greene
Norcross,Gwinnett
Norcross,Gwinnett
Grayson,Gwinnett
Dacula,Gwinnett
Suwanee,Gwinnett
North Metro,Gwinnett
North Metro,Gwinnett
Snellville,Gwinnett
Lawrenceville,Gwinnett
Lawrenceville,Gwinnett
Lawrenceville,Gwinnett
Lawrenceville,Gwinnett
Lawrenceville,Gwinnett
Lilburn,Gwinnett
Lilburn,Gwinnett
Lawrenceville,Gwinnett
Loganville,Gwinnett
Norcross,Gwinnett
Snellville,Gwinnett
Norcross,Gwinnett
Peachtree Corners,Gwinnett
Norcross,Gwinnett
Duluth,Gwinnett
Duluth,Gwinnett
Duluth,Gwinnett
Duluth,Gwinnett
Duluth,Gwinnett
Buford,Gwinnett
Buford,Gwinnett
Buford,Gwinnett
Alto,Habersham
Clarkesville,Habersham
Cornelia,Habersham
Demorest,Habersham
Mount Airy,Habersham
Turnerville,Habersham
Gainesville,Hall
Chestnut Mountain,Hall
Gainesville,Hall
Gainesville,Hall
Gainesville,Hall
Gainesville,Hall
Clermont,Hall
Flowery Branch,Hall
Gillsville,Hall
Lula,Hall
Murrayville,Hall
Oakwood,Hall
Sparta,Hancock
Bremen,Haralson
Buchanan,Haralson
Felton,Haralson
Tallapoosa,Haralson
Waco,Haralson
Cataula,Harris
Ellerslie,Harris
Hamilton,Harris
Pine Mountain,Harris
Pine Mountain Valley,Harris
Shiloh,Harris
Waverly Hall,Harris
Bowersville,Hart
Hartwell,Hart
Franklin,Heard
Hampton,Henry
Locust Grove,Henry
Mcdonough,Henry
Mcdonough,Henry
Stockbridge,Henry
Bonaire,Houston
Clinchfield,Houston
Elko,Houston
Centerville,Houston
Kathleen,Houston
Perry,Houston
Warner Robins,Houston
Warner Robins,Houston
Warner Robins,Houston
Warner Robins,Houston
Warner Robins,Houston
Irwinville,Irwin
Mystic,Irwin
Ocilla,Irwin
Wray,Irwin
Braselton,Jackson
Commerce,Jackson
Commerce,Jackson
Hoschton,Jackson
Jefferson,Jackson
Nicholson,Jackson
Pendergrass,Jackson
Talmo,Jackson
Commerce,Jackson
Mansfield,Jasper
Hillsboro,Jasper
Monticello,Jasper
Shady Dale,Jasper
Denton,Jeff Davis
Hazlehurst,Jeff Davis
Bartow,Jefferson
Louisville,Jefferson
Wadley,Jefferson
Avera,Jefferson
Matthews,Jefferson
Stapleton,Jefferson
Wrens,Jefferson
Millen,Jenkins
Perkins,Jenkins
Kite,Johnson
Wrightsville,Johnson
Gray,Jones
Haddock,Jones
Barnesville,Lamar
Milner,Lamar
Lakeland,Lanier
Stockton,Lanier
Rockledge,Laurens
Cadwell,Laurens
Dexter,Laurens
Dublin,Laurens
Dudley,Laurens
East Dublin,Laurens
Dublin,Laurens
Montrose,Laurens
Rentz,Laurens
Leesburg,Lee
Smithville,Lee
Allenhurst,Liberty
Fleming,Liberty
Hinesville,Liberty
Hinesville,Liberty
Fort Stewart,Liberty
Fort Stewart,Liberty
Midway,Liberty
Riceboro,Liberty
Walthourville,Liberty
Lincolnton,Lincoln
Ludowici,Long
Valdosta,Lowndes
Valdosta,Lowndes
Valdosta,Lowndes
Valdosta,Lowndes
Valdosta,Lowndes
Valdosta,Lowndes
Hahira,Lowndes
Lake Park,Lowndes
Naylor,Lowndes
Valdosta,Lowndes
Moody Afb,Lowndes
Dahlonega,Lumpkin
Dahlonega,Lumpkin
Boneville,McDuffie
Dearing,McDuffie
Thomson,McDuffie
Crescent,McIntosh
Darien,McIntosh
Meridian,McIntosh
Sapelo Island,McIntosh
Townsend,McIntosh
Ideal,Macon
Marshallville,Macon
Oglethorpe,Macon
Carlton,Madison
Colbert,Madison
Comer,Madison
Danielsville,Madison
Hull,Madison
Ila,Madison
Buena Vista,Marion
Gay,Meriwether
Greenville,Meriwether
Luthersville,Meriwether
Woodbury,Meriwether
Manchester,Meriwether
Warm Springs,Meriwether
Bainbridge,Miller
Baconton,Mitchell
Camilla,Mitchell
Cotton,Mitchell
Pelham,Mitchell
Sale City,Mitchell
Bolingbroke,Monroe
Culloden,Monroe
Forsyth,Monroe
Juliette,Monroe
Smarr,Monroe
Ailey,Montgomery
Alston,Montgomery
Mount Vernon,Montgomery
Tarrytown,Montgomery
Uvalda,Montgomery
Bostwick,Morgan
Buckhead,Morgan
High Shoals,Morgan
Madison,Morgan
Rutledge,Morgan
Chatsworth,Murray
Cisco,Murray
Crandall,Murray
Eton,Murray
Tennga,Murray
Fortson,Muscogee
Midland,Muscogee
Upatoi,Muscogee
Columbus,Muscogee
Columbus,Muscogee
Columbus,Muscogee
Columbus,Muscogee
Fort Benning,Muscogee
Columbus,Muscogee
Columbus,Muscogee
Columbus,Muscogee
Columbus,Muscogee
Columbus,Muscogee
Columbus,Muscogee
Columbus,Muscogee
Fort Benning,Muscogee
Columbus,Muscogee
Columbus,Muscogee
Columbus,Muscogee
Covington,Newton
Covington,Newton
Covington,Newton
Oxford,Newton
Newborn,Newton
Porterdale,Newton
Bishop,Oconee
Bogart,Oconee
Farmington,Oconee
Watkinsville,Oconee
Arnoldsville,Oglethorpe
Crawford,Oglethorpe
Lexington,Oglethorpe
Stephens,Oglethorpe
Maxeys,Oglethorpe
Dallas,Paulding
Hiram,Paulding
Dallas,Paulding
Byron,Peach
Fort Valley,Peach
Jasper,Pickens
Marble Hill,Pickens
Talking Rock,Pickens
Tate,Pickens
Blackshear,Pierce
Bristol,Pierce
Mershon,Pierce
Offerman,Pierce
Patterson,Pierce
Concord,Pike
Meansville,Pike
Molena,Pike
Williamson,Pike
Zebulon,Pike
Aragon,Polk
Cedartown,Polk
Esom Hill,Polk
Rockmart,Polk
Hawkinsville,Pulaski
Eatonton,Putnam
Eatonton,Putnam
Clayton,Rabun
Dillard,Rabun
Lakemont,Rabun
Mountain City,Rabun
Rabun Gap,Rabun
Tallulah Falls,Rabun
Tiger,Rabun
Wiley,Rabun
Blythe,Richmond
Gracewood,Richmond
Hephzibah,Richmond
Augusta,Richmond
Augusta,Richmond
Augusta,Richmond
Augusta,Richmond
Augusta,Richmond
Augusta,Richmond
Augusta,Richmond
Augusta,Richmond
Augusta,Richmond
Augusta,Richmond
Augusta,Richmond
Augusta,Richmond
Conyers,Rockdale
Conyers,Rockdale
Conyers,Rockdale
Ellaville,Schley
Dover,Screven
Newington,Screven
Oliver,Screven
Rocky Ford,Screven
Sylvania,Screven
Brinson,Seminole
Iron City,Seminole
Jakin,Seminole
Experiment,Spalding
Griffin,Spalding
Griffin,Spalding
Orchard Hill,Spalding
Sunny Side,Spalding
Eastanollee,Stephens
Martin,Stephens
Toccoa,Stephens
Toccoa Falls,Stephens
Louvale,Stewart
Lumpkin,Stewart
Omaha,Stewart
Richland,Stewart
Americus,Sumter
Andersonville,Sumter
Americus,Sumter
Cobb,Sumter
De Soto,Sumter
Leslie,Sumter
Plains,Sumter
Box Springs,Talbot
Geneva,Talbot
Junction City,Talbot
Talbotton,Talbot
Woodland,Talbot
Crawfordville,Taliaferro
Sharon,Taliaferro
Cobbtown,Tattnall
Collins,Tattnall
Glennville,Tattnall
Manassas,Tattnall
Reidsville,Tattnall
Reidsville,Tattnall
Butler,Taylor
Howard,Taylor
Mauk,Taylor
Reynolds,Taylor
Rupert,Taylor
Mc Rae Helena,Telfair
Mc Rae Helena,Telfair
Milan,Telfair
Scotland,Telfair
Jacksonville,Telfair
Lumber City,Telfair
Bronwood,Terrell
Cairo,Terrell
Sasser,Terrell
Boston,Thomas
Coolidge,Thomas
Thomasville,Thomas
Thomasville,Thomas
Meigs,Thomas
Ochlocknee,Thomas
Pavo,Thomas
Thomasville,Thomas
Thomasville,Thomas
Brookfield,Tift
Chula,Tift
Omega,Tift
Tifton,Tift
Tifton,Tift
Ty Ty,Tift
Lyons,Toombs
Vidalia,Toombs
Vidalia,Toombs
Hiawassee,Towns
Young Harris,Towns
Soperton,Treutlen
Hogansville,Troup
Lagrange,Troup
Lagrange,Troup
Lagrange,Troup
West Point,Troup
Ashburn,Turner
Rebecca,Turner
Sycamore,Turner
Danville,Twiggs
Dry Branch,Twiggs
Jeffersonville,Twiggs
Blairsville,Union
Blairsville,Union
Suches,Union
The Rock,Upson
Thomaston,Upson
Yatesville,Upson
Chickamauga,Walker
Flintstone,Walker
La Fayette,Walker
Rock Spring,Walker
Rossville,Walker
Lookout Mountain,Walker
Jersey,Walton
Social Circle,Walton
Good Hope,Walton
Monroe,Walton
Monroe,Walton
Waycross,Ware
Waycross,Ware
Waycross,Ware
Manor,Ware
Millwood,Ware
Waresboro,Ware
Camak,Warren
Mesena,Warren
Norwood,Warren
Warrenton,Warren
Jewell,Warren
Davisboro,Washington
Harrison,Washington
Oconee,Washington
Sandersville,Washington
Tennille,Washington
Warthen,Washington
Jesup,Wayne
Jesup,Wayne
Odum,Wayne
Screven,Wayne
Jesup,Wayne
Jesup,Wayne
Preston,Webster
Weston,Webster
Parrott,Webster
Alamo,Wheeler
Glenwood,Wheeler
Cleveland,White
Helen,White
Sautee Nacoochee,White
Peachtree City,Whitfield
Cohutta,Whitfield
Dalton,Whitfield
Dalton,Whitfield
Dalton,Whitfield
Dalton,Whitfield
Rocky Face,Whitfield
Tunnel Hill,Whitfield
Varnell,Whitfield
Abbeville,Wilcox
Pineview,Wilcox
Pitts,Wilcox
Rochelle,Wilcox
Seville,Wilcox
Rayle,Wilkes
Tignall,Wilkes
Washington,Wilkes
Allentown,Wilkinson
Gordon,Wilkinson
Irwinton,Wilkinson
Mc Intyre,Wilkinson
Toomsboro,Wilkinson
Oakfield,Worth
Poulan,Worth
Sumner,Worth
Sylvester,Worth
Warwick,Worth
Captain Cook,Hawaii
Hakalau,Hawaii
Hawaii National Park,Hawaii
Hawi,Hawaii
Hilo,Hawaii
Hilo,Hawaii
Holualoa,Hawaii
Honaunau,Hawaii
Honokaa,Hawaii
Honomu,Hawaii
Ocean View,Hawaii
Waikoloa,Hawaii
Keauhou,Hawaii
Kailua Kona,Hawaii
Kamuela,Hawaii
Kailua Kona,Hawaii
Keaau,Hawaii
Kealakekua,Hawaii
Kapaau,Hawaii
Kurtistown,Hawaii
Laupahoehoe,Hawaii
Mountain View,Hawaii
Naalehu,Hawaii
Ninole,Hawaii
Ookala,Hawaii
Paauilo,Hawaii
Pahala,Hawaii
Pahoa,Hawaii
Papaaloa,Hawaii
Papaikou,Hawaii
Pepeekeo,Hawaii
Volcano,Hawaii
Aiea,Honolulu
Ewa Beach,Honolulu
Kapolei,Honolulu
Kapolei,Honolulu
Haleiwa,Honolulu
Hauula,Honolulu
Kaaawa,Honolulu
Kahuku,Honolulu
Kailua,Honolulu
Kaneohe,Honolulu
Kunia,Honolulu
Laie,Honolulu
Pearl City,Honolulu
Wahiawa,Honolulu
Mililani,Honolulu
Waialua,Honolulu
Waianae,Honolulu
Waimanalo,Honolulu
Waipahu,Honolulu
Honolulu,Honolulu
Honolulu,Honolulu
Honolulu,Honolulu
Honolulu,Honolulu
Honolulu,Honolulu
Honolulu,Honolulu
Honolulu,Honolulu
Honolulu,Honolulu
Honolulu,Honolulu
Honolulu,Honolulu
Honolulu,Honolulu
Honolulu,Honolulu
Honolulu,Honolulu
Honolulu,Honolulu
Honolulu,Honolulu
Honolulu,Honolulu
Honolulu,Honolulu
Honolulu,Honolulu
Honolulu,Honolulu
Honolulu,Honolulu
Honolulu,Honolulu
Honolulu,Honolulu
Honolulu,Honolulu
Honolulu,Honolulu
Honolulu,Honolulu
Honolulu,Honolulu
Honolulu,Honolulu
Honolulu,Honolulu
Honolulu,Honolulu
Honolulu,Honolulu
Honolulu,Honolulu
Honolulu,Honolulu
Honolulu,Honolulu
Honolulu,Honolulu
Honolulu,Honolulu
Honolulu,Honolulu
Honolulu,Honolulu
Honolulu,Honolulu
Honolulu,Honolulu
Honolulu,Honolulu
Honolulu,Honolulu
Jbphh,Honolulu
Wheeler Army Airfield,Honolulu
Schofield Barracks,Honolulu
Fort Shafter,Honolulu
Tripler Army Medical Center,Honolulu
Jbphh,Honolulu
Camp H M Smith,Honolulu
Mcbh Kaneohe Bay,Honolulu
Wake Island,Honolulu
Anahola,Kauai
Eleele,Kauai
Hanalei,Kauai
Hanamaulu,Kauai
Hanapepe,Kauai
Princeville,Kauai
Kalaheo,Kauai
Kapaa,Kauai
Kaumakani,Kauai
Kealia,Kauai
Kekaha,Kauai
Kilauea,Kauai
Koloa,Kauai
Lawai,Kauai
Lihue,Kauai
Makaweli,Kauai
Waimea,Kauai
Haiku,Maui
Hana,Maui
Hoolehua,Maui
Kahului,Maui
Kahului,Maui
Kalaupapa,Maui
Kaunakakai,Maui
Kihei,Maui
Kualapuu,Maui
Lahaina,Maui
Lanai City,Maui
Lahaina,Maui
Makawao,Maui
Maunaloa,Maui
Paia,Maui
Puunene,Maui
Pukalani,Maui
Kula,Maui
Wailuku,Maui
Adair,Adair
Bridgewater,Adair
Fontanelle,Adair
Greenfield,Adair
Orient,Adair
Carbon,Adams
Corning,Adams
Nodaway,Adams
Prescott,Adams
Dorchester,Allamakee
Harpers Ferry,Allamakee
Lansing,Allamakee
New Albin,Allamakee
Postville,Allamakee
Waterville,Allamakee
Waukon,Allamakee
Centerville,Appanoose
Cincinnati,Appanoose
Exline,Appanoose
Moravia,Appanoose
Moulton,Appanoose
Mystic,Appanoose
Plano,Appanoose
Udell,Appanoose
Unionville,Appanoose
Audubon,Audubon
Brayton,Audubon
Exira,Audubon
Gray,Audubon
Hamlin,Audubon
Kimballton,Audubon
Atkins,Benton
Belle Plaine,Benton
Blairstown,Benton
Garrison,Benton
Keystone,Benton
Luzerne,Benton
Mount Auburn,Benton
Newhall,Benton
Norway,Benton
Shellsburg,Benton
Urbana,Benton
Van Horne,Benton
Vinton,Benton
Walford,Benton
Watkins,Benton
Cedar Falls,Black Hawk
Cedar Falls,Black Hawk
Dewar,Black Hawk
Dunkerton,Black Hawk
Gilbertville,Black Hawk
Hudson,Black Hawk
La Porte City,Black Hawk
Raymond,Black Hawk
Waterloo,Black Hawk
Waterloo,Black Hawk
Waterloo,Black Hawk
Waterloo,Black Hawk
Evansdale,Black Hawk
Beaver,Boone
Boone,Boone
Boone,Boone
Boxholm,Boone
Boone,Boone
Luther,Boone
Madrid,Boone
Ogden,Boone
Pilot Mound,Boone
Denver,Bremer
Frederika,Bremer
Janesville,Bremer
Plainfield,Bremer
Readlyn,Bremer
Sumner,Bremer
Tripoli,Bremer
Waverly,Bremer
Aurora,Buchanan
Fairbank,Buchanan
Hazleton,Buchanan
Independence,Buchanan
Jesup,Buchanan
Lamont,Buchanan
Stanley,Buchanan
Winthrop,Buchanan
Brandon,Buchanan
Quasqueton,Buchanan
Rowley,Buchanan
Albert City,Buena Vista
Marathon,Buena Vista
Newell,Buena Vista
Rembrandt,Buena Vista
Sioux Rapids,Buena Vista
Storm Lake,Buena Vista
Truesdale,Buena Vista
Alta,Buena Vista
Linn Grove,Buena Vista
Allison,Butler
Aplington,Butler
Aredale,Butler
Austinville,Butler
Bristow,Butler
Clarksville,Butler
Dumont,Butler
Greene,Butler
Kesley,Butler
New Hartford,Butler
Parkersburg,Butler
Shell Rock,Butler
Farnhamville,Calhoun
Jolley,Calhoun
Knierim,Calhoun
Lytton,Calhoun
Manson,Calhoun
Pomeroy,Calhoun
Rockwell City,Calhoun
Somers,Calhoun
Lake City,Calhoun
Lohrville,Calhoun
Coon Rapids,Carroll
Carroll,Carroll
Arcadia,Carroll
Breda,Carroll
Dedham,Carroll
Glidden,Carroll
Halbur,Carroll
Lanesboro,Carroll
Lidderdale,Carroll
Manning,Carroll
Ralston,Carroll
Templeton,Carroll
Anita,Cass
Atlantic,Cass
Wiota,Cass
Cumberland,Cass
Massena,Cass
Griswold,Cass
Lewis,Cass
Marne,Cass
Clarence,Cedar
Lowden,Cedar
Mechanicsville,Cedar
Stanwood,Cedar
West Branch,Cedar
Bennett,Cedar
Durant,Cedar
Tipton,Cedar
Mason City,Cerro Gordo
Mason City,Cerro Gordo
Clear Lake,Cerro Gordo
Dougherty,Cerro Gordo
Meservey,Cerro Gordo
Plymouth,Cerro Gordo
Rock Falls,Cerro Gordo
Rockwell,Cerro Gordo
Swaledale,Cerro Gordo
Thornton,Cerro Gordo
Ventura,Cerro Gordo
Aurelia,Cherokee
Cherokee,Cherokee
Cleghorn,Cherokee
Larrabee,Cherokee
Marcus,Cherokee
Meriden,Cherokee
Quimby,Cherokee
Washta,Cherokee
Alta Vista,Chickasaw
Fredericksburg,Chickasaw
Ionia,Chickasaw
Nashua,Chickasaw
New Hampton,Chickasaw
North Washington,Chickasaw
Lawler,Chickasaw
Murray,Clarke
Osceola,Clarke
Woodburn,Clarke
Peterson,Clay
Spencer,Clay
Dickens,Clay
Everly,Clay
Fostoria,Clay
Gillett Grove,Clay
Greenville,Clay
Royal,Clay
Webb,Clay
Edgewood,Clayton
Elkader,Clayton
Elkport,Clayton
Farmersburg,Clayton
Garber,Clayton
Garnavillo,Clayton
Guttenberg,Clayton
North Buena Vista,Clayton
Saint Olaf,Clayton
Strawberry Point,Clayton
Volga,Clayton
Luana,Clayton
Mc Gregor,Clayton
Marquette,Clayton
Monona,Clayton
Delmar,Clinton
Lost Nation,Clinton
Andover,Clinton
Bryant,Clinton
Calamus,Clinton
Camanche,Clinton
Charlotte,Clinton
Clinton,Clinton
Clinton,Clinton
Clinton,Clinton
Clinton,Clinton
De Witt,Clinton
Goose Lake,Clinton
Grand Mound,Clinton
Low Moor,Clinton
Teeds Grove,Clinton
Welton,Clinton
Wheatland,Clinton
Aspinwall,Crawford
Charter Oak,Crawford
Deloit,Crawford
Denison,Crawford
Kiron,Crawford
Manilla,Crawford
Ricketts,Crawford
Schleswig,Crawford
Vail,Crawford
Westside,Crawford
Arion,Crawford
Dow City,Crawford
Adel,Dallas
Booneville,Dallas
Bouton,Dallas
Dallas Center,Dallas
Dawson,Dallas
De Soto,Dallas
Dexter,Dallas
Granger,Dallas
Linden,Dallas
Minburn,Dallas
Perry,Dallas
Redfield,Dallas
Van Meter,Dallas
Waukee,Dallas
Woodward,Dallas
Bloomfield,Davis
Drakesville,Davis
Floris,Davis
Pulaski,Davis
Davis City,Decatur
Decatur,Decatur
Garden Grove,Decatur
Grand River,Decatur
Lamoni,Decatur
Leon,Decatur
Van Wert,Decatur
Weldon,Decatur
Masonville,Delaware
Colesburg,Delaware
Delaware,Delaware
Dundee,Delaware
Earlville,Delaware
Greeley,Delaware
Manchester,Delaware
Delhi,Delaware
Hopkinton,Delaware
Ryan,Delaware
Burlington,Des Moines
Danville,Des Moines
Mediapolis,Des Moines
Middletown,Des Moines
Sperry,Des Moines
West Burlington,Des Moines
Yarmouth,Des Moines
Arnolds Park,Dickinson
Lake Park,Dickinson
Milford,Dickinson
Okoboji,Dickinson
Spirit Lake,Dickinson
Superior,Dickinson
Terril,Dickinson
Dubuque,Dubuque
Dubuque,Dubuque
Dubuque,Dubuque
Dubuque,Dubuque
Bernard,Dubuque
Cascade,Dubuque
Durango,Dubuque
Dyersville,Dubuque
Epworth,Dubuque
Farley,Dubuque
Holy Cross,Dubuque
Luxemburg,Dubuque
New Vienna,Dubuque
Peosta,Dubuque
Sherrill,Dubuque
Worthington,Dubuque
Zwingle,Dubuque
Dubuque,Dubuque
Armstrong,Emmet
Dolliver,Emmet
Ringsted,Emmet
Estherville,Emmet
Wallingford,Emmet
Arlington,Fayette
Maynard,Fayette
Oelwein,Fayette
Oran,Fayette
Westgate,Fayette
Clermont,Fayette
Elgin,Fayette
Fayette,Fayette
Hawkeye,Fayette
Randalia,Fayette
Saint Lucas,Fayette
Wadena,Fayette
Waucoma,Fayette
West Union,Fayette
Floyd,Floyd
Nora Springs,Floyd
Rockford,Floyd
Rudd,Floyd
Charles City,Floyd
Colwell,Floyd
Marble Rock,Floyd
Bradford,Franklin
Popejoy,Franklin
Alexander,Franklin
Chapin,Franklin
Coulter,Franklin
Hampton,Franklin
Latimer,Franklin
Sheffield,Franklin
Geneva,Franklin
Farragut,Fremont
Hamburg,Fremont
Imogene,Fremont
Percival,Fremont
Randolph,Fremont
Riverton,Fremont
Sidney,Fremont
Tabor,Fremont
Thurman,Fremont
Churdan,Greene
Cooper,Greene
Dana,Greene
Grand Junction,Greene
Jefferson,Greene
Paton,Greene
Rippey,Greene
Scranton,Greene
Beaman,Grundy
Conrad,Grundy
Dike,Grundy
Grundy Center,Grundy
Holland,Grundy
Morrison,Grundy
Reinbeck,Grundy
Stout,Grundy
Wellsburg,Grundy
Bagley,Guthrie
Bayard,Guthrie
Casey,Guthrie
Guthrie Center,Guthrie
Jamaica,Guthrie
Menlo,Guthrie
Panora,Guthrie
Stuart,Guthrie
Yale,Guthrie
Blairsburg,Hamilton
Ellsworth,Hamilton
Jewell,Hamilton
Kamrar,Hamilton
Randall,Hamilton
Stanhope,Hamilton
Stratford,Hamilton
Williams,Hamilton
Webster City,Hamilton
Britt,Hancock
Corwith,Hancock
Crystal Lake,Hancock
Garner,Hancock
Goodell,Hancock
Kanawha,Hancock
Klemme,Hancock
Woden,Hancock
Alden,Hardin
Buckeye,Hardin
Garden City,Hardin
Hubbard,Hardin
Iowa Falls,Hardin
New Providence,Hardin
Radcliffe,Hardin
Union,Hardin
Gifford,Hardin
Whitten,Hardin
Ackley,Hardin
Eldora,Hardin
Steamboat Rock,Hardin
Dunlap,Harrison
Little Sioux,Harrison
Logan,Harrison
Magnolia,Harrison
Missouri Valley,Harrison
Modale,Harrison
Mondamin,Harrison
Persia,Harrison
Pisgah,Harrison
Woodbine,Harrison
Hillsboro,Henry
Mount Pleasant,Henry
Rome,Henry
Mount Union,Henry
New London,Henry
Olds,Henry
Salem,Henry
Swedesburg,Henry
Wayland,Henry
Winfield,Henry
Riceville,Howard
Elma,Howard
Chester,Howard
Cresco,Howard
Lime Springs,Howard
Protivin,Howard
Bode,Humboldt
Bradgate,Humboldt
Dakota City,Humboldt
Gilmore City,Humboldt
Hardy,Humboldt
Humboldt,Humboldt
Livermore,Humboldt
Ottosen,Humboldt
Renwick,Humboldt
Rutland,Humboldt
Thor,Humboldt
Battle Creek,Ida
Galva,Ida
Holstein,Ida
Arthur,Ida
Ida Grove,Ida
Amana,Iowa
Amana,Iowa
Conroy,Iowa
Homestead,Iowa
Ladora,Iowa
Marengo,Iowa
Middle Amana,Iowa
Millersburg,Iowa
North English,Iowa
Parnell,Iowa
South Amana,Iowa
Victor,Iowa
Williamsburg,Iowa
Andrew,Jackson
Bellevue,Jackson
La Motte,Jackson
Maquoketa,Jackson
Miles,Jackson
Preston,Jackson
Sabula,Jackson
Saint Donatus,Jackson
Spragueville,Jackson
Springbrook,Jackson
Baldwin,Jackson
Monmouth,Jackson
Baxter,Jasper
Colfax,Jasper
Ira,Jasper
Kellogg,Jasper
Killduff,Jasper
Lynnville,Jasper
Mingo,Jasper
Monroe,Jasper
Newton,Jasper
Prairie City,Jasper
Reasnor,Jasper
Sully,Jasper
Batavia,Jefferson
Fairfield,Jefferson
Fairfield,Jefferson
Libertyville,Jefferson
Packwood,Jefferson
Lockridge,Jefferson
Hills,Johnson
Iowa City,Johnson
Coralville,Johnson
Iowa City,Johnson
Iowa City,Johnson
Iowa City,Johnson
Iowa City,Johnson
Iowa City,Johnson
North Liberty,Johnson
Oxford,Johnson
Solon,Johnson
Swisher,Johnson
Tiffin,Johnson
Lone Tree,Johnson
Anamosa,Jones
Center Junction,Jones
Langworthy,Jones
Martelle,Jones
Monticello,Jones
Morley,Jones
Olin,Jones
Onslow,Jones
Oxford Junction,Jones
Wyoming,Jones
Gibson,Keokuk
Keswick,Keokuk
Thornburg,Keokuk
What Cheer,Keokuk
Harper,Keokuk
Keota,Keokuk
South English,Keokuk
Webster,Keokuk
Delta,Keokuk
Hayesville,Keokuk
Hedrick,Keokuk
Martinsburg,Keokuk
Ollie,Keokuk
Richland,Keokuk
Sigourney,Keokuk
Lakota,Kossuth
Titonka,Kossuth
Wesley,Kossuth
Algona,Kossuth
Bancroft,Kossuth
Burt,Kossuth
Fenton,Kossuth
Ledyard,Kossuth
Lone Rock,Kossuth
Lu Verne,Kossuth
Swea City,Kossuth
Whittemore,Kossuth
Argyle,Lee
Denmark,Lee
Donnellson,Lee
Fort Madison,Lee
Houghton,Lee
Keokuk,Lee
Montrose,Lee
Pilot Grove,Lee
West Point,Lee
Saint Paul,Lee
Wever,Lee
Alburnett,Linn
Center Point,Linn
Central City,Linn
Coggon,Linn
Prairieburg,Linn
Ely,Linn
Fairfax,Linn
Hiawatha,Linn
Lisbon,Linn
Marion,Linn
Mount Vernon,Linn
Palo,Linn
Robins,Linn
Springville,Linn
Toddville,Linn
Troy Mills,Linn
Walker,Linn
Cedar Rapids,Linn
Cedar Rapids,Linn
Cedar Rapids,Linn
Cedar Rapids,Linn
Cedar Rapids,Linn
Cedar Rapids,Linn
Cedar Rapids,Linn
Cedar Rapids,Linn
Cedar Rapids,Linn
Cedar Rapids,Linn
Cedar Rapids,Linn
Cedar Rapids,Linn
Cedar Rapids,Linn
Cedar Rapids,Linn
Morning Sun,Louisa
Oakville,Louisa
Wapello,Louisa
Columbus City,Louisa
Columbus Junction,Louisa
Grandview,Louisa
Letts,Louisa
Chariton,Lucas
Derby,Lucas
Lucas,Lucas
Russell,Lucas
Williamson,Lucas
Alvord,Lyon
Doon,Lyon
George,Lyon
Inwood,Lyon
Larchwood,Lyon
Lester,Lyon
Little Rock,Lyon
Rock Rapids,Lyon
Bevington,Madison
Earlham,Madison
Macksburg,Madison
Patterson,Madison
Peru,Madison
Saint Charles,Madison
Truro,Madison
Winterset,Madison
Barnes City,Mahaska
Leighton,Mahaska
New Sharon,Mahaska
Beacon,Mahaska
Cedar,Mahaska
Fremont,Mahaska
Oskaloosa,Mahaska
Rose Hill,Mahaska
University Park,Mahaska
Bussey,Marion
Columbia,Marion
Melcher Dallas,Marion
Hamilton,Marion
Harvey,Marion
Knoxville,Marion
Melcher Dallas,Marion
Otley,Marion
Pella,Marion
Pleasantville,Marion
Swan,Marion
Tracy,Marion
Albion,Marshall
Clemons,Marshall
Ferguson,Marshall
Gilman,Marshall
Haverhill,Marshall
Laurel,Marshall
Le Grand,Marshall
Liscomb,Marshall
Marshalltown,Marshall
Melbourne,Marshall
Rhodes,Marshall
Saint Anthony,Marshall
State Center,Marshall
Emerson,Mills
Glenwood,Mills
Hastings,Mills
Henderson,Mills
Malvern,Mills
Mineola,Mills
Pacific Junction,Mills
Silver City,Mills
Carpenter,Mitchell
Little Cedar,Mitchell
Mc Intire,Mitchell
Orchard,Mitchell
Osage,Mitchell
Saint Ansgar,Mitchell
Stacyville,Mitchell
Toeterville,Mitchell
Castana,Monona
Mapleton,Monona
Onawa,Monona
Rodney,Monona
Ute,Monona
Whiting,Monona
Blencoe,Monona
Moorhead,Monona
Soldier,Monona
Lovilia,Monroe
Albia,Monroe
Melrose,Monroe
Grant,Montgomery
Villisca,Montgomery
Elliott,Montgomery
Red Oak,Montgomery
Stanton,Montgomery
Red Oak,Montgomery
Atalissa,Muscatine
Conesville,Muscatine
Fruitland,Muscatine
Montpelier,Muscatine
Moscow,Muscatine
Muscatine,Muscatine
Nichols,Muscatine
Stockton,Muscatine
West Liberty,Muscatine
Wilton,Muscatine
Calumet,O'Brien
Paullina,O'Brien
Sutherland,O'Brien
Sheldon,O'Brien
Archer,O'Brien
Primghar,O'Brien
Sanborn,O'Brien
Hartley,O'Brien
Ashton,Osceola
Sibley,Osceola
Harris,Osceola
Melvin,Osceola
Ocheyedan,Osceola
Shenandoah,Page
Shenandoah,Page
Blanchard,Page
Braddyville,Page
Clarinda,Page
Coin,Page
College Springs,Page
Essex,Page
Northboro,Page
Shambaugh,Page
Yorktown,Page
Ayrshire,Palo Alto
Curlew,Palo Alto
Cylinder,Palo Alto
Emmetsburg,Palo Alto
Mallard,Palo Alto
West Bend,Palo Alto
Graettinger,Palo Alto
Ruthven,Palo Alto
Akron,Plymouth
Brunsville,Plymouth
Hinton,Plymouth
Kingsley,Plymouth
Le Mars,Plymouth
Merrill,Plymouth
Oyens,Plymouth
Remsen,Plymouth
Westfield,Plymouth
Fonda,Pocahontas
Havelock,Pocahontas
Laurens,Pocahontas
Palmer,Pocahontas
Plover,Pocahontas
Pocahontas,Pocahontas
Rolfe,Pocahontas
Varina,Pocahontas
Alleman,Polk
Altoona,Polk
Ankeny,Polk
Ankeny,Polk
Berwick,Polk
Bondurant,Polk
Elkhart,Polk
Grimes,Polk
Johnston,Polk
Mitchellville,Polk
Polk City,Polk
Runnells,Polk
Sheldahl,Polk
West Des Moines,Polk
West Des Moines,Polk
Des Moines,Polk
Des Moines,Polk
Des Moines,Polk
Des Moines,Polk
Des Moines,Polk
Des Moines,Polk
Des Moines,Polk
Des Moines,Polk
Des Moines,Polk
Des Moines,Polk
Des Moines,Polk
Des Moines,Polk
Des Moines,Polk
Des Moines,Polk
Des Moines,Polk
Des Moines,Polk
Des Moines,Polk
Des Moines,Polk
Des Moines,Polk
Des Moines,Polk
Des Moines,Polk
Urbandale,Polk
Urbandale,Polk
Windsor Heights,Polk
Clive,Polk
Pleasant Hill,Polk
Des Moines,Polk
Des Moines,Polk
Des Moines,Polk
Des Moines,Polk
Des Moines,Polk
Des Moines,Polk
Des Moines,Polk
Des Moines,Polk
Des Moines,Polk
Des Moines,Polk
Des Moines,Polk
Des Moines,Polk
Des Moines,Polk
Des Moines,Polk
Des Moines,Polk
Des Moines,Polk
Des Moines,Polk
Des Moines,Polk
Des Moines,Polk
Des Moines,Polk
Des Moines,Polk
Des Moines,Polk
Des Moines,Polk
Des Moines,Polk
Des Moines,Polk
Des Moines,Polk
Des Moines,Polk
Des Moines,Polk
Urbandale,Polk
Des Moines,Polk
Des Moines,Polk
Des Moines,Polk
Des Moines,Polk
Des Moines,Polk
Des Moines,Polk
Des Moines,Polk
Des Moines,Polk
Council Bluffs,Pottawattamie
Council Bluffs,Pottawattamie
Council Bluffs,Pottawattamie
Carter Lake,Pottawattamie
Avoca,Pottawattamie
Carson,Pottawattamie
Crescent,Pottawattamie
Hancock,Pottawattamie
Honey Creek,Pottawattamie
Mc Clelland,Pottawattamie
Macedonia,Pottawattamie
Minden,Pottawattamie
Neola,Pottawattamie
Oakland,Pottawattamie
Shelby,Pottawattamie
Treynor,Pottawattamie
Underwood,Pottawattamie
Walnut,Pottawattamie
Harlan,Pottawattamie
Grinnell,Poweshiek
Malcom,Poweshiek
Montezuma,Poweshiek
Searsboro,Poweshiek
Brooklyn,Poweshiek
Guernsey,Poweshiek
Deep River,Poweshiek
Hartwick,Poweshiek
Ellston,Ringgold
Kellerton,Ringgold
Benton,Ringgold
Diagonal,Ringgold
Mount Ayr,Ringgold
Redding,Ringgold
Tingley,Ringgold
Early,Sac
Nemaha,Sac
Sac City,Sac
Schaller,Sac
Auburn,Sac
Lake View,Sac
Odebolt,Sac
Wall Lake,Sac
Bettendorf,Scott
Blue Grass,Scott
Buffalo,Scott
Dixon,Scott
Donahue,Scott
Eldridge,Scott
Le Claire,Scott
Long Grove,Scott
Mc Causland,Scott
New Liberty,Scott
Pleasant Valley,Scott
Princeton,Scott
Walcott,Scott
Davenport,Scott
Davenport,Scott
Davenport,Scott
Davenport,Scott
Davenport,Scott
Davenport,Scott
Davenport,Scott
Davenport,Scott
Davenport,Scott
Irwin,Shelby
Kirkman,Shelby
Defiance,Shelby
Earling,Shelby
Elk Horn,Shelby
Harlan,Shelby
Panama,Shelby
Portsmouth,Shelby
Westphalia,Shelby
Alton,Sioux
Chatsworth,Sioux
Granville,Sioux
Hawarden,Sioux
Ireton,Sioux
Maurice,Sioux
Orange City,Sioux
Boyden,Sioux
Hospers,Sioux
Hull,Sioux
Matlock,Sioux
Rock Valley,Sioux
Sioux Center,Sioux
Ames,Story
Ames,Story
Ames,Story
Ames,Story
Ames,Story
Cambridge,Story
Collins,Story
Colo,Story
Gilbert,Story
Huxley,Story
Kelley,Story
Mc Callsburg,Story
Maxwell,Story
Nevada,Story
Roland,Story
Slater,Story
Story City,Story
Zearing,Story
Montour,Tama
Buckingham,Tama
Garwin,Tama
Gladbrook,Tama
Lincoln,Tama
Traer,Tama
Chelsea,Tama
Clutier,Tama
Dysart,Tama
Elberon,Tama
Tama,Tama
Toledo,Tama
Vining,Tama
Bedford,Taylor
Blockton,Taylor
Clearfield,Taylor
Gravity,Taylor
Lenox,Taylor
Sharpsburg,Taylor
New Market,Taylor
Lorimor,Union
Thayer,Union
Creston,Union
Afton,Union
Arispe,Union
Cromwell,Union
Shannon City,Union
Birmingham,Van Buren
Cantril,Van Buren
Douds,Van Buren
Keosauqua,Van Buren
Milton,Van Buren
Mount Sterling,Van Buren
Selma,Van Buren
Bonaparte,Van Buren
Farmington,Van Buren
Stockport,Van Buren
Ottumwa,Wapello
Agency,Wapello
Blakesburg,Wapello
Chillicothe,Wapello
Eddyville,Wapello
Eldon,Wapello
Kirkville,Wapello
Ackworth,Warren
Carlisle,Warren
Cumming,Warren
Hartford,Warren
Indianola,Warren
Lacona,Warren
Liberty Center,Warren
Martensdale,Warren
Milo,Warren
New Virginia,Warren
Norwalk,Warren
Prole,Warren
Saint Marys,Warren
Ainsworth,Washington
Kalona,Washington
Riverside,Washington
Washington,Washington
Wellman,Washington
West Chester,Washington
Brighton,Washington
Crawfordsville,Washington
Allerton,Wayne
Clio,Wayne
Corydon,Wayne
Humeston,Wayne
Lineville,Wayne
Millerton,Wayne
Promise City,Wayne
Seymour,Wayne
Fort Dodge,Webster
Badger,Webster
Barnum,Webster
Burnside,Webster
Callender,Webster
Clare,Webster
Dayton,Webster
Duncombe,Webster
Gowrie,Webster
Harcourt,Webster
Lehigh,Webster
Moorland,Webster
Otho,Webster
Vincent,Webster
Buffalo Center,Winnebago
Forest City,Winnebago
Lake Mills,Winnebago
Leland,Winnebago
Rake,Winnebago
Scarville,Winnebago
Thompson,Winnebago
Decorah,Winneshiek
Calmar,Winneshiek
Castalia,Winneshiek
Fort Atkinson,Winneshiek
Highlandville,Winneshiek
Ossian,Winneshiek
Ridgeway,Winneshiek
Spillville,Winneshiek
Anthon,Woodbury
Bronson,Woodbury
Climbing Hill,Woodbury
Correctionville,Woodbury
Cushing,Woodbury
Danbury,Woodbury
Hornick,Woodbury
Lawton,Woodbury
Moville,Woodbury
Oto,Woodbury
Pierson,Woodbury
Salix,Woodbury
Sergeant Bluff,Woodbury
Sloan,Woodbury
Smithland,Woodbury
Sioux City,Woodbury
Sioux City,Woodbury
Sioux City,Woodbury
Sioux City,Woodbury
Sioux City,Woodbury
Sioux City,Woodbury
Sioux City,Woodbury
Sioux City,Woodbury
Sioux City,Woodbury
Fertile,Worth
Grafton,Worth
Hanlontown,Worth
Joice,Worth
Kensett,Worth
Manly,Worth
Northwood,Worth
Dows,Wright
Galt,Wright
Belmond,Wright
Rowan,Wright
Clarion,Wright
Clarion,Wright
Eagle Grove,Wright
Goldfield,Wright
Woolstock,Wright
Eagle,Ada
Kuna,Ada
Meridian,Ada
Star,Ada
Meridian,Ada
Boise,Ada
Boise,Ada
Boise,Ada
Boise,Ada
Boise,Ada
Boise,Ada
Boise,Ada
Boise,Ada
Boise,Ada
Boise,Ada
Boise,Ada
Boise,Ada
Garden City,Ada
Boise,Ada
Boise,Ada
Boise,Ada
Boise,Ada
Boise,Ada
Boise,Ada
Boise,Ada
Boise,Ada
Boise,Ada
Boise,Ada
Boise,Ada
Boise,Ada
Boise,Ada
Boise,Ada
Boise,Ada
Boise,Ada
Council,Adams
Indian Valley,Adams
Mesa,Adams
New Meadows,Adams
Pocatello,Bannock
Pocatello,Bannock
Pocatello,Bannock
Pocatello,Bannock
Pocatello,Bannock
Pocatello,Bannock
Arimo,Bannock
Downey,Bannock
Inkom,Bannock
Lava Hot Springs,Bannock
McCammon,Bannock
Swanlake,Bannock
Bern,Bear Lake
Bloomington,Bear Lake
Dingle,Bear Lake
Geneva,Bear Lake
Georgetown,Bear Lake
Montpelier,Bear Lake
Paris,Bear Lake
Saint Charles,Bear Lake
Fish Haven,Bear Lake
Desmet,Benewah
Fernwood,Benewah
Plummer,Benewah
Saint Maries,Benewah
Santa,Benewah
Tensed,Benewah
Fort Hall,Bingham
Aberdeen,Bingham
Atomic City,Bingham
Basalt,Bingham
Blackfoot,Bingham
Firth,Bingham
Moreland,Bingham
Pingree,Bingham
Shelley,Bingham
Springfield,Bingham
Bellevue,Blaine
Carey,Blaine
Hailey,Blaine
Ketchum,Blaine
Picabo,Blaine
Sun Valley,Blaine
Sun Valley,Blaine
Banks,Boise
Garden Valley,Boise
Horseshoe Bend,Boise
Idaho City,Boise
Lowman,Boise
Meridian,Boise
Placerville,Boise
Blanchard,Bonner
Careywood,Bonner
Clark Fork,Bonner
Cocolalla,Bonner
Coolin,Bonner
Oldtown,Bonner
Dover,Bonner
Hope,Bonner
Kootenai,Bonner
Laclede,Bonner
Nordman,Bonner
Ponderay,Bonner
Priest River,Bonner
Sagle,Bonner
Sandpoint,Bonner
Colburn,Bonner
Idaho Falls,Bonneville
Idaho Falls,Bonneville
Idaho Falls,Bonneville
Idaho Falls,Bonneville
Idaho Falls,Bonneville
Idaho Falls,Bonneville
Idaho Falls,Bonneville
Iona,Bonneville
Irwin,Bonneville
Swan Valley,Bonneville
Ucon,Bonneville
Bonners Ferry,Boundary
Eastport,Boundary
Moyie Springs,Boundary
Naples,Boundary
Porthill,Boundary
Arco,Butte
Howe,Butte
Moore,Butte
Corral,Camas
Fairfield,Camas
Hill City,Camas
Caldwell,Canyon
Caldwell,Canyon
Caldwell,Canyon
Greenleaf,Canyon
Huston,Canyon
Melba,Canyon
Middleton,Canyon
Nampa,Canyon
Nampa,Canyon
Nampa,Canyon
Notus,Canyon
Parma,Canyon
Wilder,Canyon
Nampa,Canyon
Nampa,Canyon
Bancroft,Caribou
Conda,Caribou
Grace,Caribou
Soda Springs,Caribou
Wayan,Caribou
Albion,Cassia
Almo,Cassia
Burley,Cassia
Declo,Cassia
Malta,Cassia
Oakley,Cassia
Dubois,Clark
Spencer,Clark
Ahsahka,Clearwater
Lenore,Clearwater
Orofino,Clearwater
Pierce,Clearwater
Weippe,Clearwater
Elk River,Clearwater
Challis,Custer
Clayton,Custer
Ellis,Custer
Mackay,Custer
Stanley,Custer
Atlanta,Elmore
Glenns Ferry,Elmore
Hammett,Elmore
King Hill,Elmore
Mountain Home,Elmore
Mountain Home Afb,Elmore
Clifton,Franklin
Dayton,Franklin
Franklin,Franklin
Preston,Franklin
Thatcher,Franklin
Weston,Franklin
Ashton,Fremont
Chester,Fremont
Island Park,Fremont
Macks Inn,Fremont
Newdale,Fremont
Parker,Fremont
Saint Anthony,Fremont
Teton,Fremont
Emmett,Gem
Letha,Gem
Ola,Gem
Sweet,Gem
Bliss,Gooding
Gooding,Gooding
Hagerman,Gooding
Wendell,Gooding
Cottonwood,Idaho
Elk City,Idaho
Ferdinand,Idaho
Grangeville,Idaho
Fenn,Idaho
Greencreek,Idaho
Kooskia,Idaho
Lucile,Idaho
Pollock,Idaho
Riggins,Idaho
Stites,Idaho
White Bird,Idaho
Warren,Idaho
Hamer,Jefferson
Lewisville,Jefferson
Menan,Jefferson
Monteview,Jefferson
Rigby,Jefferson
Ririe,Jefferson
Roberts,Jefferson
Terreton,Jefferson
Eden,Jerome
Hazelton,Jerome
Jerome,Jerome
Athol,Kootenai
Bayview,Kootenai
Cataldo,Kootenai
Coeur d'Alene,Kootenai
Coeur d'Alene,Kootenai
Coeur d'Alene,Kootenai
Harrison,Kootenai
Hayden,Kootenai
Medimont,Kootenai
Post Falls,Kootenai
Rathdrum,Kootenai
Spirit Lake,Kootenai
Worley,Kootenai
Post Falls,Kootenai
Juliaetta,Latah
Kendrick,Latah
Bovill,Latah
Deary,Latah
Genesee,Latah
Harvard,Latah
Moscow,Latah
Moscow,Latah
Potlatch,Latah
Princeton,Latah
Troy,Latah
Viola,Latah
Cobalt,Lemhi
May,Lemhi
Carmen,Lemhi
Gibbonsville,Lemhi
Leadore,Lemhi
Lemhi,Lemhi
North Fork,Lemhi
Salmon,Lemhi
Tendoy,Lemhi
Shoup,Lemhi
Craigmont,Lewis
Kamiah,Lewis
Nezperce,Lewis
Reubens,Lewis
Winchester,Lewis
Dietrich,Lincoln
Richfield,Lincoln
Shoshone,Lincoln
Rexburg,Madison
Rexburg,Madison
Sugar City,Madison
Rexburg,Madison
Heyburn,Minidoka
Minidoka,Minidoka
Paul,Minidoka
Rupert,Minidoka
Lewiston,Nez Perce
Culdesac,Nez Perce
Lapwai,Nez Perce
Peck,Nez Perce
Holbrook,Oneida
Malad City,Oneida
Bruneau,Owyhee
Grand View,Owyhee
Homedale,Owyhee
Marsing,Owyhee
Murphy,Owyhee
Fruitland,Payette
New Plymouth,Payette
Payette,Payette
American Falls,Power
Arbon,Power
Rockland,Power
Avery,Shoshone
Calder,Shoshone
Clarkia,Shoshone
Kellogg,Shoshone
Kingston,Shoshone
Mullan,Shoshone
Osburn,Shoshone
Pinehurst,Shoshone
Silverton,Shoshone
Smelterville,Shoshone
Wallace,Shoshone
Murray,Shoshone
Driggs,Teton
Felt,Teton
Tetonia,Teton
Victor,Teton
Twin Falls,Twin Falls
Rogerson,Twin Falls
Twin Falls,Twin Falls
Buhl,Twin Falls
Castleford,Twin Falls
Filer,Twin Falls
Hansen,Twin Falls
Kimberly,Twin Falls
Murtaugh,Twin Falls
Cascade,Valley
Donnelly,Valley
Lake Fork,Valley
McCall,Valley
Yellow Pine,Valley
Cambridge,Washington
Midvale,Washington
Weiser,Washington
Quincy,Adams
Quincy,Adams
Quincy,Adams
Camp Point,Adams
Clayton,Adams
Coatsburg,Adams
Fowler,Adams
Golden,Adams
La Prairie,Adams
Liberty,Adams
Lima,Adams
Loraine,Adams
Mendon,Adams
Paloma,Adams
Payson,Adams
Plainville,Adams
Ursa,Adams
Cairo,Alexander
Mc Clure,Alexander
Miller City,Alexander
Olive Branch,Alexander
Tamms,Alexander
Thebes,Alexander
Unity,Alexander
Donnellson,Bond
Sorento,Bond
Greenville,Bond
Mulberry Grove,Bond
Pierron,Bond
Pocahontas,Bond
Smithboro,Bond
Belvidere,Boone
Caledonia,Boone
Capron,Boone
Garden Prairie,Boone
Poplar Grove,Boone
Mount Sterling,Brown
Timewell,Brown
Versailles,Brown
Arlington,Bureau
Buda,Bureau
Bureau,Bureau
Cherry,Bureau
Dalzell,Bureau
Depue,Bureau
Dover,Bureau
Kasbeer,Bureau
Ladd,Bureau
La Moille,Bureau
Malden,Bureau
Manlius,Bureau
Mineral,Bureau
Neponset,Bureau
New Bedford,Bureau
Ohio,Bureau
Princeton,Bureau
Seatonville,Bureau
Sheffield,Bureau
Spring Valley,Bureau
Tiskilwa,Bureau
Van Orin,Bureau
Walnut,Bureau
Wyanet,Bureau
Batchtown,Calhoun
Brussels,Calhoun
Golden Eagle,Calhoun
Hamburg,Calhoun
Hardin,Calhoun
Kampsville,Calhoun
Michael,Calhoun
Mozier,Calhoun
Chadwick,Carroll
Lanark,Carroll
Milledgeville,Carroll
Mount Carroll,Carroll
Savanna,Carroll
Shannon,Carroll
Thomson,Carroll
Arenzville,Cass
Ashland,Cass
Beardstown,Cass
Bluff Springs,Cass
Chandlerville,Cass
Virginia,Cass
Ludlow,Champaign
Urbana,Champaign
Urbana,Champaign
Urbana,Champaign
Bondville,Champaign
Broadlands,Champaign
Champaign,Champaign
Champaign,Champaign
Champaign,Champaign
Champaign,Champaign
Champaign,Champaign
Champaign,Champaign
Dewey,Champaign
Fisher,Champaign
Foosland,Champaign
Gifford,Champaign
Homer,Champaign
Ivesdale,Champaign
Longview,Champaign
Mahomet,Champaign
Ogden,Champaign
Penfield,Champaign
Pesotum,Champaign
Philo,Champaign
Rantoul,Champaign
Royal,Champaign
Sadorus,Champaign
Saint Joseph,Champaign
Savoy,Champaign
Seymour,Champaign
Sidney,Champaign
Thomasboro,Champaign
Tolono,Champaign
Rosamond,Christian
Assumption,Christian
Bulpitt,Christian
Edinburg,Christian
Kincaid,Christian
Morrisonville,Christian
Mount Auburn,Christian
Owaneco,Christian
Palmer,Christian
Pana,Christian
Stonington,Christian
Taylorville,Christian
Tovey,Christian
Casey,Clark
Dennison,Clark
Marshall,Clark
Martinsville,Clark
Westfield,Clark
West Union,Clark
Ingraham,Clay
Clay City,Clay
Flora,Clay
Louisville,Clay
Sailor Springs,Clay
Xenia,Clay
Albers,Clinton
Aviston,Clinton
Bartelso,Clinton
Beckemeyer,Clinton
Breese,Clinton
Carlyle,Clinton
Germantown,Clinton
Hoffman,Clinton
Huey,Clinton
Keyesport,Clinton
New Baden,Clinton
New Memphis,Clinton
Trenton,Clinton
Ashmore,Coles
Charleston,Coles
Humboldt,Coles
Mattoon,Coles
Oakland,Coles
Lerna,Coles
Trilla,Coles
Arlington Heights,Cook
Arlington Heights,Cook
Arlington Heights,Cook
Elk Grove Village,Cook
Rolling Meadows,Cook
Elk Grove Village,Cook
Des Plaines,Cook
Des Plaines,Cook
Des Plaines,Cook
Des Plaines,Cook
Glencoe,Cook
Glenview,Cook
Glenview,Cook
Golf,Cook
Palatine,Cook
Kenilworth,Cook
Morton Grove,Cook
Palatine,Cook
Mount Prospect,Cook
Northbrook,Cook
Northbrook,Cook
Palatine,Cook
Park Ridge,Cook
Prospect Heights,Cook
Palatine,Cook
Skokie,Cook
Skokie,Cook
Palatine,Cook
Techny,Cook
Wheeling,Cook
Wilmette,Cook
Winnetka,Cook
Palatine,Cook
Palatine,Cook
Bartlett,Cook
Bellwood,Cook
Streamwood,Cook
Forest Park,Cook
Franklin Park,Cook
Hines,Cook
Maywood,Cook
Westchester,Cook
Broadview,Cook
Schaumburg,Cook
Melrose Park,Cook
Melrose Park,Cook
Hillside,Cook
Berkeley,Cook
Melrose Park,Cook
Stone Park,Cook
Schaumburg,Cook
Hoffman Estates,Cook
River Grove,Cook
Schaumburg,Cook
Schiller Park,Cook
Hoffman Estates,Cook
Hoffman Estates,Cook
Schaumburg,Cook
Schaumburg,Cook
Schaumburg,Cook
Schaumburg,Cook
Evanston,Cook
Evanston,Cook
Evanston,Cook
Evanston,Cook
Evanston,Cook
Evanston,Cook
Oak Park,Cook
Oak Park,Cook
Oak Park,Cook
Oak Park,Cook
River Forest,Cook
Berwyn,Cook
Blue Island,Cook
Calumet City,Cook
Chicago Heights,Cook
Chicago Heights,Cook
Chicago Ridge,Cook
Crestwood,Cook
Dolton,Cook
Flossmoor,Cook
Glenwood,Cook
Harvey,Cook
Hazel Crest,Cook
Homewood,Cook
Lansing,Cook
Matteson,Cook
Midlothian,Cook
Oak Forest,Cook
Oak Lawn,Cook
Oak Lawn,Cook
Bridgeview,Cook
Hometown,Cook
Hickory Hills,Cook
Justice,Cook
Burbank,Cook
Olympia Fields,Cook
Orland Park,Cook
Palos Heights,Cook
Palos Park,Cook
Palos Hills,Cook
Park Forest,Cook
Orland Park,Cook
Posen,Cook
Richton Park,Cook
Robbins,Cook
South Holland,Cook
Steger,Cook
Thornton,Cook
Tinley Park,Cook
Country Club Hills,Cook
Willow Springs,Cook
Worth,Cook
Bedford Park,Cook
Summit Argo,Cook
Brookfield,Cook
La Grange,Cook
La Grange Park,Cook
Lyons,Cook
Riverside,Cook
Western Springs,Cook
Chicago,Cook
Chicago,Cook
Chicago,Cook
Chicago,Cook
Chicago,Cook
Chicago,Cook
Chicago,Cook
Chicago,Cook
Chicago,Cook
Chicago,Cook
Chicago,Cook
Chicago,Cook
Chicago,Cook
Chicago,Cook
Chicago,Cook
Chicago,Cook
Chicago,Cook
Chicago,Cook
Chicago,Cook
Chicago,Cook
Chicago,Cook
Chicago,Cook
Chicago,Cook
Chicago,Cook
Chicago,Cook
Chicago,Cook
Chicago,Cook
Chicago,Cook
Chicago,Cook
Chicago,Cook
Chicago,Cook
Chicago,Cook
Chicago,Cook
Chicago,Cook
Chicago,Cook
Chicago,Cook
Chicago,Cook
Chicago,Cook
Chicago,Cook
Chicago,Cook
Chicago,Cook
Chicago,Cook
Chicago,Cook
Chicago,Cook
Chicago,Cook
Chicago,Cook
Chicago,Cook
Chicago,Cook
Chicago,Cook
Chicago,Cook
Chicago,Cook
Chicago,Cook
Chicago,Cook
Chicago,Cook
Chicago,Cook
Chicago,Cook
Chicago,Cook
Chicago,Cook
Chicago,Cook
Chicago,Cook
Chicago,Cook
Chicago,Cook
Chicago,Cook
Chicago,Cook
Chicago,Cook
Chicago,Cook
Chicago,Cook
Chicago,Cook
Chicago,Cook
Chicago,Cook
Chicago,Cook
Chicago,Cook
Chicago,Cook
Chicago,Cook
Chicago,Cook
Chicago,Cook
Chicago,Cook
Chicago,Cook
Chicago,Cook
Chicago,Cook
Chicago,Cook
Chicago,Cook
Chicago,Cook
Chicago,Cook
Harwood Heights,Cook
Elmwood Park,Cook
Lincolnwood,Cook
Niles,Cook
Alsip,Cook
Cicero,Cook
Evergreen Park,Cook
Riverdale,Cook
Annapolis,Crawford
Flat Rock,Crawford
Hutsonville,Crawford
Oblong,Crawford
Palestine,Crawford
Robinson,Crawford
Stoy,Crawford
West York,Crawford
Greenup,Cumberland
Janesville,Cumberland
Jewett,Cumberland
Neoga,Cumberland
Toledo,Cumberland
Clare,DeKalb
Cortland,DeKalb
Dekalb,DeKalb
Esmond,DeKalb
Genoa,DeKalb
Kingston,DeKalb
Kirkland,DeKalb
Malta,DeKalb
Sycamore,DeKalb
Hinckley,DeKalb
Sandwich,DeKalb
Shabbona,DeKalb
Somonauk,DeKalb
Waterman,DeKalb
Clinton,De Witt
Dewitt,De Witt
Kenney,De Witt
Lane,De Witt
Wapella,De Witt
Waynesville,De Witt
Farmer City,De Witt
Weldon,De Witt
Arcola,Douglas
Arthur,Douglas
Atwood,Douglas
Camargo,Douglas
Hindsboro,Douglas
Murdock,Douglas
Newman,Douglas
Tuscola,Douglas
Villa Grove,Douglas
Addison,DuPage
Bensenville,DuPage
Bensenville,DuPage
Bloomingdale,DuPage
Carol Stream,DuPage
Bloomingdale,DuPage
Elmhurst,DuPage
Carol Stream,DuPage
Carol Stream,DuPage
Hanover Park,DuPage
Glen Ellyn,DuPage
Glen Ellyn,DuPage
Glendale Heights,DuPage
Itasca,DuPage
Lombard,DuPage
Medinah,DuPage
Roselle,DuPage
Villa Park,DuPage
Wayne,DuPage
West Chicago,DuPage
West Chicago,DuPage
Wheaton,DuPage
Carol Stream,DuPage
Wheaton,DuPage
Winfield,DuPage
Wood Dale,DuPage
Carol Stream,DuPage
Carol Stream,DuPage
Wood Dale,DuPage
Lemont,DuPage
Aurora,DuPage
Clarendon Hills,DuPage
Downers Grove,DuPage
Downers Grove,DuPage
Woodridge,DuPage
Eola,DuPage
Hinsdale,DuPage
Hinsdale,DuPage
Oak Brook,DuPage
Willowbrook,DuPage
Lisle,DuPage
Naperville,DuPage
Warrenville,DuPage
Westmont,DuPage
Darien,DuPage
Naperville,DuPage
Naperville,DuPage
Naperville,DuPage
Naperville,DuPage
Aurora,DuPage
Aurora,DuPage
Aurora,DuPage
Fox Valley,DuPage
Brocton,Edgar
Chrisman,Edgar
Hume,Edgar
Kansas,Edgar
Metcalf,Edgar
Paris,Edgar
Redmon,Edgar
Vermilion,Edgar
West Salem,Edwards
Albion,Edwards
Bone Gap,Edwards
Browns,Edwards
Ellery,Edwards
Effingham,Effingham
Altamont,Effingham
Beecher City,Effingham
Dieterich,Effingham
Edgewood,Effingham
Mason,Effingham
Montrose,Effingham
Shumway,Effingham
Teutopolis,Effingham
Watson,Effingham
Bingham,Fayette
Ramsey,Fayette
Hagarstown,Fayette
Brownstown,Fayette
Saint Elmo,Fayette
Vandalia,Fayette
Farina,Fayette
Saint Peter,Fayette
Shobonier,Fayette
Cabery,Ford
Elliott,Ford
Gibson City,Ford
Kempton,Ford
Melvin,Ford
Paxton,Ford
Piper City,Ford
Roberts,Ford
Sibley,Ford
Benton,Franklin
Buckner,Franklin
Christopher,Franklin
Coello,Franklin
Ewing,Franklin
Frankfort Heights,Franklin
Logan,Franklin
Mulkeytown,Franklin
Orient,Franklin
Sesser,Franklin
Thompsonville,Franklin
Valier,Franklin
West Frankfort,Franklin
Whittington,Franklin
Royalton,Franklin
Zeigler,Franklin
Avon,Fulton
Cuba,Fulton
Ellisville,Fulton
Fairview,Fulton
Fiatt,Fulton
Ipava,Fulton
Marietta,Fulton
Smithfield,Fulton
Table Grove,Fulton
Vermont,Fulton
Astoria,Fulton
Bryant,Fulton
Canton,Fulton
Dunfermline,Fulton
Farmington,Fulton
Lewistown,Fulton
Liverpool,Fulton
London Mills,Fulton
Norris,Fulton
Saint David,Fulton
New Haven,Gallatin
Omaha,Gallatin
Equality,Gallatin
Junction,Gallatin
Ridgway,Gallatin
Shawneetown,Gallatin
Carrollton,Greene
Eldred,Greene
Greenfield,Greene
Hillview,Greene
Kane,Greene
Patterson,Greene
Rockbridge,Greene
Roodhouse,Greene
White Hall,Greene
Wrights,Greene
Braceville,Grundy
Coal City,Grundy
Gardner,Grundy
Kinsman,Grundy
Mazon,Grundy
Minooka,Grundy
Morris,Grundy
South Wilmington,Grundy
Verona,Grundy
Broughton,Hamilton
Dahlgren,Hamilton
Dale,Hamilton
Mc Leansboro,Hamilton
Macedonia,Hamilton
La Harpe,Hancock
Augusta,Hancock
Basco,Hancock
Bowen,Hancock
Carthage,Hancock
Colusa,Hancock
Dallas City,Hancock
Elvaston,Hancock
Ferris,Hancock
Hamilton,Hancock
Nauvoo,Hancock
Niota,Hancock
Plymouth,Hancock
Sutter,Hancock
Warsaw,Hancock
West Point,Hancock
Cave In Rock,Hardin
Elizabethtown,Hardin
Karbers Ridge,Hardin
Rosiclare,Hardin
Biggsville,Henderson
Carman,Henderson
Gladstone,Henderson
Lomax,Henderson
Media,Henderson
Oquawka,Henderson
Raritan,Henderson
Stronghurst,Henderson
Andover,Henry
Annawan,Henry
Atkinson,Henry
Cambridge,Henry
Colona,Henry
Geneseo,Henry
Hooppole,Henry
Lynn Center,Henry
Orion,Henry
Osco,Henry
Alpha,Henry
Bishop Hill,Henry
Galva,Henry
Kewanee,Henry
Ophiem,Henry
Woodhull,Henry
Ashkum,Iroquois
Beaverville,Iroquois
Buckley,Iroquois
Chebanse,Iroquois
Cissna Park,Iroquois
Claytonville,Iroquois
Clifton,Iroquois
Crescent City,Iroquois
Danforth,Iroquois
Donovan,Iroquois
Gilman,Iroquois
Goodwine,Iroquois
Iroquois,Iroquois
Loda,Iroquois
Martinton,Iroquois
Milford,Iroquois
Onarga,Iroquois
Papineau,Iroquois
Sheldon,Iroquois
Stockland,Iroquois
Thawville,Iroquois
Watseka,Iroquois
Wellington,Iroquois
Woodland,Iroquois
Carbondale,Jackson
Carbondale,Jackson
Carbondale,Jackson
Ava,Jackson
Campbell Hill,Jackson
De Soto,Jackson
Dowell,Jackson
Elkville,Jackson
Gorham,Jackson
Grand Tower,Jackson
Jacob,Jackson
Makanda,Jackson
Murphysboro,Jackson
Oraville,Jackson
Pomona,Jackson
Vergennes,Jackson
Hidalgo,Jasper
Newton,Jasper
Sainte Marie,Jasper
West Liberty,Jasper
Wheeler,Jasper
Willow Hill,Jasper
Yale,Jasper
Belle Rive,Jefferson
Bluford,Jefferson
Bonnie,Jefferson
Dix,Jefferson
Ina,Jefferson
Mount Vernon,Jefferson
Nason,Jefferson
Opdyke,Jefferson
Scheller,Jefferson
Texico,Jefferson
Waltonville,Jefferson
Woodlawn,Jefferson
Brighton,Jersey
Dow,Jersey
Elsah,Jersey
Fidelity,Jersey
Fieldon,Jersey
Grafton,Jersey
Jerseyville,Jersey
Medora,Jersey
Apple River,Jo Daviess
East Dubuque,Jo Daviess
Elizabeth,Jo Daviess
Galena,Jo Daviess
Hanover,Jo Daviess
Nora,Jo Daviess
Scales Mound,Jo Daviess
Stockton,Jo Daviess
Warren,Jo Daviess
Belknap,Johnson
Boles,Johnson
Buncombe,Johnson
Cypress,Johnson
Goreville,Johnson
Grantsburg,Johnson
New Burnside,Johnson
Ozark,Johnson
Simpson,Johnson
Vienna,Johnson
Burlington,Kane
Carpentersville,Kane
Dundee,Kane
Elburn,Kane
Elgin,Kane
Elgin,Kane
Elgin,Kane
Elgin,Kane
Elgin,Kane
Geneva,Kane
Gilberts,Kane
Hampshire,Kane
Kaneville,Kane
Lafox,Kane
Maple Park,Kane
Saint Charles,Kane
Saint Charles,Kane
South Elgin,Kane
Wasco,Kane
Aurora,Kane
Aurora,Kane
Aurora,Kane
Aurora,Kane
Batavia,Kane
Big Rock,Kane
Mooseheart,Kane
North Aurora,Kane
Sugar Grove,Kane
Aurora,Kane
Kankakee,Kankakee
Aroma Park,Kankakee
Bonfield,Kankakee
Bourbonnais,Kankakee
Bradley,Kankakee
Buckingham,Kankakee
Essex,Kankakee
Grant Park,Kankakee
Herscher,Kankakee
Hopkins Park,Kankakee
Manteno,Kankakee
Momence,Kankakee
Pembroke Township,Kankakee
Reddick,Kankakee
Saint Anne,Kankakee
Union Hill,Kankakee
Bristol,Kendall
Millbrook,Kendall
Millington,Kendall
Montgomery,Kendall
Newark,Kendall
Oswego,Kendall
Plano,Kendall
Yorkville,Kendall
Galesburg,Knox
Galesburg,Knox
Abingdon,Knox
Altona,Knox
Dahinda,Knox
East Galesburg,Knox
Gilson,Knox
Henderson,Knox
Knoxville,Knox
Maquon,Knox
Oneida,Knox
Rio,Knox
Saint Augustine,Knox
Victoria,Knox
Wataga,Knox
Williamsfield,Knox
Yates City,Knox
Antioch,Lake
Barrington,Lake
Barrington,Lake
Deerfield,Lake
Fox Lake,Lake
Grayslake,Lake
Gurnee,Lake
Highland Park,Lake
Fort Sheridan,Lake
Highwood,Lake
Ingleside,Lake
Island Lake,Lake
Lake Bluff,Lake
Lake Forest,Lake
Lake Villa,Lake
Lake Zurich,Lake
Libertyville,Lake
Mundelein,Lake
Vernon Hills,Lake
North Chicago,Lake
Lincolnshire,Lake
Round Lake,Lake
Russell,Lake
Waukegan,Lake
Wadsworth,Lake
Wauconda,Lake
Waukegan,Lake
North Chicago,Lake
Waukegan,Lake
Great Lakes,Lake
Buffalo Grove,Lake
Winthrop Harbor,Lake
Zion,Lake
Ransom,LaSalle
Earlville,LaSalle
Leland,LaSalle
Serena,LaSalle
Sheridan,LaSalle
Wedron,LaSalle
La Salle,LaSalle
Cedar Point,LaSalle
Dana,LaSalle
Grand Ridge,LaSalle
Leonore,LaSalle
Lostant,LaSalle
Marseilles,LaSalle
Mendota,LaSalle
Oglesby,LaSalle
Ottawa,LaSalle
Peru,LaSalle
Rutland,LaSalle
Seneca,LaSalle
Streator,LaSalle
Tonica,LaSalle
Triumph,LaSalle
Troy Grove,LaSalle
Utica,LaSalle
Bridgeport,Lawrence
Lawrenceville,Lawrence
Saint Francisville,Lawrence
Sumner,Lawrence
Lee,Lee
Steward,Lee
Ashton,Lee
Dixon,Lee
Franklin Grove,Lee
Harmon,Lee
Nachusa,Lee
Amboy,Lee
Compton,Lee
Eldena,Lee
Lee Center,Lee
Paw Paw,Lee
Sublette,Lee
West Brooklyn,Lee
Dwight,Livingston
Odell,Livingston
Campus,Livingston
Chatsworth,Livingston
Cullom,Livingston
Emington,Livingston
Ancona,Livingston
Blackstone,Livingston
Cornell,Livingston
Long Point,Livingston
Fairbury,Livingston
Flanagan,Livingston
Forrest,Livingston
Graymont,Livingston
Pontiac,Livingston
Saunemin,Livingston
Strawn,Livingston
Atlanta,Logan
Lawndale,Logan
Beason,Logan
Chestnut,Logan
Cornland,Logan
Lake Fork,Logan
Latham,Logan
Mount Pulaski,Logan
Elkhart,Logan
Emden,Logan
Hartsburg,Logan
Lincoln,Logan
Middletown,Logan
New Holland,Logan
Adair,McDonough
Bardolph,McDonough
Blandinsville,McDonough
Bushnell,McDonough
Good Hope,McDonough
Industry,McDonough
Macomb,McDonough
Prairie City,McDonough
Sciota,McDonough
Colchester,McDonough
Tennessee,McDonough
Alden,McHenry
Crystal Lake,McHenry
Cary,McHenry
Crystal Lake,McHenry
Fox River Grove,McHenry
Harvard,McHenry
Hebron,McHenry
Crystal Lake,McHenry
Mchenry,McHenry
Mchenry,McHenry
Richmond,McHenry
Ringwood,McHenry
Spring Grove,McHenry
Wonder Lake,McHenry
Woodstock,McHenry
Algonquin,McHenry
Huntley,McHenry
Marengo,McHenry
Lake In The Hills,McHenry
Union,McHenry
Bloomington,McLean
Bloomington,McLean
Bloomington,McLean
Bloomington,McLean
Bloomington,McLean
Bloomington,McLean
Anchor,McLean
Arrowsmith,McLean
Bellflower,McLean
Carlock,McLean
Chenoa,McLean
Colfax,McLean
Cooksville,McLean
Cropsey,McLean
Danvers,McLean
Downs,McLean
Ellsworth,McLean
Gridley,McLean
Heyworth,McLean
Hudson,McLean
Le Roy,McLean
Lexington,McLean
Mc Lean,McLean
Merna,McLean
Normal,McLean
Saybrook,McLean
Shirley,McLean
Stanford,McLean
Towanda,McLean
Normal,McLean
Bloomington,McLean
Bloomington,McLean
Maroa,Macon
Argenta,Macon
Blue Mound,Macon
Boody,Macon
Decatur,Macon
Decatur,Macon
Decatur,Macon
Decatur,Macon
Decatur,Macon
Decatur,Macon
Elwin,Macon
Forsyth,Macon
Harristown,Macon
Macon,Macon
Mt Zion,Macon
Niantic,Macon
Oreana,Macon
Warrensburg,Macon
Benld,Macoupin
Bunker Hill,Macoupin
Eagarville,Macoupin
Gillespie,Macoupin
Mount Olive,Macoupin
Piasa,Macoupin
Sawyerville,Macoupin
Staunton,Macoupin
Wilsonville,Macoupin
Carlinville,Macoupin
Chesterfield,Macoupin
Girard,Macoupin
Hettick,Macoupin
Modesto,Macoupin
Nilwood,Macoupin
Palmyra,Macoupin
Scottville,Macoupin
Shipman,Macoupin
Virden,Macoupin
Alhambra,Madison
Alton,Madison
Bethalto,Madison
Cottage Hills,Madison
Dorsey,Madison
East Alton,Madison
Edwardsville,Madison
Edwardsville,Madison
Glen Carbon,Madison
Godfrey,Madison
Granite City,Madison
Hamel,Madison
Hartford,Madison
Livingston,Madison
Madison,Madison
Marine,Madison
Maryville,Madison
Moro,Madison
New Douglas,Madison
Roxana,Madison
South Roxana,Madison
Venice,Madison
Wood River,Madison
Worden,Madison
Collinsville,Madison
Highland,Madison
Saint Jacob,Madison
Troy,Madison
Centralia,Marion
Alma,Marion
Iuka,Marion
Kell,Marion
Kinmundy,Marion
Odin,Marion
Patoka,Marion
Salem,Marion
Sandoval,Marion
Vernon,Marion
Walnut Hill,Marion
Toluca,Marshall
Varna,Marshall
Wenona,Marshall
Camp Grove,Marshall
Henry,Marshall
Lacon,Marshall
La Rose,Marshall
Sparland,Marshall
Washburn,Marshall
Forest City,Mason
Manito,Mason
Topeka,Mason
Bath,Mason
Easton,Mason
Havana,Mason
Kilbourne,Mason
Mason City,Mason
San Jose,Mason
Brookport,Massac
Joppa,Massac
Metropolis,Massac
Athens,Menard
Greenview,Menard
Lincoln'S New Salem,Menard
Oakford,Menard
Petersburg,Menard
Tallula,Menard
Aledo,Mercer
Joy,Mercer
Matherville,Mercer
New Boston,Mercer
Preemption,Mercer
Sherrard,Mercer
Alexis,Mercer
Keithsburg,Mercer
New Windsor,Mercer
North Henderson,Mercer
Seaton,Mercer
Viola,Mercer
Columbia,Monroe
Fults,Monroe
Hecker,Monroe
Maeystown,Monroe
Renault,Monroe
Valmeyer,Monroe
Waterloo,Monroe
Butler,Montgomery
Coffeen,Montgomery
Fillmore,Montgomery
Hillsboro,Montgomery
Irving,Montgomery
Litchfield,Montgomery
Nokomis,Montgomery
Ohlman,Montgomery
Panama,Montgomery
Taylor Springs,Montgomery
Walshville,Montgomery
Witt,Montgomery
Farmersville,Montgomery
Harvel,Montgomery
Raymond,Montgomery
Waggoner,Montgomery
Alexander,Morgan
Chapin,Morgan
Concord,Morgan
Franklin,Morgan
Jacksonville,Morgan
Jacksonville,Morgan
Literberry,Morgan
Meredosia,Morgan
Murrayville,Morgan
Waverly,Morgan
Woodson,Morgan
Bethany,Moultrie
Dalton City,Moultrie
Gays,Moultrie
Lovington,Moultrie
Sullivan,Moultrie
Creston,Ogle
Baileyville,Ogle
Byron,Ogle
Chana,Ogle
Davis Junction,Ogle
Forreston,Ogle
Holcomb,Ogle
Leaf River,Ogle
Lindenwood,Ogle
Monroe Center,Ogle
Mount Morris,Ogle
Oregon,Ogle
Polo,Ogle
Rochelle,Ogle
Stillman Valley,Ogle
Woosung,Ogle
Laura,Peoria
Brimfield,Peoria
Chillicothe,Peoria
Dunlap,Peoria
Edelstein,Peoria
Edwards,Peoria
Elmwood,Peoria
Glasford,Peoria
Hanna City,Peoria
Kingston Mines,Peoria
Mapleton,Peoria
Mossville,Peoria
Rome,Peoria
Trivoli,Peoria
Peoria,Peoria
Peoria,Peoria
Peoria,Peoria
Peoria,Peoria
Peoria,Peoria
Peoria,Peoria
Peoria,Peoria
Peoria,Peoria
Peoria,Peoria
Peoria,Peoria
Peoria,Peoria
Peoria Heights,Peoria
Peoria,Peoria
Peoria,Peoria
Peoria,Peoria
Peoria,Peoria
Peoria,Peoria
Peoria,Peoria
Peoria,Peoria
Peoria,Peoria
Peoria,Peoria
Peoria,Peoria
Peoria,Peoria
Peoria,Peoria
Peoria,Peoria
Peoria,Peoria
Peoria,Peoria
Peoria,Peoria
Peoria,Peoria
Peoria,Peoria
Cutler,Perry
Pinckneyville,Perry
Du Quoin,Perry
Tamaroa,Perry
Willisville,Perry
Bement,Piatt
Cerro Gordo,Piatt
Cisco,Piatt
De Land,Piatt
Mansfield,Piatt
Milmine,Piatt
Monticello,Piatt
White Heath,Piatt
Hammond,Piatt
La Place,Piatt
Barry,Pike
Baylis,Pike
Chambersburg,Pike
Griggsville,Pike
Hull,Pike
Kinderhook,Pike
Milton,Pike
Nebo,Pike
New Canton,Pike
New Salem,Pike
Pearl,Pike
Perry,Pike
Pittsfield,Pike
Pleasant Hill,Pike
Rockport,Pike
Eddyville,Pope
Golconda,Pope
Herod,Pope
Grand Chain,Pulaski
Karnak,Pulaski
Mound City,Pulaski
Mounds,Pulaski
Olmsted,Pulaski
Perks,Pulaski
Pulaski,Pulaski
Ullin,Pulaski
Villa Ridge,Pulaski
Granville,Putnam
Hennepin,Putnam
Mc Nabb,Putnam
Magnolia,Putnam
Mark,Putnam
Standard,Putnam
Putnam,Putnam
Baldwin,Randolph
Chester,Randolph
Coulterville,Randolph
Ellis Grove,Randolph
Evansville,Randolph
Menard,Randolph
Modoc,Randolph
Percy,Randolph
Prairie Du Rocher,Randolph
Red Bud,Randolph
Rockwood,Randolph
Sparta,Randolph
Steeleville,Randolph
Tilden,Randolph
Walsh,Randolph
Calhoun,Richland
Claremont,Richland
Dundas,Richland
Olney,Richland
Parkersburg,Richland
Noble,Richland
Rock Island,Rock Island
Rock Island,Rock Island
Andalusia,Rock Island
Barstow,Rock Island
Buffalo Prairie,Rock Island
Carbon Cliff,Rock Island
Coal Valley,Rock Island
Cordova,Rock Island
East Moline,Rock Island
Hampton,Rock Island
Hillsdale,Rock Island
Illinois City,Rock Island
Milan,Rock Island
Moline,Rock Island
Moline,Rock Island
Port Byron,Rock Island
Rapids City,Rock Island
Reynolds,Rock Island
Silvis,Rock Island
Taylor Ridge,Rock Island
Rock Island,Rock Island
Lovejoy,St. Clair
National Stock Yards,St. Clair
East Saint Louis,St. Clair
East Saint Louis,St. Clair
East Saint Louis,St. Clair
East Saint Louis,St. Clair
East Saint Louis,St. Clair
East Saint Louis,St. Clair
East Saint Louis,St. Clair
Fairview Heights,St. Clair
Belleville,St. Clair
Belleville,St. Clair
Belleville,St. Clair
Belleville,St. Clair
Scott Air Force Base,St. Clair
Belleville,St. Clair
Caseyville,St. Clair
Dupo,St. Clair
East Carondelet,St. Clair
Freeburg,St. Clair
Lebanon,St. Clair
Lenzburg,St. Clair
Marissa,St. Clair
Mascoutah,St. Clair
Millstadt,St. Clair
New Athens,St. Clair
O Fallon,St. Clair
Saint Libory,St. Clair
Smithton,St. Clair
Summerfield,St. Clair
Carrier Mills,Saline
Eldorado,Saline
Galatia,Saline
Harrisburg,Saline
Muddy,Saline
Raleigh,Saline
Stonefort,Saline
Buffalo,Sangamon
Dawson,Sangamon
Divernon,Sangamon
Glenarm,Sangamon
Illiopolis,Sangamon
Mechanicsburg,Sangamon
Pawnee,Sangamon
Riverton,Sangamon
Rochester,Sangamon
Auburn,Sangamon
Cantrall,Sangamon
Chatham,Sangamon
Loami,Sangamon
Lowder,Sangamon
New Berlin,Sangamon
Pleasant Plains,Sangamon
Sherman,Sangamon
Thayer,Sangamon
Williamsville,Sangamon
Springfield,Sangamon
Springfield,Sangamon
Springfield,Sangamon
Springfield,Sangamon
Springfield,Sangamon
Springfield,Sangamon
Springfield,Sangamon
Springfield,Sangamon
Springfield,Sangamon
Springfield,Sangamon
Springfield,Sangamon
Springfield,Sangamon
Springfield,Sangamon
Springfield,Sangamon
Springfield,Sangamon
Springfield,Sangamon
Springfield,Sangamon
Springfield,Sangamon
Springfield,Sangamon
Springfield,Sangamon
Springfield,Sangamon
Springfield,Sangamon
Springfield,Sangamon
Springfield,Sangamon
Springfield,Sangamon
Springfield,Sangamon
Springfield,Sangamon
Springfield,Sangamon
Springfield,Sangamon
Springfield,Sangamon
Springfield,Sangamon
Springfield,Sangamon
Springfield,Sangamon
Springfield,Sangamon
Springfield,Sangamon
Littleton,Schuyler
Camden,Schuyler
Huntsville,Schuyler
Browning,Schuyler
Frederick,Schuyler
Rushville,Schuyler
Alsey,Scott
Bluffs,Scott
Manchester,Scott
Winchester,Scott
Windsor,Shelby
Cowden,Shelby
Herrick,Shelby
Lakewood,Shelby
Mode,Shelby
Sigel,Shelby
Stewardson,Shelby
Strasburg,Shelby
Findlay,Shelby
Moweaqua,Shelby
Oconee,Shelby
Shelbyville,Shelby
Tower Hill,Shelby
Bradford,Stark
Castleton,Stark
La Fayette,Stark
Speer,Stark
Toulon,Stark
Wyoming,Stark
Princeville,Stark
Cedarville,Stephenson
Dakota,Stephenson
Davis,Stephenson
Eleroy,Stephenson
Freeport,Stephenson
German Valley,Stephenson
Kent,Stephenson
Lena,Stephenson
Mc Connell,Stephenson
Orangeville,Stephenson
Pearl City,Stephenson
Ridott,Stephenson
Rock City,Stephenson
Winslow,Stephenson
Green Valley,Tazewell
Groveland,Tazewell
Morton,Tazewell
Pekin,Tazewell
Pekin,Tazewell
Pekin,Tazewell
South Pekin,Tazewell
Tremont,Tazewell
Washington,Tazewell
Creve Coeur,Tazewell
East Peoria,Tazewell
East Peoria,Tazewell
Armington,Tazewell
Deer Creek,Tazewell
Delavan,Tazewell
Hopedale,Tazewell
Mackinaw,Tazewell
Minier,Tazewell
Alto Pass,Union
Anna,Union
Cobden,Union
Dongola,Union
Jonesboro,Union
Millcreek,Union
Wolf Lake,Union
East Lynn,Vermilion
Hoopeston,Vermilion
Rankin,Vermilion
Rossville,Vermilion
Allerton,Vermilion
Alvin,Vermilion
Armstrong,Vermilion
Bismarck,Vermilion
Catlin,Vermilion
Collison,Vermilion
Danville,Vermilion
Tilton,Vermilion
Danville,Vermilion
Fairmount,Vermilion
Fithian,Vermilion
Georgetown,Vermilion
Henning,Vermilion
Indianola,Vermilion
Muncie,Vermilion
Oakwood,Vermilion
Potomac,Vermilion
Ridge Farm,Vermilion
Sidell,Vermilion
Westville,Vermilion
Allendale,Wabash
Bellmont,Wabash
Keensburg,Wabash
Lancaster,Wabash
Mount Carmel,Wabash
Berwick,Warren
Cameron,Warren
Gerlaw,Warren
Kirkwood,Warren
Little York,Warren
Monmouth,Warren
Roseville,Warren
Smithshire,Warren
Addieville,Washington
Nashville,Washington
Oakdale,Washington
Okawville,Washington
Hoyleton,Washington
Ashley,Washington
Du Bois,Washington
Irvington,Washington
Radom,Washington
Richview,Washington
Mount Erie,Wayne
Barnhill,Wayne
Cisne,Wayne
Fairfield,Wayne
Geff,Wayne
Golden Gate,Wayne
Johnsonville,Wayne
Keenes,Wayne
Rinard,Wayne
Sims,Wayne
Wayne City,Wayne
Burnt Prairie,White
Carmi,White
Crossville,White
Emma,White
Enfield,White
Grayville,White
Maunie,White
Mill Shoals,White
Norris City,White
Springerton,White
Galt,Whiteside
Rock Falls,Whiteside
Sterling,Whiteside
Albany,Whiteside
Deer Grove,Whiteside
Erie,Whiteside
Fenton,Whiteside
Fulton,Whiteside
Lyndon,Whiteside
Morrison,Whiteside
Prophetstown,Whiteside
Tampico,Whiteside
Beecher,Will
Crest Hill,Will
Shorewood,Will
Braidwood,Will
Channahon,Will
Crete,Will
Elwood,Will
Frankfort,Will
Markham,Will
Joliet,Will
Joliet,Will
Joliet,Will
Joliet,Will
Joliet,Will
Joliet,Will
Bolingbrook,Will
Lockport,Will
Manhattan,Will
Romeoville,Will
Mokena,Will
Monee,Will
New Lenox,Will
Peotone,Will
Wilmington,Will
University Park,Will
Tinley Park,Will
Bolingbrook,Will
Homer Glen,Will
Aurora,Will
Plainfield,Will
Naperville,Will
Plainfield,Will
Plainfield,Will
Freeman Spur,Williamson
Cambria,Williamson
Carterville,Williamson
Colp,Williamson
Creal Springs,Williamson
Energy,Williamson
Herrin,Williamson
Hurst,Williamson
Johnston City,Williamson
Marion,Williamson
Pittsburg,Williamson
Cherry Valley,Winnebago
Durand,Winnebago
Pecatonica,Winnebago
Rockton,Winnebago
Roscoe,Winnebago
Seward,Winnebago
Shirland,Winnebago
South Beloit,Winnebago
Winnebago,Winnebago
Rockford,Winnebago
Rockford,Winnebago
Rockford,Winnebago
Rockford,Winnebago
Rockford,Winnebago
Rockford,Winnebago
Rockford,Winnebago
Rockford,Winnebago
Rockford,Winnebago
Rockford,Winnebago
Loves Park,Winnebago
Rockford,Winnebago
Rockford,Winnebago
Machesney Park,Winnebago
Rockford,Winnebago
Rockford,Winnebago
Loves Park,Winnebago
Loves Park,Winnebago
Loves Park,Winnebago
Benson,Woodford
Eureka,Woodford
Lowpoint,Woodford
Metamora,Woodford
Roanoke,Woodford
Congerville,Woodford
El Paso,Woodford
Goodfield,Woodford
Minonk,Woodford
Secor,Woodford
Berne,Adams
Decatur,Adams
Geneva,Adams
Linn Grove,Adams
Monroe,Adams
Pleasant Mills,Adams
Preble,Adams
Arcola,Allen
Grabill,Allen
Harlan,Allen
Hoagland,Allen
Huntertown,Allen
Leo,Allen
Monroeville,Allen
New Haven,Allen
Woodburn,Allen
Yoder,Allen
Zanesville,Allen
Fort Wayne,Allen
Fort Wayne,Allen
Fort Wayne,Allen
Fort Wayne,Allen
Fort Wayne,Allen
Fort Wayne,Allen
Fort Wayne,Allen
Fort Wayne,Allen
Fort Wayne,Allen
Fort Wayne,Allen
Fort Wayne,Allen
Fort Wayne,Allen
Fort Wayne,Allen
Fort Wayne,Allen
Fort Wayne,Allen
Fort Wayne,Allen
Fort Wayne,Allen
Fort Wayne,Allen
Fort Wayne,Allen
Fort Wayne,Allen
Fort Wayne,Allen
Fort Wayne,Allen
Fort Wayne,Allen
Fort Wayne,Allen
Fort Wayne,Allen
Fort Wayne,Allen
Fort Wayne,Allen
Fort Wayne,Allen
Fort Wayne,Allen
Fort Wayne,Allen
Fort Wayne,Allen
Fort Wayne,Allen
Fort Wayne,Allen
Fort Wayne,Allen
Fort Wayne,Allen
Fort Wayne,Allen
Fort Wayne,Allen
Fort Wayne,Allen
Fort Wayne,Allen
Fort Wayne,Allen
Fort Wayne,Allen
Fort Wayne,Allen
Fort Wayne,Allen
Columbus,Bartholomew
Columbus,Bartholomew
Columbus,Bartholomew
Clifford,Bartholomew
Elizabethtown,Bartholomew
Grammer,Bartholomew
Hartsville,Bartholomew
Hope,Bartholomew
Jonesville,Bartholomew
Taylorsville,Bartholomew
Ambia,Benton
Boswell,Benton
Earl Park,Benton
Fowler,Benton
Otterbein,Benton
Oxford,Benton
Talbot,Benton
Templeton,Benton
Hartford City,Blackford
Montpelier,Blackford
Lebanon,Boone
Thorntown,Boone
Whitestown,Boone
Zionsville,Boone
Advance,Boone
Jamestown,Boone
Morgantown,Brown
Helmsburg,Brown
Nashville,Brown
Bringhurst,Carroll
Burlington,Carroll
Burrows,Carroll
Camden,Carroll
Cutler,Carroll
Delphi,Carroll
Flora,Carroll
Rockfield,Carroll
Yeoman,Carroll
Galveston,Cass
Lake Cicott,Cass
Logansport,Cass
Lucerne,Cass
New Waverly,Cass
Onward,Cass
Royal Center,Cass
Twelve Mile,Cass
Walton,Cass
Young America,Cass
Bethlehem,Clark
Borden,Clark
Charlestown,Clark
Henryville,Clark
Clarksville,Clark
Jeffersonville,Clark
Jeffersonville,Clark
Jeffersonville,Clark
Jeffersonville,Clark
Jeffersonville,Clark
Marysville,Clark
Memphis,Clark
Jeffersonville,Clark
Nabb,Clark
New Washington,Clark
Otisco,Clark
Sellersburg,Clark
Underwood,Clark
Jeffersonville,Clark
Jeffersonville,Clark
Bowling Green,Clay
Brazil,Clay
Carbon,Clay
Centerpoint,Clay
Clay City,Clay
Coalmont,Clay
Cory,Clay
Harmony,Clay
Knightsville,Clay
Poland,Clay
Staunton,Clay
Colfax,Clinton
Forest,Clinton
Frankfort,Clinton
Kirklin,Clinton
Michigantown,Clinton
Mulberry,Clinton
Rossville,Clinton
Sedalia,Clinton
Eckerty,Crawford
English,Crawford
Grantsburg,Crawford
Leavenworth,Crawford
Marengo,Crawford
Milltown,Crawford
Sulphur,Crawford
Taswell,Crawford
Washington,Daviess
Cannelburg,Daviess
Elnora,Daviess
Montgomery,Daviess
Odon,Daviess
Plainville,Daviess
Aurora,Dearborn
Dillsboro,Dearborn
Guilford,Dearborn
Lawrenceburg,Dearborn
Moores Hill,Dearborn
West Harrison,Dearborn
Clarksburg,Decatur
Greensburg,Decatur
Millhousen,Decatur
New Point,Decatur
Saint Paul,Decatur
Westport,Decatur
Ashley,DeKalb
Auburn,DeKalb
Butler,DeKalb
Corunna,DeKalb
Garrett,DeKalb
Saint Joe,DeKalb
Spencerville,DeKalb
Waterloo,DeKalb
Muncie,Delaware
Muncie,Delaware
Muncie,Delaware
Muncie,Delaware
Muncie,Delaware
Muncie,Delaware
Muncie,Delaware
Albany,Delaware
Daleville,Delaware
Eaton,Delaware
Gaston,Delaware
Oakville,Delaware
Selma,Delaware
Yorktown,Delaware
Birdseye,Dubois
Celestine,Dubois
Dubois,Dubois
Ferdinand,Dubois
Holland,Dubois
Huntingburg,Dubois
Ireland,Dubois
Jasper,Dubois
Jasper,Dubois
Jasper,Dubois
Saint Anthony,Dubois
Schnellville,Dubois
Bristol,Elkhart
Elkhart,Elkhart
Elkhart,Elkhart
Elkhart,Elkhart
Elkhart,Elkhart
Goshen,Elkhart
Goshen,Elkhart
Goshen,Elkhart
Middlebury,Elkhart
Millersburg,Elkhart
Nappanee,Elkhart
New Paris,Elkhart
Wakarusa,Elkhart
Glenwood,Fayette
Bentonville,Fayette
Connersville,Fayette
Floyds Knobs,Floyd
Georgetown,Floyd
Greenville,Floyd
Mount Saint Francis,Floyd
New Albany,Floyd
New Albany,Floyd
Attica,Fountain
Covington,Fountain
Hillsboro,Fountain
Kingman,Fountain
Mellott,Fountain
Newtown,Fountain
Veedersburg,Fountain
Wallace,Fountain
West College Corner,Franklin
Bath,Franklin
Brookville,Franklin
Cedar Grove,Franklin
Laurel,Franklin
Metamora,Franklin
New Trenton,Franklin
Oldenburg,Franklin
Akron,Fulton
Athens,Fulton
Delong,Fulton
Fulton,Fulton
Grass Creek,Fulton
Kewanna,Fulton
Leiters Ford,Fulton
Rochester,Fulton
Haubstadt,Gibson
Hazleton,Gibson
Buckskin,Gibson
Fort Branch,Gibson
Francisco,Gibson
Mackey,Gibson
Oakland City,Gibson
Owensville,Gibson
Patoka,Gibson
Princeton,Gibson
Somerville,Gibson
Fairmount,Grant
Fowlerton,Grant
Gas City,Grant
Jonesboro,Grant
Marion,Grant
Marion,Grant
Matthews,Grant
Swayzee,Grant
Sweetser,Grant
Upland,Grant
Van Buren,Grant
Bloomfield,Greene
Jasonville,Greene
Koleen,Greene
Linton,Greene
Lyons,Greene
Midland,Greene
Newberry,Greene
Owensburg,Greene
Scotland,Greene
Solsberry,Greene
Switz City,Greene
Worthington,Greene
Arcadia,Hamilton
Atlanta,Hamilton
Carmel,Hamilton
Carmel,Hamilton
Cicero,Hamilton
Fishers,Hamilton
Fishers,Hamilton
Noblesville,Hamilton
Noblesville,Hamilton
Noblesville,Hamilton
Sheridan,Hamilton
Westfield,Hamilton
Carmel,Hamilton
Fishers,Hamilton
Indianapolis,Hamilton
Indianapolis,Hamilton
Indianapolis,Hamilton
Indianapolis,Hamilton
Fortville,Hancock
Mccordsville,Hancock
Charlottesville,Hancock
Finly,Hancock
Greenfield,Hancock
Maxwell,Hancock
New Palestine,Hancock
Wilkinson,Hancock
Bradford,Harrison
Central,Harrison
Corydon,Harrison
Crandall,Harrison
Depauw,Harrison
Elizabeth,Harrison
Laconia,Harrison
Lanesville,Harrison
Mauckport,Harrison
New Middletown,Harrison
New Salisbury,Harrison
Palmyra,Harrison
Ramsey,Harrison
Amo,Hendricks
Brownsburg,Hendricks
Clayton,Hendricks
Coatesville,Hendricks
Danville,Hendricks
Avon,Hendricks
Lizton,Hendricks
North Salem,Hendricks
Pittsboro,Hendricks
Plainfield,Hendricks
Stilesville,Hendricks
Knightstown,Henry
Dunreith,Henry
Greensboro,Henry
Kennard,Henry
Lewisville,Henry
Middletown,Henry
Mooreland,Henry
Mount Summit,Henry
New Castle,Henry
New Lisbon,Henry
Shirley,Henry
Spiceland,Henry
Springport,Henry
Straughn,Henry
Sulphur Springs,Henry
Kokomo,Howard
Kokomo,Howard
Kokomo,Howard
Kokomo,Howard
Greentown,Howard
Hemlock,Howard
Oakford,Howard
Russiaville,Howard
West Middleton,Howard
Andrews,Huntington
Bippus,Huntington
Huntington,Huntington
Markle,Huntington
Roanoke,Huntington
Warren,Huntington
Brownstown,Jackson
Cortland,Jackson
Crothersville,Jackson
Freetown,Jackson
Kurtz,Jackson
Medora,Jackson
Norman,Jackson
Seymour,Jackson
Vallonia,Jackson
Demotte,Jasper
Tefft,Jasper
Wheatfield,Jasper
Fair Oaks,Jasper
Remington,Jasper
Rensselaer,Jasper
Bryant,Jay
Dunkirk,Jay
Pennville,Jay
Portland,Jay
Redkey,Jay
Salamonia,Jay
Canaan,Jefferson
Deputy,Jefferson
Dupont,Jefferson
Hanover,Jefferson
Madison,Jefferson
Butlerville,Jennings
Commiskey,Jennings
Hayden,Jennings
North Vernon,Jennings
Paris Crossing,Jennings
Scipio,Jennings
Vernon,Jennings
Bargersville,Johnson
Edinburgh,Johnson
Franklin,Johnson
Greenwood,Johnson
Greenwood,Johnson
Needham,Johnson
Nineveh,Johnson
Trafalgar,Johnson
Whiteland,Johnson
Bicknell,Knox
Bruceville,Knox
Decker,Knox
Edwardsport,Knox
Freelandville,Knox
Monroe City,Knox
Oaktown,Knox
Ragsdale,Knox
Sandborn,Knox
Vincennes,Knox
Westphalia,Knox
Wheatland,Knox
Atwood,Kosciusko
Burket,Kosciusko
Claypool,Kosciusko
Etna Green,Kosciusko
Leesburg,Kosciusko
Mentone,Kosciusko
Milford,Kosciusko
North Webster,Kosciusko
Pierceton,Kosciusko
Syracuse,Kosciusko
Warsaw,Kosciusko
Warsaw,Kosciusko
Warsaw,Kosciusko
Winona Lake,Kosciusko
Silver Lake,Kosciusko
Shipshewana,LaGrange
Topeka,LaGrange
Howe,LaGrange
Lagrange,LaGrange
Mongo,LaGrange
South Milford,LaGrange
Stroh,LaGrange
Wolcottville,LaGrange
Cedar Lake,Lake
Crown Point,Lake
Crown Point,Lake
Dyer,Lake
East Chicago,Lake
Griffith,Lake
Hammond,Lake
Munster,Lake
Highland,Lake
Hammond,Lake
Hammond,Lake
Hammond,Lake
Hammond,Lake
Hobart,Lake
Leroy,Lake
Lowell,Lake
Saint John,Lake
Schererville,Lake
Schneider,Lake
Shelby,Lake
Whiting,Lake
Gary,Lake
Gary,Lake
Gary,Lake
Gary,Lake
Lake Station,Lake
Gary,Lake
Gary,Lake
Gary,Lake
Gary,Lake
Merrillville,Lake
Merrillville,Lake
Hanna,LaPorte
Kingsbury,LaPorte
Kingsford Heights,LaPorte
La Crosse,LaPorte
La Porte,LaPorte
La Porte,LaPorte
Michigan City,LaPorte
Michigan City,LaPorte
Mill Creek,LaPorte
Rolling Prairie,LaPorte
Union Mills,LaPorte
Wanatah,LaPorte
Westville,LaPorte
Avoca,Lawrence
Bedford,Lawrence
Heltonville,Lawrence
Huron,Lawrence
Mitchell,Lawrence
Oolitic,Lawrence
Springville,Lawrence
Tunnelton,Lawrence
Williams,Lawrence
Alexandria,Madison
Anderson,Madison
Anderson,Madison
Anderson,Madison
Anderson,Madison
Anderson,Madison
Anderson,Madison
Anderson,Madison
Anderson,Madison
Elwood,Madison
Frankton,Madison
Ingalls,Madison
Lapel,Madison
Markleville,Madison
Orestes,Madison
Pendleton,Madison
Summitville,Madison
Beech Grove,Marion
Camby,Marion
West Newton,Marion
Indianapolis,Marion
Indianapolis,Marion
Indianapolis,Marion
Indianapolis,Marion
Indianapolis,Marion
Indianapolis,Marion
Indianapolis,Marion
Indianapolis,Marion
Indianapolis,Marion
Indianapolis,Marion
Indianapolis,Marion
Indianapolis,Marion
Indianapolis,Marion
Indianapolis,Marion
Indianapolis,Marion
Indianapolis,Marion
Indianapolis,Marion
Indianapolis,Marion
Indianapolis,Marion
Indianapolis,Marion
Indianapolis,Marion
Indianapolis,Marion
Indianapolis,Marion
Indianapolis,Marion
Indianapolis,Marion
Indianapolis,Marion
Indianapolis,Marion
Indianapolis,Marion
Indianapolis,Marion
Indianapolis,Marion
Indianapolis,Marion
Indianapolis,Marion
Indianapolis,Marion
Indianapolis,Marion
Indianapolis,Marion
Indianapolis,Marion
Indianapolis,Marion
Indianapolis,Marion
Indianapolis,Marion
Indianapolis,Marion
Indianapolis,Marion
Indianapolis,Marion
Indianapolis,Marion
Indianapolis,Marion
Indianapolis,Marion
Indianapolis,Marion
Indianapolis,Marion
Indianapolis,Marion
Indianapolis,Marion
Indianapolis,Marion
Indianapolis,Marion
Indianapolis,Marion
Indianapolis,Marion
Indianapolis,Marion
Indianapolis,Marion
Indianapolis,Marion
Indianapolis,Marion
Indianapolis,Marion
Indianapolis,Marion
Argos,Marshall
Bourbon,Marshall
Bremen,Marshall
Culver,Marshall
Donaldson,Marshall
Lapaz,Marshall
Plymouth,Marshall
Tippecanoe,Marshall
Tyner,Marshall
Crane,Martin
Loogootee,Martin
Shoals,Martin
Amboy,Miami
Bunker Hill,Miami
Converse,Miami
Deedsville,Miami
Denver,Miami
Macy,Miami
Mexico,Miami
Miami,Miami
Peru,Miami
Grissom Arb,Miami
Bloomington,Monroe
Bloomington,Monroe
Bloomington,Monroe
Bloomington,Monroe
Bloomington,Monroe
Bloomington,Monroe
Bloomington,Monroe
Bloomington,Monroe
Clear Creek,Monroe
Ellettsville,Monroe
Harrodsburg,Monroe
Smithville,Monroe
Stanford,Monroe
Stinesville,Monroe
Unionville,Monroe
Alamo,Montgomery
Crawfordsville,Montgomery
Darlington,Montgomery
Ladoga,Montgomery
Linden,Montgomery
New Market,Montgomery
New Richmond,Montgomery
New Ross,Montgomery
Waveland,Montgomery
Waynetown,Montgomery
Wingate,Montgomery
Brooklyn,Morgan
Eminence,Morgan
Martinsville,Morgan
Monrovia,Morgan
Mooresville,Morgan
Paragon,Morgan
Lake Village,Newton
Roselawn,Newton
Sumava Resorts,Newton
Thayer,Newton
Brook,Newton
Goodland,Newton
Kentland,Newton
Morocco,Newton
Mount Ayr,Newton
Albion,Noble
Avilla,Noble
Cromwell,Noble
Kendallville,Noble
Kimmell,Noble
Laotto,Noble
Ligonier,Noble
Rome City,Noble
Wawaka,Noble
Wolflake,Noble
Rising Sun,Ohio
French Lick,Orange
Orleans,Orange
Paoli,Orange
West Baden Springs,Orange
Coal City,Owen
Freedom,Owen
Gosport,Owen
Patricksburg,Owen
Quincy,Owen
Spencer,Owen
Bellmore,Parke
Bloomingdale,Parke
Bridgeton,Parke
Marshall,Parke
Mecca,Parke
Montezuma,Parke
Rockville,Parke
Rosedale,Parke
Branchville,Perry
Bristow,Perry
Cannelton,Perry
Derby,Perry
Leopold,Perry
Rome,Perry
Saint Croix,Perry
Tell City,Perry
Otwell,Pike
Petersburg,Pike
Spurgeon,Pike
Stendal,Pike
Velpen,Pike
Winslow,Pike
Beverly Shores,Porter
Boone Grove,Porter
Chesterton,Porter
Hebron,Porter
Kouts,Porter
Portage,Porter
Valparaiso,Porter
Valparaiso,Porter
Valparaiso,Porter
Wheeler,Porter
Cynthiana,Posey
Griffin,Posey
Mount Vernon,Posey
New Harmony,Posey
Poseyville,Posey
Wadesville,Posey
Monterey,Pulaski
Star City,Pulaski
Winamac,Pulaski
Francesville,Pulaski
Medaryville,Pulaski
Bainbridge,Putnam
Cloverdale,Putnam
Fillmore,Putnam
Greencastle,Putnam
Putnamville,Putnam
Reelsville,Putnam
Roachdale,Putnam
Russellville,Putnam
Farmland,Randolph
Losantville,Randolph
Lynn,Randolph
Modoc,Randolph
Parker City,Randolph
Ridgeville,Randolph
Saratoga,Randolph
Union City,Randolph
Winchester,Randolph
Batesville,Ripley
Cross Plains,Ripley
Friendship,Ripley
Holton,Ripley
Milan,Ripley
Morris,Ripley
Napoleon,Ripley
Osgood,Ripley
Pierceville,Ripley
Sunman,Ripley
Versailles,Ripley
Arlington,Rush
Carthage,Rush
Falmouth,Rush
Homer,Rush
Manilla,Rush
Mays,Rush
Milroy,Rush
Rushville,Rush
Granger,St. Joseph
Lakeville,St. Joseph
Mishawaka,St. Joseph
Mishawaka,St. Joseph
Mishawaka,St. Joseph
New Carlisle,St. Joseph
North Liberty,St. Joseph
Notre Dame,St. Joseph
Osceola,St. Joseph
Walkerton,St. Joseph
Wyatt,St. Joseph
South Bend,St. Joseph
South Bend,St. Joseph
South Bend,St. Joseph
South Bend,St. Joseph
South Bend,St. Joseph
South Bend,St. Joseph
South Bend,St. Joseph
South Bend,St. Joseph
South Bend,St. Joseph
South Bend,St. Joseph
South Bend,St. Joseph
South Bend,St. Joseph
South Bend,St. Joseph
South Bend,St. Joseph
South Bend,St. Joseph
South Bend,St. Joseph
Austin,Scott
Lexington,Scott
Scottsburg,Scott
Boggstown,Shelby
Fairland,Shelby
Fountaintown,Shelby
Gwynneville,Shelby
Morristown,Shelby
Shelbyville,Shelby
Waldron,Shelby
Flat Rock,Shelby
Dale,Spencer
Evanston,Spencer
Fulda,Spencer
Gentryville,Spencer
Lamar,Spencer
Lincoln City,Spencer
Mariah Hill,Spencer
Saint Meinrad,Spencer
Santa Claus,Spencer
Troy,Spencer
Chrisney,Spencer
Grandview,Spencer
Hatfield,Spencer
Richland,Spencer
Rockport,Spencer
North Judson,Starke
San Pierre,Starke
Grovertown,Starke
Hamlet,Starke
Knox,Starke
Ora,Starke
Angola,Steuben
Fremont,Steuben
Hamilton,Steuben
Hudson,Steuben
Orland,Steuben
Pleasant Lake,Steuben
Carlisle,Sullivan
Dugger,Sullivan
Fairbanks,Sullivan
Farmersburg,Sullivan
Graysville,Sullivan
Hymera,Sullivan
Merom,Sullivan
Paxton,Sullivan
Shelburn,Sullivan
Sullivan,Sullivan
Bennington,Switzerland
East Enterprise,Switzerland
Florence,Switzerland
Patriot,Switzerland
Vevay,Switzerland
Lafayette,Tippecanoe
Lafayette,Tippecanoe
Lafayette,Tippecanoe
Lafayette,Tippecanoe
Lafayette,Tippecanoe
West Lafayette,Tippecanoe
West Lafayette,Tippecanoe
Lafayette,Tippecanoe
Battle Ground,Tippecanoe
Buck Creek,Tippecanoe
Clarks Hill,Tippecanoe
Dayton,Tippecanoe
Montmorenci,Tippecanoe
Romney,Tippecanoe
Stockwell,Tippecanoe
Westpoint,Tippecanoe
West Lafayette,Tippecanoe
Goldsmith,Tipton
Hobbs,Tipton
Kempton,Tipton
Sharpsville,Tipton
Tipton,Tipton
Windfall,Tipton
Brownsville,Union
Liberty,Union
Inglefield,Vanderburgh
Evansville,Vanderburgh
Evansville,Vanderburgh
Evansville,Vanderburgh
Evansville,Vanderburgh
Evansville,Vanderburgh
Evansville,Vanderburgh
Evansville,Vanderburgh
Evansville,Vanderburgh
Evansville,Vanderburgh
Evansville,Vanderburgh
Evansville,Vanderburgh
Evansville,Vanderburgh
Evansville,Vanderburgh
Evansville,Vanderburgh
Evansville,Vanderburgh
Evansville,Vanderburgh
Evansville,Vanderburgh
Evansville,Vanderburgh
Evansville,Vanderburgh
Evansville,Vanderburgh
Evansville,Vanderburgh
Evansville,Vanderburgh
Evansville,Vanderburgh
Evansville,Vanderburgh
Evansville,Vanderburgh
Evansville,Vanderburgh
Evansville,Vanderburgh
Evansville,Vanderburgh
Evansville,Vanderburgh
Evansville,Vanderburgh
Evansville,Vanderburgh
Evansville,Vanderburgh
Blanford,Vermillion
Clinton,Vermillion
Dana,Vermillion
Hillsdale,Vermillion
Saint Bernice,Vermillion
Universal,Vermillion
Cayuga,Vermillion
Newport,Vermillion
Perrysville,Vermillion
Terre Haute,Vigo
Terre Haute,Vigo
Terre Haute,Vigo
Terre Haute,Vigo
Terre Haute,Vigo
Terre Haute,Vigo
Terre Haute,Vigo
Terre Haute,Vigo
Fontanet,Vigo
Lewis,Vigo
New Goshen,Vigo
Pimento,Vigo
Prairie Creek,Vigo
Prairieton,Vigo
Riley,Vigo
Saint Mary Of The Woods,Vigo
Seelyville,Vigo
Shepardsville,Vigo
West Terre Haute,Vigo
La Fontaine,Wabash
Lagro,Wabash
Laketon,Wabash
Liberty Mills,Wabash
North Manchester,Wabash
Roann,Wabash
Servia,Wabash
Somerset,Wabash
Urbana,Wabash
Wabash,Wabash
Pine Village,Warren
State Line,Warren
West Lebanon,Warren
Williamsport,Warren
Boonville,Warrick
Chandler,Warrick
Elberfeld,Warrick
Lynnville,Warrick
Newburgh,Warrick
Newburgh,Warrick
Tennyson,Warrick
Campbellsburg,Washington
Fredericksburg,Washington
Hardinsburg,Washington
Pekin,Washington
Salem,Washington
Boston,Wayne
Cambridge City,Wayne
Centerville,Wayne
Dublin,Wayne
Economy,Wayne
Fountain City,Wayne
Greens Fork,Wayne
Hagerstown,Wayne
Milton,Wayne
Pershing,Wayne
Richmond,Wayne
Richmond,Wayne
Webster,Wayne
Williamsburg,Wayne
Bluffton,Wells
Craigville,Wells
Keystone,Wells
Liberty Center,Wells
Ossian,Wells
Petroleum,Wells
Poneto,Wells
Uniondale,Wells
Brookston,White
Buffalo,White
Burnettsville,White
Chalmers,White
Idaville,White
Monon,White
Monticello,White
Reynolds,White
Wolcott,White
Churubusco,Whitley
Columbia City,Whitley
Larwill,Whitley
South Whitley,Whitley
Elsmore,Allen
Gas,Allen
Humboldt,Allen
Iola,Allen
La Harpe,Allen
Moran,Allen
Savonburg,Allen
Colony,Anderson
Garnett,Anderson
Greeley,Anderson
Kincaid,Anderson
Welda,Anderson
Westphalia,Anderson
Atchison,Atchison
Cummings,Atchison
Effingham,Atchison
Lancaster,Atchison
Muscotah,Atchison
Hardtner,Barber
Hazelton,Barber
Isabel,Barber
Kiowa,Barber
Lake City,Barber
Medicine Lodge,Barber
Sharon,Barber
Sun City,Barber
Albert,Barton
Claflin,Barton
Ellinwood,Barton
Great Bend,Barton
Hoisington,Barton
Olmitz,Barton
Pawnee Rock,Barton
Fort Scott,Bourbon
Bronson,Bourbon
Fulton,Bourbon
Garland,Bourbon
Mapleton,Bourbon
Redfield,Bourbon
Uniontown,Bourbon
Everest,Brown
Fairview,Brown
Hiawatha,Brown
Horton,Brown
Morrill,Brown
Powhattan,Brown
Robinson,Brown
Cassoday,Butler
Andover,Butler
Augusta,Butler
Beaumont,Butler
Benton,Butler
Douglass,Butler
Elbing,Butler
El Dorado,Butler
Latham,Butler
Leon,Butler
Potwin,Butler
Rosalia,Butler
Rose Hill,Butler
Towanda,Butler
Whitewater,Butler
Cedar Point,Chase
Cottonwood Falls,Chase
Elmdale,Chase
Matfield Green,Chase
Strong City,Chase
Cedar Vale,Chautauqua
Chautauqua,Chautauqua
Niotaze,Chautauqua
Peru,Chautauqua
Sedan,Chautauqua
Baxter Springs,Cherokee
Columbus,Cherokee
Crestline,Cherokee
Galena,Cherokee
Riverton,Cherokee
Scammon,Cherokee
Treece,Cherokee
Weir,Cherokee
West Mineral,Cherokee
Bird City,Cheyenne
Saint Francis,Cheyenne
Ashland,Clark
Englewood,Clark
Minneola,Clark
Clay Center,Clay
Green,Clay
Longford,Clay
Morganville,Clay
Wakefield,Clay
Concordia,Cloud
Clyde,Cloud
Jamestown,Cloud
Aurora,Cloud
Glasco,Cloud
Miltonvale,Cloud
Burlington,Coffey
Gridley,Coffey
Lebo,Coffey
Le Roy,Coffey
Waverly,Coffey
Coldwater,Comanche
Protection,Comanche
Wilmore,Comanche
Arkansas City,Cowley
Atlanta,Cowley
Burden,Cowley
Cambridge,Cowley
Dexter,Cowley
Maple City,Cowley
Rock,Cowley
Udall,Cowley
Winfield,Cowley
Arcadia,Crawford
Arma,Crawford
Cherokee,Crawford
Farlington,Crawford
Franklin,Crawford
Girard,Crawford
Hepler,Crawford
Mc Cune,Crawford
Mulberry,Crawford
Opolis,Crawford
Pittsburg,Crawford
Frontenac,Crawford
Walnut,Crawford
Dresden,Decatur
Jennings,Decatur
Norcatur,Decatur
Oberlin,Decatur
Abilene,Dickinson
Chapman,Dickinson
Enterprise,Dickinson
Herington,Dickinson
Hope,Dickinson
Solomon,Dickinson
Talmage,Dickinson
Woodbine,Dickinson
Bendena,Doniphan
Denton,Doniphan
Elwood,Doniphan
Highland,Doniphan
Troy,Doniphan
Wathena,Doniphan
White Cloud,Doniphan
Baldwin City,Douglas
Eudora,Douglas
Lawrence,Douglas
Lawrence,Douglas
Lawrence,Douglas
Lawrence,Douglas
Lawrence,Douglas
Lecompton,Douglas
Belpre,Edwards
Kinsley,Edwards
Lewis,Edwards
Offerle,Edwards
Elk Falls,Elk
Grenola,Elk
Howard,Elk
Longton,Elk
Moline,Elk
Hays,Ellis
Catharine,Ellis
Ellis,Ellis
Pfeifer,Ellis
Schoenchen,Ellis
Victoria,Ellis
Walker,Ellis
Ellsworth,Ellsworth
Holyrood,Ellsworth
Kanopolis,Ellsworth
Lorraine,Ellsworth
Wilson,Ellsworth
Garden City,Finney
Holcomb,Finney
Pierceville,Finney
Dodge City,Ford
Bucklin,Ford
Ford,Ford
Fort Dodge,Ford
Spearville,Ford
Wright,Ford
Lane,Franklin
Ottawa,Franklin
Pomona,Franklin
Princeton,Franklin
Rantoul,Franklin
Richmond,Franklin
Wellsville,Franklin
Williamsburg,Franklin
Junction City,Geary
Fort Riley,Geary
Milford,Geary
Gove,Gove
Grainfield,Gove
Grinnell,Gove
Park,Gove
Quinter,Gove
Bogue,Graham
Hill City,Graham
Morland,Graham
Penokee,Graham
Ulysses,Grant
Cimarron,Gray
Copeland,Gray
Ensign,Gray
Ingalls,Gray
Montezuma,Gray
Tribune,Greeley
Hamilton,Greenwood
Lamont,Greenwood
Madison,Greenwood
Neal,Greenwood
Virgil,Greenwood
Eureka,Greenwood
Fall River,Greenwood
Piedmont,Greenwood
Severy,Greenwood
Coolidge,Hamilton
Kendall,Hamilton
Syracuse,Hamilton
Anthony,Harper
Attica,Harper
Bluff City,Harper
Danville,Harper
Freeport,Harper
Harper,Harper
Waldron,Harper
Burrton,Harvey
Halstead,Harvey
Hesston,Harvey
Newton,Harvey
North Newton,Harvey
Sedgwick,Harvey
Walton,Harvey
Satanta,Haskell
Sublette,Haskell
Hanston,Hodgeman
Jetmore,Hodgeman
Circleville,Jackson
Delia,Jackson
Denison,Jackson
Holton,Jackson
Hoyt,Jackson
Mayetta,Jackson
Netawaka,Jackson
Soldier,Jackson
Whiting,Jackson
Mc Louth,Jefferson
Nortonville,Jefferson
Oskaloosa,Jefferson
Ozawkie,Jefferson
Perry,Jefferson
Valley Falls,Jefferson
Winchester,Jefferson
Grantville,Jefferson
Meriden,Jefferson
Burr Oak,Jewell
Esbon,Jewell
Formoso,Jewell
Jewell,Jewell
Mankato,Jewell
Randall,Jewell
Webber,Jewell
De Soto,Johnson
Edgerton,Johnson
Gardner,Johnson
New Century,Johnson
Olathe,Johnson
Olathe,Johnson
Olathe,Johnson
Olathe,Johnson
Spring Hill,Johnson
Stilwell,Johnson
Mission,Johnson
Mission,Johnson
Shawnee,Johnson
Overland Park,Johnson
Mission,Johnson
Leawood,Johnson
Overland Park,Johnson
Prairie Village,Johnson
Leawood,Johnson
Overland Park,Johnson
Leawood,Johnson
Overland Park,Johnson
Overland Park,Johnson
Overland Park,Johnson
Lenexa,Johnson
Shawnee,Johnson
Shawnee,Johnson
Shawnee,Johnson
Lenexa,Johnson
Lenexa,Johnson
Overland Park,Johnson
Mission,Johnson
Overland Park,Johnson
Overland Park,Johnson
Overland Park,Johnson
Shawnee,Johnson
Lenexa,Johnson
Lenexa,Johnson
Overland Park,Johnson
Shawnee Mission,Johnson
Overland Park,Johnson
Overland Park,Johnson
Lenexa,Johnson
Shawnee,Johnson
Deerfield,Kearny
Lakin,Kearny
Cunningham,Kingman
Kingman,Kingman
Murdock,Kingman
Nashville,Kingman
Norwich,Kingman
Spivey,Kingman
Zenda,Kingman
Greensburg,Kiowa
Haviland,Kiowa
Mullinville,Kiowa
Altamont,Labette
Bartlett,Labette
Chetopa,Labette
Dennis,Labette
Edna,Labette
Mound Valley,Labette
Oswego,Labette
Parsons,Labette
Dighton,Lane
Healy,Lane
Basehor,Leavenworth
Easton,Leavenworth
Fort Leavenworth,Leavenworth
Lansing,Leavenworth
Leavenworth,Leavenworth
Linwood,Leavenworth
Tonganoxie,Leavenworth
Barnard,Lincoln
Beverly,Lincoln
Lincoln,Lincoln
Sylvan Grove,Lincoln
Blue Mound,Linn
Centerville,Linn
Lacygne,Linn
Mound City,Linn
Parker,Linn
Pleasanton,Linn
Prescott,Linn
Monument,Logan
Oakley,Logan
Winona,Logan
Emporia,Lyon
Admire,Lyon
Allen,Lyon
Americus,Lyon
Hartford,Lyon
Neosho Rapids,Lyon
Olpe,Lyon
Reading,Lyon
Moundridge,McPherson
Canton,McPherson
Galva,McPherson
Lindsborg,McPherson
Mcpherson,McPherson
Marquette,McPherson
Roxbury,McPherson
Windom,McPherson
Inman,McPherson
Burns,Marion
Florence,Marion
Lincolnville,Marion
Lost Springs,Marion
Marion,Marion
Peabody,Marion
Goessel,Marion
Hillsboro,Marion
Lehigh,Marion
Durham,Marion
Ramona,Marion
Tampa,Marion
Axtell,Marshall
Beattie,Marshall
Blue Rapids,Marshall
Bremen,Marshall
Frankfort,Marshall
Home,Marshall
Marysville,Marshall
Oketo,Marshall
Summerfield,Marshall
Vermillion,Marshall
Waterville,Marshall
Fowler,Meade
Meade,Meade
Plains,Meade
Bucyrus,Miami
Fontana,Miami
Hillsdale,Miami
Louisburg,Miami
Osawatomie,Miami
Paola,Miami
Beloit,Mitchell
Cawker City,Mitchell
Glen Elder,Mitchell
Hunter,Mitchell
Simpson,Mitchell
Tipton,Mitchell
Independence,Montgomery
Caney,Montgomery
Cherryvale,Montgomery
Coffeyville,Montgomery
Dearing,Montgomery
Elk City,Montgomery
Havana,Montgomery
Liberty,Montgomery
Sycamore,Montgomery
Tyro,Montgomery
Burdick,Morris
Council Grove,Morris
Dwight,Morris
White City,Morris
Wilsey,Morris
Elkhart,Morton
Richfield,Morton
Rolla,Morton
Baileyville,Nemaha
Bern,Nemaha
Centralia,Nemaha
Corning,Nemaha
Goff,Nemaha
Oneida,Nemaha
Sabetha,Nemaha
Seneca,Nemaha
Wetmore,Nemaha
Chanute,Neosho
Erie,Neosho
Galesburg,Neosho
Saint Paul,Neosho
Stark,Neosho
Thayer,Neosho
Arnold,Ness
Bazine,Ness
Beeler,Ness
Brownell,Ness
Ness City,Ness
Ransom,Ness
Utica,Ness
Almena,Norton
Clayton,Norton
Lenora,Norton
Norton,Norton
Burlingame,Osage
Carbondale,Osage
Lyndon,Osage
Melvern,Osage
Osage City,Osage
Overbrook,Osage
Quenemo,Osage
Scranton,Osage
Vassar,Osage
Downs,Osborne
Osborne,Osborne
Portis,Osborne
Alton,Osborne
Natoma,Osborne
Bennington,Ottawa
Delphos,Ottawa
Minneapolis,Ottawa
Tescott,Ottawa
Burdett,Pawnee
Garfield,Pawnee
Larned,Pawnee
Rozel,Pawnee
Agra,Phillips
Glade,Phillips
Kirwin,Phillips
Logan,Phillips
Long Island,Phillips
Phillipsburg,Phillips
Prairie View,Phillips
Belvue,Pottawatomie
Emmett,Pottawatomie
Fostoria,Pottawatomie
Havensville,Pottawatomie
Olsburg,Pottawatomie
Onaga,Pottawatomie
Saint George,Pottawatomie
Saint Marys,Pottawatomie
Wamego,Pottawatomie
Westmoreland,Pottawatomie
Byers,Pratt
Coats,Pratt
Iuka,Pratt
Pratt,Pratt
Sawyer,Pratt
Atwood,Rawlins
Herndon,Rawlins
Ludell,Rawlins
Mc Donald,Rawlins
Hutchinson,Reno
Hutchinson,Reno
Hutchinson,Reno
South Hutchinson,Reno
Abbyville,Reno
Arlington,Reno
Buhler,Reno
Haven,Reno
Nickerson,Reno
Partridge,Reno
Plevna,Reno
Pretty Prairie,Reno
Sylvia,Reno
Turon,Reno
Yoder,Reno
Agenda,Republic
Belleville,Republic
Courtland,Republic
Cuba,Republic
Munden,Republic
Narka,Republic
Norway,Republic
Republic,Republic
Scandia,Republic
Bushton,Rice
Geneseo,Rice
Little River,Rice
Alden,Rice
Chase,Rice
Lyons,Rice
Raymond,Rice
Sterling,Rice
Leonardville,Riley
Manhattan,Riley
Manhattan,Riley
Manhattan,Riley
Manhattan,Riley
Ogden,Riley
Riley,Riley
Randolph,Riley
Damar,Rooks
Palco,Rooks
Plainville,Rooks
Stockton,Rooks
Woodston,Rooks
Alexander,Rush
Bison,Rush
La Crosse,Rush
Liebenthal,Rush
Mc Cracken,Rush
Nekoma,Rush
Otis,Rush
Rush Center,Rush
Bunker Hill,Russell
Dorrance,Russell
Gorham,Russell
Lucas,Russell
Luray,Russell
Paradise,Russell
Russell,Russell
Waldo,Russell
Salina,Saline
Salina,Saline
Assaria,Saline
Brookville,Saline
Falun,Saline
Gypsum,Saline
New Cambria,Saline
Scott City,Scott
Andale,Sedgwick
Bentley,Sedgwick
Cheney,Sedgwick
Clearwater,Sedgwick
Colwich,Sedgwick
Derby,Sedgwick
Garden Plain,Sedgwick
Goddard,Sedgwick
Greenwich,Sedgwick
Haysville,Sedgwick
Kechi,Sedgwick
Maize,Sedgwick
Mount Hope,Sedgwick
Peck,Sedgwick
Valley Center,Sedgwick
Viola,Sedgwick
Wichita,Sedgwick
Wichita,Sedgwick
Wichita,Sedgwick
Wichita,Sedgwick
Wichita,Sedgwick
Wichita,Sedgwick
Wichita,Sedgwick
Wichita,Sedgwick
Wichita,Sedgwick
Wichita,Sedgwick
Wichita,Sedgwick
Wichita,Sedgwick
Wichita,Sedgwick
Wichita,Sedgwick
Wichita,Sedgwick
Wichita,Sedgwick
Wichita,Sedgwick
Wichita,Sedgwick
Wichita,Sedgwick
Wichita,Sedgwick
Mcconnell Afb,Sedgwick
Wichita,Sedgwick
Wichita,Sedgwick
Wichita,Sedgwick
Wichita,Sedgwick
Wichita,Sedgwick
Wichita,Sedgwick
Wichita,Sedgwick
Wichita,Sedgwick
Wichita,Sedgwick
Wichita,Sedgwick
Wichita,Sedgwick
Wichita,Sedgwick
Kismet,Seward
Liberal,Seward
Liberal,Seward
Auburn,Shawnee
Berryton,Shawnee
Dover,Shawnee
Rossville,Shawnee
Silver Lake,Shawnee
Tecumseh,Shawnee
Wakarusa,Shawnee
Topeka,Shawnee
Topeka,Shawnee
Topeka,Shawnee
Topeka,Shawnee
Topeka,Shawnee
Topeka,Shawnee
Topeka,Shawnee
Topeka,Shawnee
Topeka,Shawnee
Topeka,Shawnee
Topeka,Shawnee
Topeka,Shawnee
Topeka,Shawnee
Topeka,Shawnee
Topeka,Shawnee
Topeka,Shawnee
Topeka,Shawnee
Topeka,Shawnee
Topeka,Shawnee
Topeka,Shawnee
Topeka,Shawnee
Topeka,Shawnee
Topeka,Shawnee
Topeka,Shawnee
Topeka,Shawnee
Topeka,Shawnee
Topeka,Shawnee
Topeka,Shawnee
Topeka,Shawnee
Topeka,Shawnee
Topeka,Shawnee
Hoxie,Sheridan
Selden,Sheridan
Edson,Sherman
Goodland,Sherman
Kanorado,Sherman
Athol,Smith
Kensington,Smith
Lebanon,Smith
Smith Center,Smith
Cedar,Smith
Gaylord,Smith
Hudson,Stafford
Macksville,Stafford
St John,Stafford
Stafford,Stafford
Johnson,Stanton
Manter,Stanton
Hugoton,Stevens
Moscow,Stevens
Argonia,Sumner
Belle Plaine,Sumner
Caldwell,Sumner
Conway Springs,Sumner
Geuda Springs,Sumner
Mayfield,Sumner
Milan,Sumner
Milton,Sumner
Mulvane,Sumner
Oxford,Sumner
South Haven,Sumner
Wellington,Sumner
Colby,Thomas
Brewster,Thomas
Gem,Thomas
Levant,Thomas
Rexford,Thomas
Collyer,Trego
Ogallah,Trego
Wakeeney,Trego
Alma,Wabaunsee
Eskridge,Wabaunsee
Harveyville,Wabaunsee
Mc Farland,Wabaunsee
Maple Hill,Wabaunsee
Paxico,Wabaunsee
Alta Vista,Wabaunsee
Sharon Springs,Wallace
Wallace,Wallace
Weskan,Wallace
Barnes,Washington
Clifton,Washington
Greenleaf,Washington
Haddam,Washington
Hanover,Washington
Hollenberg,Washington
Linn,Washington
Mahaska,Washington
Morrowville,Washington
Palmer,Washington
Washington,Washington
Leoti,Wichita
Marienthal,Wichita
Altoona,Wilson
Benedict,Wilson
Buffalo,Wilson
Fredonia,Wilson
Neodesha,Wilson
New Albany,Wilson
Neosho Falls,Woodson
Piqua,Woodson
Toronto,Woodson
Yates Center,Woodson
Bonner Springs,Wyandotte
Kansas City,Wyandotte
Kansas City,Wyandotte
Kansas City,Wyandotte
Kansas City,Wyandotte
Kansas City,Wyandotte
Kansas City,Wyandotte
Kansas City,Wyandotte
Kansas City,Wyandotte
Kansas City,Wyandotte
Kansas City,Wyandotte
Edwardsville,Wyandotte
Kansas City,Wyandotte
Kansas City,Wyandotte
Kansas City,Wyandotte
Kansas City,Wyandotte
Kansas City,Wyandotte
Breeding,Adair
Cane Valley,Adair
Columbia,Adair
Glens Fork,Adair
Gradyville,Adair
Knifley,Adair
Adolphus,Allen
Holland,Allen
Scottsville,Allen
Lawrenceburg,Anderson
Bandana,Ballard
Barlow,Ballard
La Center,Ballard
Lovelaceville,Ballard
Wickliffe,Ballard
Austin,Barren
Cave City,Barren
Eighty Eight,Barren
Etoile,Barren
Glasgow,Barren
Glasgow,Barren
Hiseville,Barren
Lucas,Barren
Park City,Barren
Olympia,Bath
Owingsville,Bath
Preston,Bath
Salt Lick,Bath
Sharpsburg,Bath
Calvin,Bell
Hulen,Bell
Miracle,Bell
Arjay,Bell
Beverly,Bell
Frakes,Bell
Ingram,Bell
Kettle Island,Bell
Middlesboro,Bell
Pineville,Bell
Stoney Fork,Bell
Burlington,Boone
Hebron,Boone
Florence,Boone
Florence,Boone
Hebron,Boone
Petersburg,Boone
Union,Boone
Verona,Boone
Walton,Boone
Millersburg,Bourbon
North Middletown,Bourbon
Paris,Bourbon
Paris,Bourbon
Ashland,Boyd
Ashland,Boyd
Ashland,Boyd
Ashland,Boyd
Catlettsburg,Boyd
Rush,Boyd
Danville,Boyle
Danville,Boyle
Junction City,Boyle
Mitchellsburg,Boyle
Parksville,Boyle
Perryville,Boyle
Augusta,Bracken
Brooksville,Bracken
Foster,Bracken
Germantown,Bracken
Milford,Bracken
Bays,Breathitt
Clayhole,Breathitt
Jackson,Breathitt
Lost Creek,Breathitt
Rousseau,Breathitt
Vancleve,Breathitt
Whick,Breathitt
Cloverport,Breckinridge
Custer,Breckinridge
Garfield,Breckinridge
Hardinsburg,Breckinridge
Harned,Breckinridge
Hudson,Breckinridge
Irvington,Breckinridge
Mc Daniels,Breckinridge
Mc Quady,Breckinridge
Stephensport,Breckinridge
Union Star,Breckinridge
Webster,Breckinridge
Westview,Breckinridge
Mount Washington,Bullitt
Brooks,Bullitt
Clermont,Bullitt
Hillview,Bullitt
Lebanon Junction,Bullitt
Shepherdsville,Bullitt
Shepherdsville,Bullitt
Aberdeen,Butler
Dunbar,Butler
Jetson,Butler
Morgantown,Butler
Rochester,Butler
Woodbury,Butler
Fredonia,Caldwell
Princeton,Caldwell
Almo,Calloway
Dexter,Calloway
Hazel,Calloway
Kirksey,Calloway
Murray,Calloway
New Concord,Calloway
Alexandria,Campbell
California,Campbell
Melbourne,Campbell
Newport,Campbell
Newport,Campbell
Bellevue,Campbell
Dayton,Campbell
Fort Thomas,Campbell
Newport,Campbell
Silver Grove,Campbell
Newport,Campbell
Arlington,Carlisle
Bardwell,Carlisle
Cunningham,Carlisle
Milburn,Carlisle
Carrollton,Carroll
Ghent,Carroll
Sanders,Carroll
Worthville,Carroll
Carter,Carter
Denton,Carter
Grahn,Carter
Grayson,Carter
Hitchins,Carter
Olive Hill,Carter
Soldier,Carter
Willard,Carter
Bethelridge,Casey
Dunnville,Casey
Liberty,Casey
Middleburg,Casey
Windsor,Casey
Yosemite,Casey
Crofton,Christian
Fairview,Christian
Fort Campbell,Christian
Gracey,Christian
Herndon,Christian
Hopkinsville,Christian
Hopkinsville,Christian
La Fayette,Christian
Oak Grove,Christian
Pembroke,Christian
Winchester,Clark
Winchester,Clark
Big Creek,Clay
Fall Rock,Clay
Garrard,Clay
Goose Rock,Clay
Hima,Clay
Manchester,Clay
Oneida,Clay
Sextons Creek,Clay
Albany,Clinton
Alpha,Clinton
Crayne,Crittenden
Dycusburg,Crittenden
Marion,Crittenden
Burkesville,Cumberland
Marrowbone,Cumberland
Owensboro,Daviess
Owensboro,Daviess
Owensboro,Daviess
Owensboro,Daviess
Curdsville,Daviess
Maceo,Daviess
Maple Mount,Daviess
Philpot,Daviess
Utica,Daviess
West Louisville,Daviess
Whitesville,Daviess
Rocky Hill,Edmonson
Bee Spring,Edmonson
Brownsville,Edmonson
Mammoth Cave,Edmonson
Roundhill,Edmonson
Sweeden,Edmonson
Isonville,Elliott
Sandy Hook,Elliott
Irvine,Estill
Ravenna,Estill
Lexington,Fayette
Lexington,Fayette
Lexington,Fayette
Lexington,Fayette
Lexington,Fayette
Lexington,Fayette
Lexington,Fayette
Lexington,Fayette
Lexington,Fayette
Lexington,Fayette
Lexington,Fayette
Lexington,Fayette
Lexington,Fayette
Lexington,Fayette
Lexington,Fayette
Lexington,Fayette
Lexington,Fayette
Lexington,Fayette
Lexington,Fayette
Lexington,Fayette
Lexington,Fayette
Lexington,Fayette
Lexington,Fayette
Lexington,Fayette
Lexington,Fayette
Lexington,Fayette
Lexington,Fayette
Lexington,Fayette
Lexington,Fayette
Lexington,Fayette
Lexington,Fayette
Lexington,Fayette
Lexington,Fayette
Lexington,Fayette
Lexington,Fayette
Lexington,Fayette
Lexington,Fayette
Lexington,Fayette
Lexington,Fayette
Elizaville,Fleming
Ewing,Fleming
Flemingsburg,Fleming
Hillsboro,Fleming
Muses Mills,Fleming
Plummers Landing,Fleming
Wallingford,Fleming
Allen,Floyd
Auxier,Floyd
Banner,Floyd
Beaver,Floyd
Betsy Layne,Floyd
Bevinsville,Floyd
Blue River,Floyd
Bypro,Floyd
Dana,Floyd
David,Floyd
Drift,Floyd
Dwale,Floyd
Eastern,Floyd
Garrett,Floyd
Grethel,Floyd
Harold,Floyd
Hi Hat,Floyd
Hueysville,Floyd
Ivel,Floyd
Lackey,Floyd
Langley,Floyd
Mc Dowell,Floyd
Martin,Floyd
Melvin,Floyd
Minnie,Floyd
Prestonsburg,Floyd
Printer,Floyd
Stanville,Floyd
Teaberry,Floyd
Tram,Floyd
Wayland,Floyd
Weeksbury,Floyd
Wheelwright,Floyd
Frankfort,Franklin
Frankfort,Franklin
Frankfort,Franklin
Frankfort,Franklin
Frankfort,Franklin
Frankfort,Franklin
Frankfort,Franklin
Frankfort,Franklin
Frankfort,Franklin
Fulton,Fulton
Hickman,Fulton
Glencoe,Gallatin
Sparta,Gallatin
Warsaw,Gallatin
Bryantsville,Garrard
Lancaster,Garrard
Paint Lick,Garrard
Corinth,Grant
Crittenden,Grant
Dry Ridge,Grant
Jonesville,Grant
Mason,Grant
Williamstown,Grant
Boaz,Graves
Fancy Farm,Graves
Farmington,Graves
Hickory,Graves
Lowes,Graves
Lynnville,Graves
Mayfield,Graves
Melber,Graves
Sedalia,Graves
Symsonia,Graves
Water Valley,Graves
Wingo,Graves
Falls Of Rough,Grayson
Big Clifty,Grayson
Caneyville,Grayson
Clarkson,Grayson
Leitchfield,Grayson
Leitchfield,Grayson
Millwood,Grayson
Greensburg,Green
Summersville,Green
Argillite,Greenup
Flatwoods,Greenup
Greenup,Greenup
Russell,Greenup
South Portsmouth,Greenup
South Shore,Greenup
Worthington,Greenup
Hawesville,Hancock
Lewisport,Hancock
Pellville,Hancock
Reynolds Station,Hancock
Fort Knox,Hardin
Fort Knox,Hardin
Radcliff,Hardin
Radcliff,Hardin
Rineyville,Hardin
Vine Grove,Hardin
West Point,Hardin
Elizabethtown,Hardin
Elizabethtown,Hardin
Cecilia,Hardin
Eastview,Hardin
Glendale,Hardin
Sonora,Hardin
Upton,Hardin
White Mills,Hardin
Ages Brookside,Harlan
Baxter,Harlan
Benham,Harlan
Big Laurel,Harlan
Bledsoe,Harlan
Cawood,Harlan
Coalgood,Harlan
Coldiron,Harlan
Cranks,Harlan
Cumberland,Harlan
Dayhoit,Harlan
Evarts,Harlan
Grays Knob,Harlan
Gulston,Harlan
Harlan,Harlan
Holmes Mill,Harlan
Kenvir,Harlan
Lejunior,Harlan
Loyall,Harlan
Lynch,Harlan
Pathfork,Harlan
Putney,Harlan
Totz,Harlan
Wallins Creek,Harlan
Closplint,Harlan
Mary Alice,Harlan
Berry,Harrison
Cynthiana,Harrison
Bonnieville,Hart
Canmer,Hart
Cub Run,Hart
Hardyville,Hart
Horse Cave,Hart
Munfordville,Hart
Baskett,Henderson
Corydon,Henderson
Henderson,Henderson
Henderson,Henderson
Reed,Henderson
Robards,Henderson
Smith Mills,Henderson
Spottsville,Henderson
Bethlehem,Henry
Campbellsburg,Henry
Eminence,Henry
Lockport,Henry
New Castle,Henry
Pendleton,Henry
Pleasureville,Henry
Port Royal,Henry
Smithfield,Henry
Sulphur,Henry
Turners Station,Henry
Clinton,Hickman
Columbus,Hickman
Dawson Springs,Hopkins
Earlington,Hopkins
Hanson,Hopkins
Madisonville,Hopkins
Manitou,Hopkins
Mortons Gap,Hopkins
Nebo,Hopkins
Nortonville,Hopkins
Saint Charles,Hopkins
White Plains,Hopkins
Annville,Jackson
Gray Hawk,Jackson
Mc Kee,Jackson
Sandgap,Jackson
Tyner,Jackson
Waneta,Jackson
Eastwood,Jefferson
Fisherville,Jefferson
Glenview,Jefferson
Harrods Creek,Jefferson
Masonic Home,Jefferson
Prospect,Jefferson
Fairdale,Jefferson
Louisville,Jefferson
Louisville,Jefferson
Louisville,Jefferson
Louisville,Jefferson
Louisville,Jefferson
Louisville,Jefferson
Louisville,Jefferson
Louisville,Jefferson
Louisville,Jefferson
Louisville,Jefferson
Louisville,Jefferson
Louisville,Jefferson
Louisville,Jefferson
Louisville,Jefferson
Louisville,Jefferson
Louisville,Jefferson
Louisville,Jefferson
Louisville,Jefferson
Louisville,Jefferson
Louisville,Jefferson
Louisville,Jefferson
Louisville,Jefferson
Louisville,Jefferson
Louisville,Jefferson
Louisville,Jefferson
Louisville,Jefferson
Louisville,Jefferson
Louisville,Jefferson
Louisville,Jefferson
Louisville,Jefferson
Louisville,Jefferson
Louisville,Jefferson
Louisville,Jefferson
Louisville,Jefferson
Louisville,Jefferson
Louisville,Jefferson
Louisville,Jefferson
Louisville,Jefferson
Louisville,Jefferson
Louisville,Jefferson
Louisville,Jefferson
Louisville,Jefferson
Louisville,Jefferson
Louisville,Jefferson
Louisville,Jefferson
Louisville,Jefferson
Louisville,Jefferson
Louisville,Jefferson
Louisville,Jefferson
Louisville,Jefferson
Louisville,Jefferson
Louisville,Jefferson
Louisville,Jefferson
Louisville,Jefferson
Louisville,Jefferson
Louisville,Jefferson
Louisville,Jefferson
Louisville,Jefferson
Louisville,Jefferson
Louisville,Jefferson
Louisville,Jefferson
Louisville,Jefferson
Louisville,Jefferson
Louisville,Jefferson
Louisville,Jefferson
Louisville,Jefferson
Keene,Jessamine
Nicholasville,Jessamine
Nicholasville,Jessamine
Wilmore,Jessamine
Boons Camp,Johnson
East Point,Johnson
Flatgap,Johnson
Hagerhill,Johnson
Keaton,Johnson
Meally,Johnson
Oil Springs,Johnson
Paintsville,Johnson
River,Johnson
Sitka,Johnson
Staffordsville,Johnson
Stambaugh,Johnson
Thelma,Johnson
Tutor Key,Johnson
Van Lear,Johnson
West Van Lear,Johnson
Williamsport,Johnson
Wittensville,Johnson
Covington,Kenton
Covington,Kenton
Covington,Kenton
Latonia,Kenton
Covington,Kenton
Ft Mitchell,Kenton
Erlanger,Kenton
Covington,Kenton
Erlanger,Kenton
Independence,Kenton
Kenton,Kenton
Morning View,Kenton
Carrie,Knott
Emmalena,Knott
Fisty,Knott
Sassafras,Knott
Vest,Knott
Garner,Knott
Hindman,Knott
Kite,Knott
Leburn,Knott
Littcarr,Knott
Mallie,Knott
Mousie,Knott
Pine Top,Knott
Pippa Passes,Knott
Redfox,Knott
Dema,Knott
Raven,Knott
Topmost,Knott
Gray,Knox
Woodbine,Knox
Artemus,Knox
Barbourville,Knox
Bimble,Knox
Bryants Store,Knox
Cannon,Knox
Dewitt,Knox
Flat Lick,Knox
Fourmile,Knox
Girdler,Knox
Green Road,Knox
Heidrick,Knox
Hinkle,Knox
Scalf,Knox
Trosper,Knox
Walker,Knox
Buffalo,Larue
Hodgenville,Larue
Magnolia,Larue
Mount Sherman,Larue
Bush,Laurel
East Bernstadt,Laurel
Keavy,Laurel
Lily,Laurel
London,Laurel
London,Laurel
London,Laurel
London,Laurel
London,Laurel
London,Laurel
Pittsburg,Laurel
Blaine,Lawrence
Martha,Lawrence
Mazie,Lawrence
Webbville,Lawrence
Adams,Lawrence
Louisa,Lawrence
Lowmansville,Lawrence
Ulysses,Lawrence
Beattyville,Lee
Lone,Lee
Saint Helens,Lee
Zoe,Lee
Asher,Leslie
Chappell,Leslie
Essie,Leslie
Helton,Leslie
Hoskinston,Leslie
Mozelle,Leslie
Stinnett,Leslie
Warbranch,Leslie
Roark,Leslie
Bear Branch,Leslie
Hyden,Leslie
Sizerock,Leslie
Smilax,Leslie
Thousandsticks,Leslie
Wendover,Leslie
Wooton,Leslie
Yeaddiss,Leslie
Eolia,Letcher
Partridge,Letcher
Burdine,Letcher
Jenkins,Letcher
Blackey,Letcher
Cromona,Letcher
Deane,Letcher
Ermine,Letcher
Gordon,Letcher
Hallie,Letcher
Isom,Letcher
Jackhorn,Letcher
Jeremiah,Letcher
Letcher,Letcher
Linefork,Letcher
Mc Roberts,Letcher
Mayking,Letcher
Millstone,Letcher
Neon,Letcher
Premium,Letcher
Roxana,Letcher
Seco,Letcher
Thornton,Letcher
Whitesburg,Letcher
Emerson,Lewis
Garrison,Lewis
Quincy,Lewis
Vanceburg,Lewis
Tollesboro,Lewis
Crab Orchard,Lincoln
Hustonville,Lincoln
Kings Mountain,Lincoln
Mc Kinney,Lincoln
Stanford,Lincoln
Waynesburg,Lincoln
Burna,Livingston
Grand Rivers,Livingston
Hampton,Livingston
Ledbetter,Livingston
Salem,Livingston
Smithland,Livingston
Tiline,Livingston
Adairville,Logan
Auburn,Logan
Lewisburg,Logan
Olmstead,Logan
Russellville,Logan
Eddyville,Lyon
Kuttawa,Lyon
Paducah,McCracken
Paducah,McCracken
Paducah,McCracken
Kevil,McCracken
West Paducah,McCracken
Marshes Siding,McCreary
Parkers Lake,McCreary
Pine Knot,McCreary
Revelo,McCreary
Stearns,McCreary
Strunk,McCreary
Whitley City,McCreary
Beech Grove,McLean
Calhoun,McLean
Island,McLean
Livermore,McLean
Rumsey,McLean
Sacramento,McLean
Waco,Madison
Berea,Madison
Berea,Madison
Bighill,Madison
Richmond,Madison
Richmond,Madison
Falcon,Magoffin
Royalton,Magoffin
Salyersville,Magoffin
Gunlock,Magoffin
Bradfordsville,Marion
Lebanon,Marion
Loretto,Marion
Nerinx,Marion
Raywick,Marion
Saint Francis,Marion
Saint Mary,Marion
Gravel Switch,Marion
Benton,Marshall
Calvert City,Marshall
Gilbertsville,Marshall
Hardin,Marshall
Beauty,Martin
Debord,Martin
Inez,Martin
Lovely,Martin
Pilgrim,Martin
Tomahawk,Martin
Warfield,Martin
Dover,Mason
Mayslick,Mason
Maysville,Mason
Minerva,Mason
Washington,Mason
Battletown,Meade
Brandenburg,Meade
Ekron,Meade
Guston,Meade
Muldraugh,Meade
Payneville,Meade
Rhodelia,Meade
Denniston,Menifee
Frenchburg,Menifee
Means,Menifee
Wellington,Menifee
Burgin,Mercer
Harrodsburg,Mercer
Salvisa,Mercer
Beaumont,Metcalfe
Edmonton,Metcalfe
Knob Lick,Metcalfe
Summer Shade,Metcalfe
Center,Metcalfe
Fountain Run,Monroe
Gamaliel,Monroe
Hestand,Monroe
Mount Hermon,Monroe
Tompkinsville,Monroe
Hope,Montgomery
Jeffersonville,Montgomery
Mount Sterling,Montgomery
Mize,Morgan
Cannel City,Morgan
Crockett,Morgan
Elkfork,Morgan
Ezel,Morgan
Malone,Morgan
West Liberty,Morgan
Wrigley,Morgan
Beech Creek,Muhlenberg
Beechmont,Muhlenberg
Belton,Muhlenberg
Bremen,Muhlenberg
Browder,Muhlenberg
Central City,Muhlenberg
Cleaton,Muhlenberg
Drakesboro,Muhlenberg
Dunmor,Muhlenberg
Graham,Muhlenberg
Greenville,Muhlenberg
Powderly,Muhlenberg
South Carrollton,Muhlenberg
Bardstown,Nelson
Bloomfield,Nelson
Chaplin,Nelson
Coxs Creek,Nelson
Fairfield,Nelson
Nazareth,Nelson
New Haven,Nelson
New Hope,Nelson
Boston,Nelson
Carlisle,Nicholas
Moorefield,Nicholas
Beaver Dam,Ohio
Centertown,Ohio
Cromwell,Ohio
Dundee,Ohio
Fordsville,Ohio
Hartford,Ohio
Horse Branch,Ohio
Mc Henry,Ohio
Olaton,Ohio
Rockport,Ohio
Rosine,Ohio
Buckner,Oldham
Crestwood,Oldham
Goshen,Oldham
La Grange,Oldham
La Grange,Oldham
Pewee Valley,Oldham
Westport,Oldham
New Liberty,Owen
Owenton,Owen
Perry Park,Owen
Booneville,Owsley
Mistletoe,Owsley
Ricetown,Owsley
Vincent,Owsley
Butler,Pendleton
De Mossville,Pendleton
Falmouth,Pendleton
Saul,Perry
Rowdy,Perry
Hazard,Perry
Hazard,Perry
Ary,Perry
Avawam,Perry
Bonnyman,Perry
Buckhorn,Perry
Bulan,Perry
Busy,Perry
Chavies,Perry
Combs,Perry
Cornettsville,Perry
Delphia,Perry
Dice,Perry
Dwarf,Perry
Gays Creek,Perry
Happy,Perry
Jeff,Perry
Krypton,Perry
Scuddy,Perry
Slemp,Perry
Vicco,Perry
Viper,Perry
Yerkes,Perry
Pikeville,Pike
Pikeville,Pike
South Williamson,Pike
Ashcamp,Pike
Belcher,Pike
Belfry,Pike
Canada,Pike
Dorton,Pike
Elkhorn City,Pike
Fedscreek,Pike
Fords Branch,Pike
Forest Hills,Pike
Freeburn,Pike
Hardy,Pike
Hellier,Pike
Huddy,Pike
Jonancy,Pike
Kimper,Pike
Lick Creek,Pike
Lookout,Pike
Mc Andrews,Pike
Mc Carr,Pike
Majestic,Pike
Mouthcard,Pike
Myra,Pike
Phelps,Pike
Phyllis,Pike
Pinsonfork,Pike
Raccoon,Pike
Ransom,Pike
Regina,Pike
Robinson Creek,Pike
Rockhouse,Pike
Shelbiana,Pike
Shelby Gap,Pike
Sidney,Pike
Steele,Pike
Stone,Pike
Stopover,Pike
Varney,Pike
Virgie,Pike
Clay City,Powell
Slade,Powell
Stanton,Powell
Somerset,Pulaski
Somerset,Pulaski
Somerset,Pulaski
Bronston,Pulaski
Burnside,Pulaski
Ferguson,Pulaski
Nancy,Pulaski
Science Hill,Pulaski
Tateville,Pulaski
West Somerset,Pulaski
Eubank,Pulaski
Mount Olivet,Robertson
Brodhead,Rockcastle
Livingston,Rockcastle
Mount Vernon,Rockcastle
Orlando,Rockcastle
Renfro Valley,Rockcastle
Wildie,Rockcastle
Clearfield,Rowan
Elliottville,Rowan
Farmers,Rowan
Morehead,Rowan
Jamestown,Russell
Russell Springs,Russell
Georgetown,Scott
Sadieville,Scott
Stamping Ground,Scott
Bagdad,Shelby
Finchville,Shelby
Shelbyville,Shelby
Shelbyville,Shelby
Simpsonville,Shelby
Waddy,Shelby
Franklin,Simpson
Franklin,Simpson
Mount Eden,Spencer
Taylorsville,Spencer
Campbellsville,Taylor
Campbellsville,Taylor
Elk Horn,Taylor
Mannsville,Taylor
Allensville,Todd
Clifty,Todd
Elkton,Todd
Guthrie,Todd
Sharon Grove,Todd
Trenton,Todd
Cadiz,Trigg
Cerulean,Trigg
Bedford,Trimble
Milton,Trimble
Morganfield,Union
Sturgis,Union
Sullivan,Union
Uniontown,Union
Waverly,Union
Bowling Green,Warren
Bowling Green,Warren
Bowling Green,Warren
Bowling Green,Warren
Alvaton,Warren
Drake,Warren
Oakland,Warren
Woodburn,Warren
Smiths Grove,Warren
Rockfield,Warren
Mackville,Washington
Saint Catharine,Washington
Springfield,Washington
Willisburg,Washington
Monticello,Wayne
Clay,Webster
Dixon,Webster
Poole,Webster
Providence,Webster
Sebree,Webster
Slaughters,Webster
Wheatcroft,Webster
Corbin,Whitley
Corbin,Whitley
Emlyn,Whitley
Rockholds,Whitley
Siler,Whitley
Williamsburg,Whitley
Campton,Wolfe
Hazel Green,Wolfe
Pine Ridge,Wolfe
Rogers,Wolfe
Midway,Woodford
Versailles,Woodford
Versailles,Woodford
Branch,Acadia
Church Point,Acadia
Crowley,Acadia
Crowley,Acadia
Egan,Acadia
Estherwood,Acadia
Evangeline,Acadia
Iota,Acadia
Mermentau,Acadia
Morse,Acadia
Rayne,Acadia
Elizabeth,Allen
Grant,Allen
Kinder,Allen
Leblanc,Allen
Mittie,Allen
Oberlin,Allen
Reeves,Allen
Oakdale,Allen
Donaldsonville,Ascension
Gonzales,Ascension
Brittany,Ascension
Darrow,Ascension
Duplessis,Ascension
Geismar,Ascension
Gonzales,Ascension
Burnside,Ascension
Prairieville,Ascension
Saint Amant,Ascension
Sorrento,Ascension
Pierre Part,Assumption
Belle Rose,Assumption
Labadieville,Assumption
Napoleonville,Assumption
Paincourtville,Assumption
Plattenville,Assumption
Bordelonville,Avoyelles
Bunkie,Avoyelles
Center Point,Avoyelles
Cottonport,Avoyelles
Dupont,Avoyelles
Effie,Avoyelles
Evergreen,Avoyelles
Hamburg,Avoyelles
Hessmer,Avoyelles
Mansura,Avoyelles
Marksville,Avoyelles
Moreauville,Avoyelles
Plaucheville,Avoyelles
Simmesport,Avoyelles
Deridder,Beauregard
Dry Creek,Beauregard
Longville,Beauregard
Merryville,Beauregard
Ragley,Beauregard
Singer,Beauregard
Sugartown,Beauregard
Arcadia,Bienville
Bienville,Bienville
Castor,Bienville
Gibsland,Bienville
Jamestown,Bienville
Ringgold,Bienville
Saline,Bienville
Taylor,Bienville
Benton,Bossier
Haughton,Bossier
Elm Grove,Bossier
Plain Dealing,Bossier
Princeton,Bossier
Barksdale Afb,Bossier
Bossier City,Bossier
Bossier City,Bossier
Bossier City,Bossier
Bossier City,Bossier
Bossier City,Bossier
Belcher,Caddo Parish
Bethany,Caddo Parish
Blanchard,Caddo Parish
Gilliam,Caddo Parish
Greenwood,Caddo Parish
Hosston,Caddo Parish
Ida,Caddo Parish
Keithville,Caddo Parish
Mooringsport,Caddo Parish
Oil City,Caddo Parish
Rodessa,Caddo Parish
Vivian,Caddo Parish
Shreveport,Caddo Parish
Shreveport,Caddo Parish
Shreveport,Caddo Parish
Shreveport,Caddo Parish
Shreveport,Caddo Parish
Shreveport,Caddo Parish
Shreveport,Caddo Parish
Shreveport,Caddo Parish
Shreveport,Caddo Parish
Shreveport,Caddo Parish
Shreveport,Caddo Parish
Shreveport,Caddo Parish
Shreveport,Caddo Parish
Shreveport,Caddo Parish
Shreveport,Caddo Parish
Shreveport,Caddo Parish
Shreveport,Caddo Parish
Shreveport,Caddo Parish
Shreveport,Caddo Parish
Shreveport,Caddo Parish
Shreveport,Caddo Parish
Shreveport,Caddo Parish
Shreveport,Caddo Parish
Shreveport,Caddo Parish
Shreveport,Caddo Parish
Shreveport,Caddo Parish
Shreveport,Caddo Parish
Shreveport,Caddo Parish
Shreveport,Caddo Parish
Shreveport,Caddo Parish
Shreveport,Caddo Parish
Shreveport,Caddo Parish
Shreveport,Caddo Parish
Shreveport,Caddo Parish
Shreveport,Caddo Parish
Lake Charles,Calcasieu
Lake Charles,Calcasieu
Lake Charles,Calcasieu
Lake Charles,Calcasieu
Lake Charles,Calcasieu
Lake Charles,Calcasieu
Lake Charles,Calcasieu
Lake Charles,Calcasieu
Lake Charles,Calcasieu
Lake Charles,Calcasieu
Lake Charles,Calcasieu
Bell City,Calcasieu
Dequincy,Calcasieu
Hayes,Calcasieu
Iowa,Calcasieu
Starks,Calcasieu
Sulphur,Calcasieu
Sulphur,Calcasieu
Sulphur,Calcasieu
Vinton,Calcasieu
Westlake,Calcasieu
Clarks,Caldwell
Columbia,Caldwell
Grayson,Caldwell
Kelly,Caldwell
Cameron,Cameron
Creole,Cameron
Grand Chenier,Cameron
Hackberry,Cameron
Harrisonburg,Catahoula
Jonesville,Catahoula
Rhinehart,Catahoula
Sicily Island,Catahoula
Aimwell,Catahoula
Enterprise,Catahoula
Athens,Claiborne
Haynesville,Claiborne
Homer,Claiborne
Lisbon,Claiborne
Summerfield,Claiborne
Acme,Concordia
Clayton,Concordia
Ferriday,Concordia
Monterey,Concordia
Vidalia,Concordia
Wildsville,Concordia
Frierson,De Soto
Gloster,De Soto
Grand Cane,De Soto
Keatchie,De Soto
Logansport,De Soto
Longstreet,De Soto
Mansfield,De Soto
Pelican,De Soto
Stonewall,De Soto
Baker,East Baton Rouge Parish
Baker,East Baton Rouge Parish
Greenwell Springs,East Baton Rouge Parish
Pride,East Baton Rouge Parish
Zachary,East Baton Rouge Parish
Baton Rouge,East Baton Rouge Parish
Baton Rouge,East Baton Rouge Parish
Baton Rouge,East Baton Rouge Parish
Baton Rouge,East Baton Rouge Parish
Baton Rouge,East Baton Rouge Parish
Baton Rouge,East Baton Rouge Parish
Baton Rouge,East Baton Rouge Parish
Baton Rouge,East Baton Rouge Parish
Baton Rouge,East Baton Rouge Parish
Baton Rouge,East Baton Rouge Parish
Baton Rouge,East Baton Rouge Parish
Baton Rouge,East Baton Rouge Parish
Baton Rouge,East Baton Rouge Parish
Baton Rouge,East Baton Rouge Parish
Baton Rouge,East Baton Rouge Parish
Baton Rouge,East Baton Rouge Parish
Baton Rouge,East Baton Rouge Parish
Baton Rouge,East Baton Rouge Parish
Baton Rouge,East Baton Rouge Parish
Baton Rouge,East Baton Rouge Parish
Baton Rouge,East Baton Rouge Parish
Baton Rouge,East Baton Rouge Parish
Baton Rouge,East Baton Rouge Parish
Baton Rouge,East Baton Rouge Parish
Baton Rouge,East Baton Rouge Parish
Baton Rouge,East Baton Rouge Parish
Baton Rouge,East Baton Rouge Parish
Baton Rouge,East Baton Rouge Parish
Baton Rouge,East Baton Rouge Parish
Baton Rouge,East Baton Rouge Parish
Baton Rouge,East Baton Rouge Parish
Baton Rouge,East Baton Rouge Parish
Baton Rouge,East Baton Rouge Parish
Baton Rouge,East Baton Rouge Parish
Baton Rouge,East Baton Rouge Parish
Baton Rouge,East Baton Rouge Parish
Baton Rouge,East Baton Rouge Parish
Baton Rouge,East Baton Rouge Parish
Baton Rouge,East Baton Rouge Parish
Baton Rouge,East Baton Rouge Parish
Baton Rouge,East Baton Rouge Parish
Baton Rouge,East Baton Rouge Parish
Lake Providence,East Carroll
Sondheimer,East Carroll
Transylvania,East Carroll
Clinton,East Feliciana
Ethel,East Feliciana
Jackson,East Feliciana
Norwood,East Feliciana
Slaughter,East Feliciana
Wilson,East Feliciana
Basile,Evangeline
Chataignier,Evangeline
Mamou,Evangeline
Pine Prairie,Evangeline
Reddell,Evangeline
Turkey Creek,Evangeline
Ville Platte,Evangeline
Saint Landry,Evangeline
Baskin,Franklin
Crowville,Franklin
Fort Necessity,Franklin
Jigger,Franklin
Winnsboro,Franklin
Chase,Franklin
Gilbert,Franklin
Wisner,Franklin
Bentley,Grant
Colfax,Grant
Dry Prong,Grant
Georgetown,Grant
Montgomery,Grant
Pollock,Grant
Avery Island,Iberia
Jeanerette,Iberia
Loreauville,Iberia
New Iberia,Iberia
New Iberia,Iberia
New Iberia,Iberia
Lydia,Iberia
Carville,Iberville
Grosse Tete,Iberville
Maringouin,Iberville
Plaquemine,Iberville
Plaquemine,Iberville
Rosedale,Iberville
Saint Gabriel,Iberville
Sunshine,Iberville
White Castle,Iberville
Chatham,Jackson
Eros,Jackson
Hodge,Jackson
Jonesboro,Jackson
Quitman,Jackson
Metairie,Jefferson Parish
Metairie,Jefferson Parish
Metairie,Jefferson Parish
Metairie,Jefferson Parish
Metairie,Jefferson Parish
Metairie,Jefferson Parish
Metairie,Jefferson Parish
Metairie,Jefferson Parish
Metairie,Jefferson Parish
Metairie,Jefferson Parish
Barataria,Jefferson Parish
Gretna,Jefferson Parish
Gretna,Jefferson Parish
Metairie,Jefferson Parish
Gretna,Jefferson Parish
Harvey,Jefferson Parish
Harvey,Jefferson Parish
Metairie,Jefferson Parish
Kenner,Jefferson Parish
Kenner,Jefferson Parish
Kenner,Jefferson Parish
Kenner,Jefferson Parish
Lafitte,Jefferson Parish
Marrero,Jefferson Parish
Marrero,Jefferson Parish
Westwego,Jefferson Parish
Westwego,Jefferson Parish
Kenner,Jefferson Parish
New Orleans,Jefferson Parish
New Orleans,Jefferson Parish
New Orleans,Jefferson Parish
New Orleans,Jefferson Parish
New Orleans,Jefferson Parish
Grand Isle,Jefferson Parish
Elton,Jefferson Davis
Jennings,Jefferson Davis
Lake Arthur,Jefferson Davis
Roanoke,Jefferson Davis
Welsh,Jefferson Davis
Fenton,Jefferson Davis
Lacassine,Jefferson Davis
Lafayette,Lafayette
Lafayette,Lafayette
Lafayette,Lafayette
Lafayette,Lafayette
Lafayette,Lafayette
Lafayette,Lafayette
Lafayette,Lafayette
Lafayette,Lafayette
Lafayette,Lafayette
Broussard,Lafayette
Carencro,Lafayette
Duson,Lafayette
Milton,Lafayette
Scott,Lafayette
Youngsville,Lafayette
Lafayette,Lafayette
Lafayette,Lafayette
Lafayette,Lafayette
Thibodaux,Lafourche
Thibodaux,Lafourche
Thibodaux,Lafourche
Cut Off,Lafourche
Galliano,Lafourche
Gheens,Lafourche
Golden Meadow,Lafourche
Kraemer,Lafourche
Larose,Lafourche
Lockport,Lafourche
Mathews,Lafourche
Raceland,Lafourche
Jena,La Salle
Trout,La Salle
Olla,La Salle
Tullos,La Salle
Urania,La Salle
Choudrant,Lincoln
Dubach,Lincoln
Grambling,Lincoln
Ruston,Lincoln
Ruston,Lincoln
Ruston,Lincoln
Simsboro,Lincoln
Maurepas,Livingston
Springfield,Livingston
Denham Springs,Livingston
Albany,Livingston
Denham Springs,Livingston
Denham Springs,Livingston
French Settlement,Livingston
Holden,Livingston
Livingston,Livingston
Walker,Livingston
Watson,Livingston
Delta,Madison
Tallulah,Madison
Tallulah,Madison
Bastrop,Morehouse
Bastrop,Morehouse
Bonita,Morehouse
Collinston,Morehouse
Jones,Morehouse
Mer Rouge,Morehouse
Oak Ridge,Morehouse
Ashland,Natchitoches
Goldonna,Natchitoches
Powhatan,Natchitoches
Campti,Natchitoches
Clarence,Natchitoches
Cloutierville,Natchitoches
Flora,Natchitoches
Gorum,Natchitoches
Marthaville,Natchitoches
Melrose,Natchitoches
Mora,Natchitoches
Natchez,Natchitoches
Natchitoches,Natchitoches
Natchitoches,Natchitoches
Provencal,Natchitoches
Robeline,Natchitoches
Natchitoches,Natchitoches
New Orleans,Orleans
New Orleans,Orleans
New Orleans,Orleans
New Orleans,Orleans
New Orleans,Orleans
New Orleans,Orleans
New Orleans,Orleans
New Orleans,Orleans
New Orleans,Orleans
New Orleans,Orleans
New Orleans,Orleans
New Orleans,Orleans
New Orleans,Orleans
New Orleans,Orleans
New Orleans,Orleans
New Orleans,Orleans
New Orleans,Orleans
New Orleans,Orleans
New Orleans,Orleans
New Orleans,Orleans
New Orleans,Orleans
New Orleans,Orleans
New Orleans,Orleans
New Orleans,Orleans
New Orleans,Orleans
New Orleans,Orleans
New Orleans,Orleans
New Orleans,Orleans
New Orleans,Orleans
New Orleans,Orleans
New Orleans,Orleans
New Orleans,Orleans
New Orleans,Orleans
New Orleans,Orleans
New Orleans,Orleans
New Orleans,Orleans
New Orleans,Orleans
New Orleans,Orleans
New Orleans,Orleans
New Orleans,Orleans
New Orleans,Orleans
New Orleans,Orleans
New Orleans,Orleans
New Orleans,Orleans
New Orleans,Orleans
New Orleans,Orleans
New Orleans,Orleans
New Orleans,Orleans
New Orleans,Orleans
New Orleans,Orleans
New Orleans,Orleans
New Orleans,Orleans
New Orleans,Orleans
New Orleans,Orleans
New Orleans,Orleans
New Orleans,Orleans
Monroe,Ouachita Parish
Monroe,Ouachita Parish
Monroe,Ouachita Parish
Monroe,Ouachita Parish
Monroe,Ouachita Parish
Monroe,Ouachita Parish
Monroe,Ouachita Parish
Monroe,Ouachita Parish
Monroe,Ouachita Parish
Monroe,Ouachita Parish
Calhoun,Ouachita Parish
Fairbanks,Ouachita Parish
Sterlington,Ouachita Parish
Swartz,Ouachita Parish
West Monroe,Ouachita Parish
West Monroe,Ouachita Parish
West Monroe,Ouachita Parish
Belle Chasse,Plaquemines Parish
Boothville,Plaquemines Parish
Braithwaite,Plaquemines Parish
Buras,Plaquemines Parish
Empire,Plaquemines Parish
Pilottown,Plaquemines Parish
Pointe A La Hache,Plaquemines Parish
Port Sulphur,Plaquemines Parish
Venice,Plaquemines Parish
Belle Chasse,Plaquemines Parish
Batchelor,Pointe Coupee
Fordoche,Pointe Coupee
Glynn,Pointe Coupee
Innis,Pointe Coupee
Jarreau,Pointe Coupee
Lakeland,Pointe Coupee
Lettsworth,Pointe Coupee
Livonia,Pointe Coupee
Lottie,Pointe Coupee
Morganza,Pointe Coupee
New Roads,Pointe Coupee
Oscar,Pointe Coupee
Rougon,Pointe Coupee
Ventress,Pointe Coupee
Alexandria,Rapides
Alexandria,Rapides
Alexandria,Rapides
Alexandria,Rapides
Alexandria,Rapides
Alexandria,Rapides
Alexandria,Rapides
Cheneyville,Rapides
Deville,Rapides
Echo,Rapides
Lecompte,Rapides
Libuse,Rapides
Pineville,Rapides
Pineville,Rapides
Pineville,Rapides
Ruby,Rapides
Ball,Rapides
Boyce,Rapides
Elmer,Rapides
Flatwoods,Rapides
Forest Hill,Rapides
Gardner,Rapides
Glenmora,Rapides
Hineston,Rapides
Lena,Rapides
Longleaf,Rapides
Otis,Rapides
Sieper,Rapides
Tioga,Rapides
Woodworth,Rapides
Coushatta,Red River
Hall Summit,Red River
Archibald,Richland
Delhi,Richland
Mangham,Richland
Rayville,Richland
Start,Richland
Pleasant Hill,Sabine
Belmont,Sabine
Converse,Sabine
Fisher,Sabine
Florien,Sabine
Many,Sabine
Negreet,Sabine
Noble,Sabine
Zwolle,Sabine
Arabi,St. Bernard
Chalmette,St. Bernard
Chalmette,St. Bernard
Meraux,St. Bernard
Saint Bernard,St. Bernard
Violet,St. Bernard
Des Allemands,St. Charles
Ama,St. Charles
Boutte,St. Charles
Destrehan,St. Charles
Hahnville,St. Charles
Luling,St. Charles
New Sarpy,St. Charles
Norco,St. Charles
Paradis,St. Charles
Saint Rose,St. Charles
Greensburg,St. Helena
Pine Grove,St. Helena
Gramercy,St. James
Lutcher,St. James
Saint James,St. James
Vacherie,St. James
Convent,St. James
Hester,St. James
Paulina,St. James
Uncle Sam,St. James
Edgard,St. John the Baptist
Garyville,St. John the Baptist
La Place,St. John the Baptist
La Place,St. John the Baptist
Mount Airy,St. John the Baptist
Reserve,St. John the Baptist
Arnaudville,St. Landry
Eunice,St. Landry
Grand Coteau,St. Landry
Lawtell,St. Landry
Leonville,St. Landry
Opelousas,St. Landry
Opelousas,St. Landry
Port Barre,St. Landry
Sunset,St. Landry
Washington,St. Landry
Krotz Springs,St. Landry
Lebeau,St. Landry
Melville,St. Landry
Morrow,St. Landry
Palmetto,St. Landry
Breaux Bridge,St. Martin
Cade,St. Martin
Cecilia,St. Martin
Saint Martinville,St. Martin
Amelia,St. Mary
Berwick,St. Mary
Morgan City,St. Mary
Morgan City,St. Mary
Patterson,St. Mary
Baldwin,St. Mary
Centerville,St. Mary
Charenton,St. Mary
Franklin,St. Mary
Garden City,St. Mary
Abita Springs,St. Tammany
Bush,St. Tammany
Covington,St. Tammany
Covington,St. Tammany
Covington,St. Tammany
Folsom,St. Tammany
Lacombe,St. Tammany
Madisonville,St. Tammany
Mandeville,St. Tammany
Pearl River,St. Tammany
Saint Benedict,St. Tammany
Slidell,St. Tammany
Slidell,St. Tammany
Slidell,St. Tammany
Slidell,St. Tammany
Sun,St. Tammany
Talisheek,St. Tammany
Slidell,St. Tammany
Mandeville,St. Tammany
Mandeville,St. Tammany
Hammond,Tangipahoa
Hammond,Tangipahoa
Hammond,Tangipahoa
Hammond,Tangipahoa
Akers,Tangipahoa
Amite,Tangipahoa
Fluker,Tangipahoa
Husser,Tangipahoa
Independence,Tangipahoa
Kentwood,Tangipahoa
Loranger,Tangipahoa
Natalbany,Tangipahoa
Ponchatoula,Tangipahoa
Robert,Tangipahoa
Roseland,Tangipahoa
Tangipahoa,Tangipahoa
Tickfaw,Tangipahoa
Newellton,Tensas
Saint Joseph,Tensas
Waterproof,Tensas
Bourg,Terrebonne
Chauvin,Terrebonne
Donner,Terrebonne
Dulac,Terrebonne
Gibson,Terrebonne
Gray,Terrebonne
Houma,Terrebonne
Houma,Terrebonne
Houma,Terrebonne
Houma,Terrebonne
Montegut,Terrebonne
Schriever,Terrebonne
Theriot,Terrebonne
Bernice,Union
Downsville,Union
Farmerville,Union
Lillie,Union
Marion,Union
Spearsville,Union
Abbeville,Vermilion
Abbeville,Vermilion
Delcambre,Vermilion
Erath,Vermilion
Gueydan,Vermilion
Kaplan,Vermilion
Maurice,Vermilion
Perry,Vermilion
Evans,Vernon
Pitkin,Vernon
Rosepine,Vernon
Anacoco,Vernon
Hornbeck,Vernon
Kurthwood,Vernon
Leesville,Vernon
Fort Polk,Vernon
New Llano,Vernon
Simpson,Vernon
Slagle,Vernon
Leesville,Vernon
Angie,Washington
Bogalusa,Washington
Bogalusa,Washington
Franklinton,Washington
Mount Hermon,Washington
Varnado,Washington
Cotton Valley,Webster
Cullen,Webster
Doyline,Webster
Dubberly,Webster
Heflin,Webster
Minden,Webster
Minden,Webster
Sarepta,Webster
Shongaloo,Webster
Sibley,Webster
Springhill,Webster
Addis,West Baton Rouge
Brusly,West Baton Rouge
Erwinville,West Baton Rouge
Port Allen,West Baton Rouge
Epps,West Carroll
Forest,West Carroll
Kilbourne,West Carroll
Oak Grove,West Carroll
Pioneer,West Carroll
Angola,West Feliciana
Saint Francisville,West Feliciana
Tunica,West Feliciana
Wakefield,West Feliciana
Weyanoke,West Feliciana
Atlanta,Winn
Calvin,Winn
Dodson,Winn
Joyce,Winn
Saint Maurice,Winn
Sikes,Winn
Winnfield,Winn
Buzzards Bay,Barnstable
Cataumet,Barnstable
East Falmouth,Barnstable
East Sandwich,Barnstable
Falmouth,Barnstable
Falmouth,Barnstable
Buzzards Bay,Barnstable
Woods Hole,Barnstable
Monument Beach,Barnstable
North Falmouth,Barnstable
Pocasset,Barnstable
Sagamore,Barnstable
Sagamore Beach,Barnstable
Sandwich,Barnstable
West Falmouth,Barnstable
Hyannis,Barnstable
Barnstable,Barnstable
Brewster,Barnstable
Centerville,Barnstable
Chatham,Barnstable
Centerville,Barnstable
Cotuit,Barnstable
Cummaquid,Barnstable
Dennis,Barnstable
Dennis Port,Barnstable
East Dennis,Barnstable
Eastham,Barnstable
East Orleans,Barnstable
Forestdale,Barnstable
Harwich,Barnstable
Harwich Port,Barnstable
Hyannis Port,Barnstable
Marstons Mills,Barnstable
Mashpee,Barnstable
North Chatham,Barnstable
North Eastham,Barnstable
North Truro,Barnstable
Orleans,Barnstable
Osterville,Barnstable
Provincetown,Barnstable
South Chatham,Barnstable
South Dennis,Barnstable
South Harwich,Barnstable
South Orleans,Barnstable
South Wellfleet,Barnstable
South Yarmouth,Barnstable
Truro,Barnstable
Wellfleet,Barnstable
West Barnstable,Barnstable
West Chatham,Barnstable
West Dennis,Barnstable
West Harwich,Barnstable
West Hyannisport,Barnstable
West Yarmouth,Barnstable
Yarmouth Port,Barnstable
East Otis,Berkshire
Pittsfield,Berkshire
Pittsfield,Berkshire
Pittsfield,Berkshire
Adams,Berkshire
Ashley Falls,Berkshire
Becket,Berkshire
Berkshire,Berkshire
Cheshire,Berkshire
Dalton,Berkshire
Dalton,Berkshire
Glendale,Berkshire
Great Barrington,Berkshire
Hinsdale,Berkshire
Housatonic,Berkshire
Lanesborough,Berkshire
Lee,Berkshire
Lenox,Berkshire
Lenox Dale,Berkshire
Mill River,Berkshire
Monterey,Berkshire
North Adams,Berkshire
North Egremont,Berkshire
Otis,Berkshire
Richmond,Berkshire
Sandisfield,Berkshire
Savoy,Berkshire
Sheffield,Berkshire
South Egremont,Berkshire
Southfield,Berkshire
South Lee,Berkshire
Stockbridge,Berkshire
Stockbridge,Berkshire
Tyringham,Berkshire
West Stockbridge,Berkshire
Williamstown,Berkshire
Windsor,Berkshire
Drury,Berkshire
Mansfield,Bristol
Easton,Bristol
North Easton,Bristol
North Easton,Bristol
South Easton,Bristol
Assonet,Bristol
Attleboro,Bristol
Chartley,Bristol
Dartmouth,Bristol
Dighton,Bristol
East Freetown,Bristol
East Taunton,Bristol
Fairhaven,Bristol
Fall River,Bristol
Fall River,Bristol
Fall River,Bristol
Fall River,Bristol
Fall River,Bristol
Somerset,Bristol
Somerset,Bristol
New Bedford,Bristol
New Bedford,Bristol
New Bedford,Bristol
Acushnet,Bristol
New Bedford,Bristol
New Bedford,Bristol
New Bedford,Bristol
North Dartmouth,Bristol
South Dartmouth,Bristol
North Attleboro,Bristol
North Attleboro,Bristol
Attleboro Falls,Bristol
North Dighton,Bristol
Norton,Bristol
Raynham,Bristol
Raynham Center,Bristol
Rehoboth,Bristol
Seekonk,Bristol
Swansea,Bristol
Berkley,Bristol
Taunton,Bristol
Taunton,Bristol
Westport,Bristol
Westport Point,Bristol
Chilmark,Dukes
Edgartown,Dukes
Menemsha,Dukes
Oak Bluffs,Dukes
Vineyard Haven,Dukes
West Tisbury,Dukes
Cuttyhunk,Dukes
Andover,Essex
Andover,Essex
Haverhill,Essex
Haverhill,Essex
Haverhill,Essex
Georgetown,Essex
Groveland,Essex
Haverhill,Essex
Lawrence,Essex
Lawrence,Essex
Lawrence,Essex
Lawrence,Essex
Methuen,Essex
North Andover,Essex
Merrimac,Essex
West Boxford,Essex
Andover,Essex
Lynn,Essex
Lynn,Essex
Lynn,Essex
Lynn,Essex
Lynn,Essex
Saugus,Essex
Swampscott,Essex
Nahant,Essex
Lynn,Essex
Amesbury,Essex
Beverly,Essex
Boxford,Essex
Byfield,Essex
Danvers,Essex
Essex,Essex
Gloucester,Essex
Gloucester,Essex
Hamilton,Essex
Hathorne,Essex
Ipswich,Essex
Lynnfield,Essex
Manchester,Essex
Marblehead,Essex
Middleton,Essex
Newburyport,Essex
Newbury,Essex
Salisbury,Essex
Peabody,Essex
Peabody,Essex
Prides Crossing,Essex
Rockport,Essex
Rowley,Essex
Salem,Essex
Salem,Essex
South Hamilton,Essex
Topsfield,Essex
Wenham,Essex
West Newbury,Essex
Andover,Essex
Andover,Essex
Leverett,Franklin
Shutesbury,Franklin
Whately,Franklin
Greenfield,Franklin
Greenfield,Franklin
Ashfield,Franklin
Bernardston,Franklin
Buckland,Franklin
Charlemont,Franklin
Colrain,Franklin
Conway,Franklin
Deerfield,Franklin
Erving,Franklin
Heath,Franklin
Lake Pleasant,Franklin
Millers Falls,Franklin
Monroe Bridge,Franklin
Montague,Franklin
Gill,Franklin
New Salem,Franklin
Northfield,Franklin
Orange,Franklin
Rowe,Franklin
Shelburne Falls,Franklin
South Deerfield,Franklin
Sunderland,Franklin
Turners Falls,Franklin
Warwick,Franklin
Wendell,Franklin
Wendell Depot,Franklin
Agawam,Hampden
Blandford,Hampden
Bondsville,Hampden
Brimfield,Hampden
Chester,Hampden
Chicopee,Hampden
Chicopee,Hampden
Chicopee,Hampden
Chicopee,Hampden
Chicopee,Hampden
East Longmeadow,Hampden
Feeding Hills,Hampden
Granville,Hampden
Hampden,Hampden
Holyoke,Hampden
Holyoke,Hampden
Ludlow,Hampden
Monson,Hampden
Palmer,Hampden
Russell,Hampden
Southwick,Hampden
Thorndike,Hampden
Three Rivers,Hampden
Wales,Hampden
Westfield,Hampden
Westfield,Hampden
West Springfield,Hampden
West Springfield,Hampden
Wilbraham,Hampden
Woronoco,Hampden
Springfield,Hampden
Springfield,Hampden
Springfield,Hampden
Springfield,Hampden
Springfield,Hampden
Longmeadow,Hampden
Springfield,Hampden
Springfield,Hampden
Springfield,Hampden
Springfield,Hampden
Springfield,Hampden
Longmeadow,Hampden
Springfield,Hampden
Springfield,Hampden
Springfield,Hampden
Springfield,Hampden
Springfield,Hampden
Springfield,Hampden
Springfield,Hampden
Indian Orchard,Hampden
Springfield,Hampden
Springfield,Hampden
Holland,Hampden
Amherst,Hampshire
Amherst,Hampshire
Amherst,Hampshire
Belchertown,Hampshire
Chesterfield,Hampshire
Cummington,Hampshire
Easthampton,Hampshire
Goshen,Hampshire
Granby,Hampshire
Hadley,Hampshire
Hatfield,Hampshire
Haydenville,Hampshire
Huntington,Hampshire
Leeds,Hampshire
North Amherst,Hampshire
Northampton,Hampshire
Northampton,Hampshire
Florence,Hampshire
Northampton,Hampshire
North Hatfield,Hampshire
Plainfield,Hampshire
Southampton,Hampshire
South Hadley,Hampshire
Ware,Hampshire
West Chesterfield,Hampshire
West Hatfield,Hampshire
Williamsburg,Hampshire
Worthington,Hampshire
Middlefield,Hampshire
Ashby,Middlesex
Ayer,Middlesex
Groton,Middlesex
Littleton,Middlesex
Pepperell,Middlesex
Shirley,Middlesex
Townsend,Middlesex
Groton,Middlesex
Groton,Middlesex
West Groton,Middlesex
West Townsend,Middlesex
Framingham,Middlesex
Framingham,Middlesex
Framingham,Middlesex
Framingham,Middlesex
Framingham,Middlesex
Acton,Middlesex
Boxborough,Middlesex
Acton,Middlesex
Ashland,Middlesex
Bedford,Middlesex
Hanscom Afb,Middlesex
Carlisle,Middlesex
Concord,Middlesex
Holliston,Middlesex
Hopkinton,Middlesex
Hudson,Middlesex
Marlborough,Middlesex
Maynard,Middlesex
Natick,Middlesex
Sherborn,Middlesex
Lincoln,Middlesex
Stow,Middlesex
Sudbury,Middlesex
Wayland,Middlesex
Woodville,Middlesex
Woburn,Middlesex
Burlington,Middlesex
Burlington,Middlesex
Woburn,Middlesex
Woburn,Middlesex
Billerica,Middlesex
Billerica,Middlesex
Chelmsford,Middlesex
Dracut,Middlesex
Dunstable,Middlesex
Lowell,Middlesex
Lowell,Middlesex
Lowell,Middlesex
Lowell,Middlesex
Lowell,Middlesex
North Billerica,Middlesex
North Chelmsford,Middlesex
North Reading,Middlesex
Nutting Lake,Middlesex
Pinehurst,Middlesex
Reading,Middlesex
Tewksbury,Middlesex
Tyngsboro,Middlesex
Wakefield,Middlesex
Westford,Middlesex
Wilmington,Middlesex
Woburn,Middlesex
North Reading,Middlesex
Winchester,Middlesex
Cambridge,Middlesex
Cambridge,Middlesex
Cambridge,Middlesex
Cambridge,Middlesex
Cambridge,Middlesex
Somerville,Middlesex
Somerville,Middlesex
Somerville,Middlesex
Malden,Middlesex
Everett,Middlesex
Medford,Middlesex
Medford,Middlesex
West Medford,Middlesex
Melrose,Middlesex
Stoneham,Middlesex
Boston,Middlesex
Cambridge,Middlesex
Lexington,Middlesex
Lexington,Middlesex
Waltham,Middlesex
Waltham,Middlesex
Waltham,Middlesex
Waltham,Middlesex
North Waltham,Middlesex
New Town,Middlesex
Newton,Middlesex
Newton Center,Middlesex
Newtonville,Middlesex
Newton Highlands,Middlesex
Newton Lower Falls,Middlesex
Newton Upper Falls,Middlesex
West Newton,Middlesex
Auburndale,Middlesex
Chestnut Hill,Middlesex
Waban,Middlesex
Watertown,Middlesex
Watertown,Middlesex
Arlington,Middlesex
Arlington Heights,Middlesex
Arlington,Middlesex
Watertown,Middlesex
Belmont,Middlesex
Waverley,Middlesex
Weston,Middlesex
Nonantum,Middlesex
Nantucket,Nantucket
Siasconset,Nantucket
Nantucket,Nantucket
Bellingham,Norfolk
Canton,Norfolk
Cohasset,Norfolk
Dedham,Norfolk
Dedham,Norfolk
Dover,Norfolk
East Walpole,Norfolk
Foxboro,Norfolk
Franklin,Norfolk
Medfield,Norfolk
Medway,Norfolk
Millis,Norfolk
Norfolk,Norfolk
Norwood,Norfolk
Sharon,Norfolk
Sheldonville,Norfolk
South Walpole,Norfolk
Stoughton,Norfolk
Walpole,Norfolk
Westwood,Norfolk
Wrentham,Norfolk
Quincy,Norfolk
Quincy,Norfolk
Quincy,Norfolk
Braintree,Norfolk
Braintree,Norfolk
Milton,Norfolk
Milton Village,Norfolk
Weymouth,Norfolk
East Weymouth,Norfolk
South Weymouth,Norfolk
North Weymouth,Norfolk
Quincy,Norfolk
Avon,Norfolk
Holbrook,Norfolk
Randolph,Norfolk
Brookline,Norfolk
Brookline,Norfolk
Brookline Village,Norfolk
Babson Park,Norfolk
Wellesley Hills,Norfolk
Wellesley,Norfolk
Needham,Norfolk
Needham Heights,Norfolk
Plainville,Norfolk
Accord,Plymouth
Brant Rock,Plymouth
Greenbush,Plymouth
Green Harbor,Plymouth
Hingham,Plymouth
Hingham,Plymouth
Hull,Plymouth
Humarock,Plymouth
Marshfield,Plymouth
Marshfield Hills,Plymouth
Minot,Plymouth
North Marshfield,Plymouth
North Scituate,Plymouth
Norwell,Plymouth
Ocean Bluff,Plymouth
Scituate,Plymouth
Brockton,Plymouth
Brockton,Plymouth
Brockton,Plymouth
Brockton,Plymouth
Brockton,Plymouth
Bridgewater,Plymouth
Bridgewater,Plymouth
Bryantville,Plymouth
Carver,Plymouth
Duxbury,Plymouth
Duxbury,Plymouth
East Bridgewater,Plymouth
Elmwood,Plymouth
Halifax,Plymouth
Hanover,Plymouth
Hanover,Plymouth
Hanson,Plymouth
Middleboro,Plymouth
Manomet,Plymouth
Middleboro,Plymouth
Lakeville,Plymouth
Lakeville,Plymouth
Middleboro,Plymouth
Monponsett,Plymouth
Abington,Plymouth
North Carver,Plymouth
North Pembroke,Plymouth
Pembroke,Plymouth
Plymouth,Plymouth
Plymouth,Plymouth
Plymouth,Plymouth
Kingston,Plymouth
South Carver,Plymouth
Plympton,Plymouth
Rockland,Plymouth
West Bridgewater,Plymouth
White Horse Beach,Plymouth
Whitman,Plymouth
East Wareham,Plymouth
Onset,Plymouth
Wareham,Plymouth
West Wareham,Plymouth
Marion,Plymouth
Mattapoisett,Plymouth
Rochester,Plymouth
Boston,Suffolk
Boston,Suffolk
Boston,Suffolk
Boston,Suffolk
Boston,Suffolk
Boston,Suffolk
Boston,Suffolk
Boston,Suffolk
Boston,Suffolk
Boston,Suffolk
Boston,Suffolk
Roxbury,Suffolk
Roxbury Crossing,Suffolk
Dorchester,Suffolk
Dorchester,Suffolk
Boston,Suffolk
Dorchester Center,Suffolk
Dorchester,Suffolk
Mattapan,Suffolk
Boston,Suffolk
Boston,Suffolk
Charlestown,Suffolk
Jamaica Plain,Suffolk
Roslindale,Suffolk
West Roxbury,Suffolk
Boston,Suffolk
Allston,Suffolk
Brighton,Suffolk
Hyde Park,Suffolk
Readville,Suffolk
Chelsea,Suffolk
Revere,Suffolk
Winthrop,Suffolk
Boston,Suffolk
Boston,Suffolk
Boston,Suffolk
Boston,Suffolk
Boston,Suffolk
Boston,Suffolk
Boston,Suffolk
Boston,Suffolk
Boston,Suffolk
Boston,Suffolk
Boston,Suffolk
Boston,Suffolk
Boston,Suffolk
Boston,Suffolk
Boston,Suffolk
Boston,Suffolk
Boston,Suffolk
Boston,Suffolk
Boston,Suffolk
Boston,Suffolk
Barre,Worcester
Gilbertville,Worcester
Hardwick,Worcester
Oakham,Worcester
South Barre,Worcester
Warren,Worcester
West Warren,Worcester
Wheelwright,Worcester
Athol,Worcester
Petersham,Worcester
Royalston,Worcester
Fitchburg,Worcester
Ashburnham,Worcester
Devens,Worcester
Baldwinville,Worcester
East Templeton,Worcester
Gardner,Worcester
Westminster,Worcester
Harvard,Worcester
Hubbardston,Worcester
Leominster,Worcester
Lunenburg,Worcester
Still River,Worcester
Templeton,Worcester
Westminster,Worcester
Winchendon,Worcester
Auburn,Worcester
Berlin,Worcester
Blackstone,Worcester
Boylston,Worcester
Brookfield,Worcester
Charlton,Worcester
Charlton City,Worcester
Charlton Depot,Worcester
Clinton,Worcester
East Brookfield,Worcester
Douglas,Worcester
Fiskdale,Worcester
Grafton,Worcester
Holden,Worcester
Jefferson,Worcester
Lancaster,Worcester
Leicester,Worcester
Linwood,Worcester
Manchaug,Worcester
Millbury,Worcester
Millville,Worcester
New Braintree,Worcester
Northborough,Worcester
Northbridge,Worcester
North Brookfield,Worcester
North Grafton,Worcester
North Oxford,Worcester
North Uxbridge,Worcester
Oxford,Worcester
Princeton,Worcester
Rochdale,Worcester
Rutland,Worcester
Shrewsbury,Worcester
Shrewsbury,Worcester
Southbridge,Worcester
South Grafton,Worcester
South Lancaster,Worcester
Spencer,Worcester
Sterling,Worcester
Sturbridge,Worcester
Upton,Worcester
Uxbridge,Worcester
Webster,Worcester
Dudley,Worcester
Westborough,Worcester
West Boylston,Worcester
West Brookfield,Worcester
West Millbury,Worcester
Whitinsville,Worcester
Sutton,Worcester
Worcester,Worcester
Worcester,Worcester
Worcester,Worcester
Worcester,Worcester
Worcester,Worcester
Worcester,Worcester
Worcester,Worcester
Worcester,Worcester
Worcester,Worcester
Worcester,Worcester
Cherry Valley,Worcester
Paxton,Worcester
Worcester,Worcester
Worcester,Worcester
Worcester,Worcester
Worcester,Worcester
Worcester,Worcester
Bolton,Worcester
Fayville,Worcester
Hopedale,Worcester
Mendon,Worcester
Milford,Worcester
Southborough,Worcester
Cumberland,Allegany
Cumberland,Allegany
Cumberland,Allegany
Cumberland,Allegany
Cumberland,Allegany
Barton,Allegany
Corriganville,Allegany
Eckhart Mines,Allegany
Ellerslie,Allegany
Flintstone,Allegany
Frostburg,Allegany
Lonaconing,Allegany
Luke,Allegany
Midland,Allegany
Midlothian,Allegany
Mount Savage,Allegany
Oldtown,Allegany
Pinto,Allegany
Rawlings,Allegany
Spring Gap,Allegany
Westernport,Allegany
Little Orleans,Allegany
Lothian,Anne Arundel
Laurel,Anne Arundel
Churchton,Anne Arundel
Deale,Anne Arundel
Fort George G Meade,Anne Arundel
Friendship,Anne Arundel
Shady Side,Anne Arundel
Galesville,Anne Arundel
Harwood,Anne Arundel
West River,Anne Arundel
Tracys Landing,Anne Arundel
Arnold,Anne Arundel
Crownsville,Anne Arundel
Davidsonville,Anne Arundel
Edgewater,Anne Arundel
Gambrills,Anne Arundel
Gibson Island,Anne Arundel
Glen Burnie,Anne Arundel
Glen Burnie,Anne Arundel
Glen Burnie,Anne Arundel
Hanover,Anne Arundel
Harmans,Anne Arundel
Linthicum Heights,Anne Arundel
Mayo,Anne Arundel
Millersville,Anne Arundel
Odenton,Anne Arundel
Crofton,Anne Arundel
Pasadena,Anne Arundel
Pasadena,Anne Arundel
Riva,Anne Arundel
Severn,Anne Arundel
Severna Park,Anne Arundel
Brooklyn,Anne Arundel
Curtis Bay,Anne Arundel
Baltimore,Anne Arundel
Annapolis,Anne Arundel
Annapolis,Anne Arundel
Annapolis,Anne Arundel
Annapolis,Anne Arundel
Annapolis,Anne Arundel
Annapolis,Anne Arundel
Annapolis,Anne Arundel
Annapolis,Anne Arundel
Baldwin,Baltimore
Boring,Baltimore
Brooklandville,Baltimore
Butler,Baltimore
Chase,Baltimore
Cockeysville,Baltimore
Hunt Valley,Baltimore
Fork,Baltimore
Fort Howard,Baltimore
Freeland,Baltimore
Glen Arm,Baltimore
Hunt Valley,Baltimore
Glyndon,Baltimore
Hydes,Baltimore
Kingsville,Baltimore
Long Green,Baltimore
Lutherville Timonium,Baltimore
Lutherville Timonium,Baltimore
Maryland Line,Baltimore
Monkton,Baltimore
Owings Mills,Baltimore
Parkton,Baltimore
Perry Hall,Baltimore
Phoenix,Baltimore
Randallstown,Baltimore
Reisterstown,Baltimore
Riderwood,Baltimore
Sparks Glencoe,Baltimore
Stevenson,Baltimore
Upperco,Baltimore
Upper Falls,Baltimore
White Marsh,Baltimore
Woodstock,Baltimore
Towson,Baltimore
Gwynn Oak,Baltimore
Pikesville,Baltimore
Sparrows Point,Baltimore
Middle River,Baltimore
Essex,Baltimore
Dundalk,Baltimore
Halethorpe,Baltimore
Catonsville,Baltimore
Parkville,Baltimore
Nottingham,Baltimore
Rosedale,Baltimore
Windsor Mill,Baltimore
Baltimore,Baltimore
Baltimore,Baltimore
Towson,Baltimore
Pikesville,Baltimore
Towson,Baltimore
Towson,Baltimore
Towson,Baltimore
Barstow,Calvert
Broomes Island,Calvert
Dowell,Calvert
Huntingtown,Calvert
Lusby,Calvert
Port Republic,Calvert
Prince Frederick,Calvert
Saint Leonard,Calvert
Solomons,Calvert
Sunderland,Calvert
North Beach,Calvert
Chesapeake Beach,Calvert
Owings,Calvert
Dunkirk,Calvert
Bethlehem,Caroline
Denton,Caroline
Federalsburg,Caroline
Goldsboro,Caroline
Greensboro,Caroline
Henderson,Caroline
Hillsboro,Caroline
Marydel,Caroline
Preston,Caroline
Ridgely,Caroline
Templeville,Caroline
Finksburg,Carroll
Hampstead,Carroll
Lineboro,Carroll
Manchester,Carroll
Marriottsville,Carroll
Westminster,Carroll
Westminster,Carroll
Keymar,Carroll
New Windsor,Carroll
Sykesville,Carroll
Taneytown,Carroll
Union Bridge,Carroll
Woodbine,Carroll
North East,Cecil
Perry Point,Cecil
Perryville,Cecil
Port Deposit,Cecil
Rising Sun,Cecil
Warwick,Cecil
Cecilton,Cecil
Charlestown,Cecil
Chesapeake City,Cecil
Childs,Cecil
Colora,Cecil
Conowingo,Cecil
Earleville,Cecil
Elk Mills,Cecil
Elkton,Cecil
Elkton,Cecil
Georgetown,Cecil
Waldorf,Charles
Waldorf,Charles
Waldorf,Charles
Waldorf,Charles
Bel Alton,Charles
Benedict,Charles
Bryans Road,Charles
Bryantown,Charles
Cobb Island,Charles
Faulkner,Charles
Hughesville,Charles
Indian Head,Charles
Ironsides,Charles
Issue,Charles
La Plata,Charles
Marbury,Charles
Mount Victoria,Charles
Nanjemoy,Charles
Newburg,Charles
Pomfret,Charles
Port Tobacco,Charles
Rock Point,Charles
Welcome,Charles
White Plains,Charles
Cambridge,Dorchester
Church Creek,Dorchester
Crapo,Dorchester
Crocheron,Dorchester
East New Market,Dorchester
Fishing Creek,Dorchester
Hurlock,Dorchester
Madison,Dorchester
Rhodesdale,Dorchester
Secretary,Dorchester
Taylors Island,Dorchester
Toddville,Dorchester
Wingate,Dorchester
Woolford,Dorchester
Linkwood,Dorchester
Vienna,Dorchester
Frederick,Frederick
Frederick,Frederick
Frederick,Frederick
Frederick,Frederick
Frederick,Frederick
Frederick,Frederick
Adamstown,Frederick
Braddock Heights,Frederick
Brunswick,Frederick
Buckeystown,Frederick
Burkittsville,Frederick
Emmitsburg,Frederick
Ijamsville,Frederick
Jefferson,Frederick
Knoxville,Frederick
Ladiesburg,Frederick
Libertytown,Frederick
Middletown,Frederick
Monrovia,Frederick
Mount Airy,Frederick
Myersville,Frederick
New Market,Frederick
New Midway,Frederick
Point Of Rocks,Frederick
Rocky Ridge,Frederick
Sabillasville,Frederick
Thurmont,Frederick
Tuscarora,Frederick
Unionville,Frederick
Walkersville,Frederick
Woodsboro,Frederick
Accident,Garrett
Bittinger,Garrett
Bloomington,Garrett
Friendsville,Garrett
Grantsville,Garrett
Kitzmiller,Garrett
Mc Henry,Garrett
Oakland,Garrett
Swanton,Garrett
Aberdeen,Harford
Aberdeen Proving Ground,Harford
Abingdon,Harford
Gunpowder,Harford
Bel Air,Harford
Bel Air,Harford
Belcamp,Harford
Benson,Harford
Churchville,Harford
Darlington,Harford
Edgewood,Harford
Fallston,Harford
Forest Hill,Harford
Havre De Grace,Harford
Jarrettsville,Harford
Joppa,Harford
Perryman,Harford
Pylesville,Harford
Street,Harford
Whiteford,Harford
White Hall,Harford
Dhs,Howard
Annapolis Junction,Howard
Laurel,Howard
Fulton,Howard
Savage,Howard
Highland,Howard
Jessup,Howard
Clarksville,Howard
Dayton,Howard
Ellicott City,Howard
Ellicott City,Howard
Ellicott City,Howard
Columbia,Howard
Columbia,Howard
Columbia,Howard
Elkridge,Howard
Simpsonville,Howard
Cooksville,Howard
Glenelg,Howard
Glenwood,Howard
Lisbon,Howard
West Friendship,Howard
Betterton,Kent
Chestertown,Kent
Galena,Kent
Kennedyville,Kent
Massey,Kent
Millington,Kent
Rock Hall,Kent
Still Pond,Kent
Worton,Kent
Bethesda,Montgomery
Bethesda,Montgomery
Glen Echo,Montgomery
Bethesda,Montgomery
Bethesda,Montgomery
Chevy Chase,Montgomery
Bethesda,Montgomery
Bethesda,Montgomery
Cabin John,Montgomery
Bethesda,Montgomery
Chevy Chase,Montgomery
Bethesda,Montgomery
Olney,Montgomery
Olney,Montgomery
Brookeville,Montgomery
Poolesville,Montgomery
Barnesville,Montgomery
Beallsville,Montgomery
Boyds,Montgomery
Dickerson,Montgomery
Rockville,Montgomery
Rockville,Montgomery
Rockville,Montgomery
Rockville,Montgomery
Rockville,Montgomery
Rockville,Montgomery
Rockville,Montgomery
Potomac,Montgomery
Derwood,Montgomery
Rockville,Montgomery
Potomac,Montgomery
Sandy Spring,Montgomery
Ashton,Montgomery
Brinklow,Montgomery
Burtonsville,Montgomery
Spencerville,Montgomery
Clarksburg,Montgomery
Damascus,Montgomery
Germantown,Montgomery
Germantown,Montgomery
Germantown,Montgomery
Gaithersburg,Montgomery
Gaithersburg,Montgomery
Gaithersburg,Montgomery
Washington Grove,Montgomery
Gaithersburg,Montgomery
Gaithersburg,Montgomery
Gaithersburg,Montgomery
Gaithersburg,Montgomery
Montgomery Village,Montgomery
Bethesda,Montgomery
Kensington,Montgomery
Bethesda,Montgomery
Bethesda,Montgomery
Kensington,Montgomery
Garrett Park,Montgomery
Suburb Maryland Fac,Montgomery
Gaithersburg,Montgomery
Gaithersburg,Montgomery
Silver Spring,Montgomery
Silver Spring,Montgomery
Silver Spring,Montgomery
Silver Spring,Montgomery
Silver Spring,Montgomery
Silver Spring,Montgomery
Silver Spring,Montgomery
Silver Spring,Montgomery
Silver Spring,Montgomery
Silver Spring,Montgomery
Takoma Park,Montgomery
Silver Spring,Montgomery
Silver Spring,Montgomery
Silver Spring,Montgomery
Silver Spring,Montgomery
Silver Spring,Montgomery
Silver Spring,Montgomery
Accokeek,Prince George's
Aquasco,Prince George's
Brandywine,Prince George's
Cheltenham,Prince George's
Southern Md Facility,Prince George's
Lanham,Prince George's
Beltsville,Prince George's
Beltsville,Prince George's
Lanham,Prince George's
Laurel,Prince George's
Laurel,Prince George's
Laurel,Prince George's
Bladensburg,Prince George's
Mount Rainier,Prince George's
Bowie,Prince George's
Bowie,Prince George's
Bowie,Prince George's
Bowie,Prince George's
Bowie,Prince George's
Bowie,Prince George's
Bowie,Prince George's
Brentwood,Prince George's
Laurel,Prince George's
Laurel,Prince George's
Capitol Heights,Prince George's
Clinton,Prince George's
Riverdale,Prince George's
Riverdale,Prince George's
College Park,Prince George's
College Park,Prince George's
College Park,Prince George's
Capitol Heights,Prince George's
Fort Washington,Prince George's
Oxon Hill,Prince George's
Suitland,Prince George's
District Heights,Prince George's
Temple Hills,Prince George's
Fort Washington,Prince George's
Oxon Hill,Prince George's
Suitland,Prince George's
District Heights,Prince George's
Temple Hills,Prince George's
Andrews Air Force Base,Prince George's
Greenbelt,Prince George's
Glenn Dale,Prince George's
Greenbelt,Prince George's
Greenbelt,Prince George's
Upper Marlboro,Prince George's
Upper Marlboro,Prince George's
Upper Marlboro,Prince George's
Upper Marlboro,Prince George's
Hyattsville,Prince George's
Hyattsville,Prince George's
Hyattsville,Prince George's
Hyattsville,Prince George's
Hyattsville,Prince George's
Hyattsville,Prince George's
Hyattsville,Prince George's
Capitol Heights,Prince George's
Capitol Heights,Prince George's
Upper Marlboro,Prince George's
Southern Md Facility,Prince George's
Capitol Heights,Prince George's
Takoma Park,Prince George's
Barclay,Queen Anne's
Centreville,Queen Anne's
Chester,Queen Anne's
Church Hill,Queen Anne's
Crumpton,Queen Anne's
Grasonville,Queen Anne's
Ingleside,Queen Anne's
Price,Queen Anne's
Queen Anne,Queen Anne's
Queenstown,Queen Anne's
Stevensville,Queen Anne's
Sudlersville,Queen Anne's
Chestertown,Queen Anne's
Abell,St. Mary's
Avenue,St. Mary's
Bushwood,St. Mary's
California,St. Mary's
Callaway,St. Mary's
Chaptico,St. Mary's
Charlotte Hall,St. Mary's
Clements,St. Mary's
Coltons Point,St. Mary's
Compton,St. Mary's
Dameron,St. Mary's
Drayden,St. Mary's
Great Mills,St. Mary's
Helen,St. Mary's
Hollywood,St. Mary's
Leonardtown,St. Mary's
Lexington Park,St. Mary's
Loveville,St. Mary's
Mechanicsville,St. Mary's
Morganza,St. Mary's
Park Hall,St. Mary's
Patuxent River,St. Mary's
Piney Point,St. Mary's
Ridge,St. Mary's
Saint Inigoes,St. Mary's
Saint Marys City,St. Mary's
Scotland,St. Mary's
Tall Timbers,St. Mary's
Valley Lee,St. Mary's
Crisfield,Somerset
Deal Island,Somerset
Ewell,Somerset
Manokin,Somerset
Marion Station,Somerset
Princess Anne,Somerset
Rehobeth,Somerset
Tylerton,Somerset
Upper Fairmount,Somerset
Westover,Somerset
Westover,Somerset
Easton,Talbot
Bozman,Talbot
Claiborne,Talbot
Cordova,Talbot
Mcdaniel,Talbot
Neavitt,Talbot
Newcomb,Talbot
Oxford,Talbot
Royal Oak,Talbot
Saint Michaels,Talbot
Sherwood,Talbot
Tilghman,Talbot
Trappe,Talbot
Wittman,Talbot
Wye Mills,Talbot
Big Pool,Washington
Boonsboro,Washington
Brownsville,Washington
Cascade,Washington
Cavetown,Washington
Chewsville,Washington
Clear Spring,Washington
Fairplay,Washington
Funkstown,Washington
Hagerstown,Washington
Hagerstown,Washington
Hagerstown,Washington
Hagerstown,Washington
Hagerstown,Washington
Hagerstown,Washington
Hancock,Washington
Keedysville,Washington
Maugansville,Washington
Rohrersville,Washington
Saint James,Washington
Sharpsburg,Washington
Smithsburg,Washington
Williamsport,Washington
Salisbury,Wicomico
Salisbury,Wicomico
Salisbury,Wicomico
Salisbury,Wicomico
Allen,Wicomico
Bivalve,Wicomico
Fruitland,Wicomico
Hebron,Wicomico
Mardela Springs,Wicomico
Nanticoke,Wicomico
Parsonsburg,Wicomico
Pittsville,Wicomico
Powellville,Wicomico
Quantico,Wicomico
Sharptown,Wicomico
Tyaskin,Wicomico
Willards,Wicomico
Delmar,Wicomico
Berlin,Worcester
Bishopville,Worcester
Eden,Worcester
Girdletree,Worcester
Newark,Worcester
Ocean City,Worcester
Ocean City,Worcester
Pocomoke City,Worcester
Showell,Worcester
Snow Hill,Worcester
Stockton,Worcester
Whaleyville,Worcester
Baltimore,Baltimore (city)
Baltimore,Baltimore (city)
Baltimore,Baltimore (city)
Baltimore,Baltimore (city)
Baltimore,Baltimore (city)
Baltimore,Baltimore (city)
Baltimore,Baltimore (city)
Baltimore,Baltimore (city)
Baltimore,Baltimore (city)
Baltimore,Baltimore (city)
Baltimore,Baltimore (city)
Baltimore,Baltimore (city)
Baltimore,Baltimore (city)
Baltimore,Baltimore (city)
Baltimore,Baltimore (city)
Baltimore,Baltimore (city)
Baltimore,Baltimore (city)
Baltimore,Baltimore (city)
Baltimore,Baltimore (city)
Baltimore,Baltimore (city)
Baltimore,Baltimore (city)
Baltimore,Baltimore (city)
Baltimore,Baltimore (city)
Baltimore,Baltimore (city)
Baltimore,Baltimore (city)
Baltimore,Baltimore (city)
Baltimore,Baltimore (city)
Baltimore,Baltimore (city)
Baltimore,Baltimore (city)
Baltimore,Baltimore (city)
Baltimore,Baltimore (city)
Baltimore,Baltimore (city)
Baltimore,Baltimore (city)
Baltimore,Baltimore (city)
Baltimore,Baltimore (city)
Baltimore,Baltimore (city)
Baltimore,Baltimore (city)
Baltimore,Baltimore (city)
Baltimore,Baltimore (city)
Auburn,Androscoggin
Auburn,Androscoggin
Auburn,Androscoggin
Durham,Androscoggin
Danville,Androscoggin
East Livermore,Androscoggin
East Poland,Androscoggin
Greene,Androscoggin
Lewiston,Androscoggin
Lewiston,Androscoggin
Lewiston,Androscoggin
Lisbon,Androscoggin
Lisbon Falls,Androscoggin
Livermore,Androscoggin
Livermore Falls,Androscoggin
Mechanic Falls,Androscoggin
Minot,Androscoggin
Leeds,Androscoggin
North Turner,Androscoggin
Poland,Androscoggin
Sabattus,Androscoggin
Turner,Androscoggin
West Minot,Androscoggin
West Poland,Androscoggin
Orient,Aroostook
Wytopitlock,Aroostook
Houlton,Aroostook
Ashland,Aroostook
Benedicta,Aroostook
Blaine,Aroostook
Bridgewater,Aroostook
Caribou,Aroostook
Clayton Lake,Aroostook
Crouseville,Aroostook
Eagle Lake,Aroostook
Easton,Aroostook
Estcourt Station,Aroostook
Fort Fairfield,Aroostook
Fort Kent,Aroostook
Fort Kent Mills,Aroostook
Frenchville,Aroostook
Grand Isle,Aroostook
Island Falls,Aroostook
Limestone,Aroostook
Limestone,Aroostook
Madawaska,Aroostook
Mapleton,Aroostook
Mars Hill,Aroostook
Monticello,Aroostook
New Limerick,Aroostook
New Sweden,Aroostook
Oakfield,Aroostook
Oxbow,Aroostook
Perham,Aroostook
Portage,Aroostook
Presque Isle,Aroostook
Saint Agatha,Aroostook
Saint David,Aroostook
Saint Francis,Aroostook
Sheridan,Aroostook
Sherman,Aroostook
Sinclair,Aroostook
Smyrna Mills,Aroostook
Wallagrass,Aroostook
Stockholm,Aroostook
Van Buren,Aroostook
Washburn,Aroostook
Westfield,Aroostook
Bailey Island,Cumberland
Bridgton,Cumberland
Brunswick,Cumberland
Bustins Island,Cumberland
Casco,Cumberland
Chebeague Island,Cumberland
Cliff Island,Cumberland
Cumberland Center,Cumberland
East Baldwin,Cumberland
Sebago,Cumberland
Freeport,Cumberland
Freeport,Cumberland
Freeport,Cumberland
Gorham,Cumberland
Gray,Cumberland
Harrison,Cumberland
Long Island,Cumberland
Naples,Cumberland
North Bridgton,Cumberland
Windham,Cumberland
Orrs Island,Cumberland
Pownal,Cumberland
Scarborough,Cumberland
Raymond,Cumberland
Scarborough,Cumberland
South Casco,Cumberland
South Freeport,Cumberland
Harpswell,Cumberland
South Windham,Cumberland
Standish,Cumberland
Steep Falls,Cumberland
West Baldwin,Cumberland
Westbrook,Cumberland
Yarmouth,Cumberland
North Yarmouth,Cumberland
Westbrook,Cumberland
Portland,Cumberland
Portland,Cumberland
Portland,Cumberland
Portland,Cumberland
Falmouth,Cumberland
South Portland,Cumberland
Cape Elizabeth,Cumberland
Peaks Island,Cumberland
Portland,Cumberland
Cumberland Foreside,Cumberland
Portland,Cumberland
South Portland,Cumberland
Portland,Cumberland
Portland,Cumberland
Portland,Cumberland
New Gloucester,Cumberland
Dryden,Franklin
East Dixfield,Franklin
East Wilton,Franklin
Jay,Franklin
North Jay,Franklin
Weld,Franklin
Wilton,Franklin
Eustis,Franklin
Farmington,Franklin
Farmington Falls,Franklin
Kingfield,Franklin
New Sharon,Franklin
New Vineyard,Franklin
Oquossoc,Franklin
Phillips,Franklin
Rangeley,Franklin
Stratton,Franklin
Strong,Franklin
Temple,Franklin
West Farmington,Franklin
Aurora,Hancock
Bucksport,Hancock
Castine,Hancock
Castine,Hancock
East Orland,Hancock
Orland,Hancock
Penobscot,Hancock
Ellsworth,Hancock
Gouldsboro,Hancock
Bar Harbor,Hancock
Bernard,Hancock
Birch Harbor,Hancock
Blue Hill,Hancock
Brooklin,Hancock
Brooksville,Hancock
Corea,Hancock
Cranberry Isles,Hancock
Deer Isle,Hancock
East Blue Hill,Hancock
Franklin,Hancock
Frenchboro,Hancock
Hancock,Hancock
Harborside,Hancock
Hulls Cove,Hancock
Islesford,Hancock
Little Deer Isle,Hancock
Bass Harbor,Hancock
Mount Desert,Hancock
Northeast Harbor,Hancock
Sullivan,Hancock
Prospect Harbor,Hancock
Salsbury Cove,Hancock
Sargentville,Hancock
Seal Cove,Hancock
Seal Harbor,Hancock
Sedgwick,Hancock
Sorrento,Hancock
Southwest Harbor,Hancock
Stonington,Hancock
Sunset,Hancock
Surry,Hancock
Swans Island,Hancock
Winter Harbor,Hancock
Monmouth,Kennebec
North Monmouth,Kennebec
Wayne,Kennebec
Augusta,Kennebec
Augusta,Kennebec
Augusta,Kennebec
Augusta,Kennebec
Augusta,Kennebec
East Winthrop,Kennebec
Farmingdale,Kennebec
Gardiner,Kennebec
Randolph,Kennebec
Hallowell,Kennebec
Kents Hill,Kennebec
Litchfield,Kennebec
Manchester,Kennebec
Mount Vernon,Kennebec
Readfield,Kennebec
South China,Kennebec
South Gardiner,Kennebec
Vienna,Kennebec
Windsor,Kennebec
Winthrop,Kennebec
Waterville,Kennebec
Waterville,Kennebec
Albion,Kennebec
Belgrade,Kennebec
Belgrade Lakes,Kennebec
China Village,Kennebec
Clinton,Kennebec
East Vassalboro,Kennebec
North Vassalboro,Kennebec
Oakland,Kennebec
Vassalboro,Kennebec
Friendship,Knox
Cushing,Knox
Washington,Knox
Isle Au Haut,Knox
Rockland,Knox
Camden,Knox
Hope,Knox
Matinicus,Knox
North Haven,Knox
Owls Head,Knox
Port Clyde,Knox
Rockport,Knox
South Thomaston,Knox
Spruce Head,Knox
Tenants Harbor,Knox
Thomaston,Knox
Union,Knox
Vinalhaven,Knox
Warren,Knox
West Rockport,Knox
Coopers Mills,Lincoln
Dresden,Lincoln
Jefferson,Lincoln
Whitefield,Lincoln
Alna,Lincoln
Boothbay,Lincoln
Boothbay Harbor,Lincoln
Bristol,Lincoln
Chamberlain,Lincoln
Damariscotta,Lincoln
East Boothbay,Lincoln
Isle Of Springs,Lincoln
Bremen,Lincoln
Newcastle,Lincoln
New Harbor,Lincoln
Nobleboro,Lincoln
Edgecomb,Lincoln
Pemaquid,Lincoln
Round Pond,Lincoln
South Bristol,Lincoln
Squirrel Island,Lincoln
Trevett,Lincoln
Waldoboro,Lincoln
Walpole,Lincoln
West Boothbay Harbor,Lincoln
Southport,Lincoln
Wiscasset,Lincoln
Monhegan,Lincoln
Brownfield,Oxford
Center Lovell,Oxford
Denmark,Oxford
Fryeburg,Oxford
Hiram,Oxford
Lovell,Oxford
Porter,Oxford
Waterford,Oxford
Andover,Oxford
Bethel,Oxford
Bryant Pond,Oxford
Buckfield,Oxford
Canton,Oxford
Dixfield,Oxford
East Andover,Oxford
Stoneham,Oxford
Hanover,Oxford
Hebron,Oxford
Greenwood,Oxford
Mexico,Oxford
Newry,Oxford
North Waterford,Oxford
Norway,Oxford
Oxford,Oxford
Paris,Oxford
Roxbury,Oxford
Rumford,Oxford
South Paris,Oxford
West Bethel,Oxford
West Paris,Oxford
Peru,Oxford
Sumner,Oxford
Bangor,Penobscot
Bangor,Penobscot
Bradford,Penobscot
Bradley,Penobscot
Brewer,Penobscot
Burlington,Penobscot
Greenbush,Penobscot
Carmel,Penobscot
Charleston,Penobscot
Corinth,Penobscot
Eddington,Penobscot
Holden,Penobscot
East Millinocket,Penobscot
Etna,Penobscot
Exeter,Penobscot
Hampden,Penobscot
Howland,Penobscot
Hudson,Penobscot
Kenduskeag,Penobscot
Kingman,Penobscot
Lagrange,Penobscot
Lee,Penobscot
Levant,Penobscot
Lincoln,Penobscot
Mattawamkeag,Penobscot
Medway,Penobscot
Milford,Penobscot
Millinocket,Penobscot
Old Town,Penobscot
Orono,Penobscot
Orono,Penobscot
Orrington,Penobscot
Passadumkeag,Penobscot
Springfield,Penobscot
Stetson,Penobscot
Stillwater,Penobscot
West Enfield,Penobscot
Winn,Penobscot
Patten,Penobscot
Stacyville,Penobscot
Corinna,Penobscot
Dexter,Penobscot
Dixmont,Penobscot
East Newport,Penobscot
Garland,Penobscot
Newport,Penobscot
Plymouth,Penobscot
Abbot,Piscataquis
Brownville,Piscataquis
Brownville Junction,Piscataquis
Dover Foxcroft,Piscataquis
Greenville,Piscataquis
Greenville Junction,Piscataquis
Guilford,Piscataquis
Milo,Piscataquis
Monson,Piscataquis
Sangerville,Piscataquis
Sebec,Piscataquis
Shirley Mills,Piscataquis
Bowdoinham,Sagadahoc
Topsham,Sagadahoc
Bowdoin,Sagadahoc
Richmond,Sagadahoc
Bath,Sagadahoc
Georgetown,Sagadahoc
Phippsburg,Sagadahoc
Sebasco Estates,Sagadahoc
Woolwich,Sagadahoc
Rockwood,Somerset
Anson,Somerset
Athens,Somerset
Bingham,Somerset
Cambridge,Somerset
Canaan,Somerset
Caratunk,Somerset
Detroit,Somerset
Fairfield,Somerset
Harmony,Somerset
Hartland,Somerset
Hinckley,Somerset
Jackman,Somerset
Madison,Somerset
New Portland,Somerset
Norridgewock,Somerset
North Anson,Somerset
New Portland,Somerset
Palmyra,Somerset
Pittsfield,Somerset
Saint Albans,Somerset
Shawmut,Somerset
Skowhegan,Somerset
Smithfield,Somerset
Solon,Somerset
West Forks,Somerset
Palermo,Waldo
Frankfort,Waldo
Winterport,Waldo
Islesboro,Waldo
Lincolnville,Waldo
Lincolnville Center,Waldo
Belfast,Waldo
Brooks,Waldo
Burnham,Waldo
Freedom,Waldo
Liberty,Waldo
Monroe,Waldo
Morrill,Waldo
Sandy Point,Waldo
Searsmont,Waldo
Searsport,Waldo
Stockton Springs,Waldo
Thorndike,Waldo
Troy,Waldo
Unity,Waldo
Brookton,Washington
Danforth,Washington
Lambert Lake,Washington
Topsfield,Washington
Vanceboro,Washington
Waite,Washington
Addison,Washington
Beals,Washington
Calais,Washington
Cherryfield,Washington
Columbia Falls,Washington
Cutler,Washington
Dennysville,Washington
East Machias,Washington
Eastport,Washington
Grand Lake Stream,Washington
Harrington,Washington
Jonesboro,Washington
Jonesport,Washington
Lubec,Washington
Machias,Washington
Machiasport,Washington
Meddybemps,Washington
Milbridge,Washington
Pembroke,Washington
Perry,Washington
Princeton,Washington
Robbinston,Washington
Steuben,Washington
Wesley,Washington
Whiting,Washington
Baileyville,Washington
Berwick,York
Cape Neddick,York
Eliot,York
Kittery,York
Kittery Point,York
North Berwick,York
Ogunquit,York
South Berwick,York
York,York
York Beach,York
York Harbor,York
Acton,York
Alfred,York
Bar Mills,York
Biddeford,York
Biddeford Pool,York
Biddeford,York
Cape Porpoise,York
Cornish,York
Lebanon,York
East Parsonsfield,York
East Waterboro,York
Hollis Center,York
Kennebunk,York
Kennebunkport,York
Parsonsfield,York
Limerick,York
Limington,York
Moody,York
Newfield,York
North Waterboro,York
Ocean Park,York
Old Orchard Beach,York
Saco,York
Sanford,York
Shapleigh,York
Springvale,York
Waterboro,York
Wells,York
Buxton,York
West Kennebunk,York
West Newfield,York
Marshall Islands,Marshall Islands
Ebeye,Marshall Islands
Barton City,Alcona
Black River,Alcona
Curran,Alcona
Glennie,Alcona
Greenbush,Alcona
Harrisville,Alcona
Lincoln,Alcona
Mikado,Alcona
Spruce,Alcona
Au Train,Alger
Chatham,Alger
Deerton,Alger
Eben Junction,Alger
Rumely,Alger
Grand Marais,Alger
Munising,Alger
Shingleton,Alger
Trenary,Alger
Wetmore,Alger
Allegan,Allegan
Martin,Allegan
Otsego,Allegan
Plainwell,Allegan
Bradley,Allegan
Burnips,Allegan
Dorr,Allegan
Hopkins,Allegan
Moline,Allegan
Shelbyville,Allegan
Wayland,Allegan
Douglas,Allegan
Fennville,Allegan
Glenn,Allegan
Hamilton,Allegan
Pullman,Allegan
Saugatuck,Allegan
Alpena,Alpena
Herron,Alpena
Hubbard Lake,Alpena
Lachine,Alpena
Ossineke,Alpena
Alba,Antrim
Alden,Antrim
Bellaire,Antrim
Central Lake,Antrim
Eastport,Antrim
Elk Rapids,Antrim
Kewadin,Antrim
Mancelona,Antrim
Ellsworth,Antrim
Standish,Arenac
Sterling,Arenac
Au Gres,Arenac
Omer,Arenac
Turner,Arenac
Twining,Arenac
Baraga,Baraga
Covington,Baraga
Lanse,Baraga
Skanee,Baraga
Watton,Baraga
Woodland,Barry
Cloverdale,Barry
Delton,Barry
Dowling,Barry
Hastings,Barry
Hickory Corners,Barry
Nashville,Barry
Freeport,Barry
Middleville,Barry
Auburn,Bay
Bentley,Bay
Kawkawlin,Bay
Linwood,Bay
Pinconning,Bay
Bay City,Bay
Bay City,Bay
Bay City,Bay
University Center,Bay
Essexville,Bay
Munger,Bay
Benzonia,Benzie
Beulah,Benzie
Elberta,Benzie
Frankfort,Benzie
Honor,Benzie
Lake Ann,Benzie
Thompsonville,Benzie
Benton Harbor,Berrien
Benton Harbor,Berrien
Coloma,Berrien
Hagar Shores,Berrien
Riverside,Berrien
Saint Joseph,Berrien
Watervliet,Berrien
Baroda,Berrien
Berrien Center,Berrien
Berrien Springs,Berrien
Berrien Springs,Berrien
Bridgman,Berrien
Buchanan,Berrien
Eau Claire,Berrien
Galien,Berrien
Harbert,Berrien
Lakeside,Berrien
New Buffalo,Berrien
New Troy,Berrien
Niles,Berrien
Sawyer,Berrien
Sodus,Berrien
Stevensville,Berrien
Three Oaks,Berrien
Union Pier,Berrien
Bronson,Branch
Coldwater,Branch
Quincy,Branch
Sherwood,Branch
Union City,Branch
Montgomery,Branch
Athens,Calhoun
Battle Creek,Calhoun
Battle Creek,Calhoun
Battle Creek,Calhoun
Battle Creek,Calhoun
Battle Creek,Calhoun
Bedford,Calhoun
Burlington,Calhoun
Ceresco,Calhoun
Battle Creek,Calhoun
East Leroy,Calhoun
Marshall,Calhoun
Tekonsha,Calhoun
Albion,Calhoun
Homer,Calhoun
Cassopolis,Cass
Dowagiac,Cass
Jones,Cass
Marcellus,Cass
Vandalia,Cass
Edwardsburg,Cass
Union,Cass
Bay Shore,Charlevoix
Boyne City,Charlevoix
Boyne Falls,Charlevoix
Charlevoix,Charlevoix
East Jordan,Charlevoix
Beaver Island,Charlevoix
Walloon Lake,Charlevoix
Mackinaw City,Cheboygan
Afton,Cheboygan
Brutus,Cheboygan
Burt Lake,Cheboygan
Cheboygan,Cheboygan
Indian River,Cheboygan
Mullett Lake,Cheboygan
Topinabee,Cheboygan
Tower,Cheboygan
Wolverine,Cheboygan
Barbeau,Chippewa
Brimley,Chippewa
Dafter,Chippewa
De Tour Village,Chippewa
Drummond Island,Chippewa
Eckerman,Chippewa
Goetzville,Chippewa
Hulbert,Chippewa
Kinross,Chippewa
Paradise,Chippewa
Pickford,Chippewa
Rudyard,Chippewa
Sault Sainte Marie,Chippewa
Kincheloe,Chippewa
Kincheloe,Chippewa
Kincheloe,Chippewa
Kincheloe,Chippewa
Trout Lake,Chippewa
Clare,Clare
Farwell,Clare
Harrison,Clare
Lake,Clare
Lake George,Clare
Bath,Clinton
Dewitt,Clinton
Eagle,Clinton
Elsie,Clinton
Eureka,Clinton
Fowler,Clinton
Maple Rapids,Clinton
Ovid,Clinton
Saint Johns,Clinton
Westphalia,Clinton
Frederic,Crawford
Grayling,Crawford
Grayling,Crawford
Bark River,Delta
Cornell,Delta
Escanaba,Delta
Garden,Delta
Gladstone,Delta
Nahma,Delta
Perkins,Delta
Rapid River,Delta
Rock,Delta
Wells,Delta
Iron Mountain,Dickinson
Kingsford,Dickinson
Channing,Dickinson
Felch,Dickinson
Foster City,Dickinson
Loretto,Dickinson
Norway,Dickinson
Quinnesec,Dickinson
Ralph,Dickinson
Sagola,Dickinson
Vulcan,Dickinson
Charlotte,Eaton
Dimondale,Eaton
Eaton Rapids,Eaton
Grand Ledge,Eaton
Mulliken,Eaton
Potterville,Eaton
Sunfield,Eaton
Lansing,Eaton
Lansing,Eaton
Bellevue,Eaton
Olivet,Eaton
Vermontville,Eaton
Alanson,Emmet
Carp Lake,Emmet
Conway,Emmet
Cross Village,Emmet
Good Hart,Emmet
Harbor Springs,Emmet
Levering,Emmet
Oden,Emmet
Pellston,Emmet
Petoskey,Emmet
Atlas,Genesee
Clio,Genesee
Davison,Genesee
Fenton,Genesee
Flushing,Genesee
Gaines,Genesee
Genesee,Genesee
Goodrich,Genesee
Grand Blanc,Genesee
Lennon,Genesee
Linden,Genesee
Montrose,Genesee
Mount Morris,Genesee
Otisville,Genesee
Swartz Creek,Genesee
Grand Blanc,Genesee
Flint,Genesee
Flint,Genesee
Flint,Genesee
Flint,Genesee
Flint,Genesee
Flint,Genesee
Flint,Genesee
Burton,Genesee
Burton,Genesee
Burton,Genesee
Flint,Genesee
Flint,Genesee
Flint,Genesee
Flint,Genesee
Flint,Genesee
Flint,Genesee
Flint,Genesee
Flint,Genesee
Flint,Genesee
Flint,Genesee
Beaverton,Gladwin
Gladwin,Gladwin
Saginaw,Gladwin
Rhodes,Gladwin
Bessemer,Gogebic
Ironwood,Gogebic
Marenisco,Gogebic
Ramsay,Gogebic
Wakefield,Gogebic
Watersmeet,Gogebic
Acme,Grand Traverse
Fife Lake,Grand Traverse
Grawn,Grand Traverse
Interlochen,Grand Traverse
Kingsley,Grand Traverse
Mayfield,Grand Traverse
Old Mission,Grand Traverse
Traverse City,Grand Traverse
Traverse City,Grand Traverse
Traverse City,Grand Traverse
Williamsburg,Grand Traverse
Traverse City,Grand Traverse
Breckenridge,Gratiot
Wheeler,Gratiot
Alma,Gratiot
Ashley,Gratiot
Bannister,Gratiot
Elm Hall,Gratiot
Elwell,Gratiot
Ithaca,Gratiot
Middleton,Gratiot
North Star,Gratiot
Perrinton,Gratiot
Pompeii,Gratiot
Riverdale,Gratiot
Saint Louis,Gratiot
Sumner,Gratiot
Allen,Hillsdale
Camden,Hillsdale
Frontier,Hillsdale
Hillsdale,Hillsdale
Jerome,Hillsdale
Jonesville,Hillsdale
Litchfield,Hillsdale
Moscow,Hillsdale
Mosherville,Hillsdale
North Adams,Hillsdale
Osseo,Hillsdale
Pittsford,Hillsdale
Reading,Hillsdale
Somerset,Hillsdale
Somerset Center,Hillsdale
Waldron,Hillsdale
Atlantic Mine,Houghton
Calumet,Houghton
Chassell,Houghton
Copper City,Houghton
Dodgeville,Houghton
Dollar Bay,Houghton
Hancock,Houghton
Houghton,Houghton
Hubbell,Houghton
Kearsarge,Houghton
Lake Linden,Houghton
Nisula,Houghton
Painesdale,Houghton
Pelkie,Houghton
Sidnaw,Houghton
South Range,Houghton
Toivola,Houghton
Bad Axe,Huron
Filion,Huron
Harbor Beach,Huron
Kinde,Huron
Port Austin,Huron
Port Hope,Huron
Ruth,Huron
Ubly,Huron
Bay Port,Huron
Caseville,Huron
Elkton,Huron
Owendale,Huron
Pigeon,Huron
Sebewaing,Huron
Okemos,Ingham
Dansville,Ingham
East Lansing,Ingham
East Lansing,Ingham
East Lansing,Ingham
East Lansing,Ingham
Haslett,Ingham
Holt,Ingham
Mason,Ingham
Okemos,Ingham
Webberville,Ingham
Williamston,Ingham
Lansing,Ingham
Lansing,Ingham
Lansing,Ingham
Lansing,Ingham
Lansing,Ingham
Lansing,Ingham
Lansing,Ingham
Lansing,Ingham
Lansing,Ingham
Lansing,Ingham
Lansing,Ingham
Lansing,Ingham
Lansing,Ingham
Lansing,Ingham
Lansing,Ingham
Lansing,Ingham
Lansing,Ingham
Lansing,Ingham
Lansing,Ingham
Lansing,Ingham
Leslie,Ingham
Onondaga,Ingham
Stockbridge,Ingham
Belding,Ionia
Clarksville,Ionia
Hubbardston,Ionia
Ionia,Ionia
Lake Odessa,Ionia
Lyons,Ionia
Muir,Ionia
Orleans,Ionia
Palo,Ionia
Pewamo,Ionia
Portland,Ionia
Saranac,Ionia
Smyrna,Ionia
East Tawas,Iosco
Hale,Iosco
Long Lake,Iosco
National City,Iosco
Oscoda,Iosco
Tawas City,Iosco
Tawas City,Iosco
Whittemore,Iosco
Alpha,Iron
Amasa,Iron
Caspian,Iron
Crystal Falls,Iron
Gaastra,Iron
Iron River,Iron
Stambaugh,Iron
Mount Pleasant,Isabella
Mount Pleasant,Isabella
Mount Pleasant,Isabella
Rosebush,Isabella
Shepherd,Isabella
Weidman,Isabella
Winn,Isabella
Blanchard,Isabella
Jackson,Jackson
Jackson,Jackson
Jackson,Jackson
Jackson,Jackson
Brooklyn,Jackson
Clarklake,Jackson
Concord,Jackson
Grass Lake,Jackson
Hanover,Jackson
Horton,Jackson
Michigan Center,Jackson
Munith,Jackson
Napoleon,Jackson
Norvell,Jackson
Parma,Jackson
Pleasant Lake,Jackson
Rives Junction,Jackson
Spring Arbor,Jackson
Springport,Jackson
Kalamazoo,Kalamazoo
Portage,Kalamazoo
Kalamazoo,Kalamazoo
Kalamazoo,Kalamazoo
Kalamazoo,Kalamazoo
Kalamazoo,Kalamazoo
Kalamazoo,Kalamazoo
Kalamazoo,Kalamazoo
Kalamazoo,Kalamazoo
Augusta,Kalamazoo
Kalamazoo,Kalamazoo
Portage,Kalamazoo
Climax,Kalamazoo
Comstock,Kalamazoo
Kalamazoo,Kalamazoo
Fulton,Kalamazoo
Galesburg,Kalamazoo
Nazareth,Kalamazoo
Oshtemo,Kalamazoo
Portage,Kalamazoo
Richland,Kalamazoo
Schoolcraft,Kalamazoo
Scotts,Kalamazoo
Vicksburg,Kalamazoo
Kalkaska,Kalkaska
Rapid City,Kalkaska
South Boardman,Kalkaska
Ada,Kent
Alto,Kent
Belmont,Kent
Byron Center,Kent
Caledonia,Kent
Cannonsburg,Kent
Cedar Springs,Kent
Comstock Park,Kent
Kent City,Kent
Lowell,Kent
Rockford,Kent
Sand Lake,Kent
Sparta,Kent
Rockford,Kent
Ada,Kent
Ada,Kent
Ada,Kent
Grandville,Kent
Grandville,Kent
Grand Rapids,Kent
Grand Rapids,Kent
Grand Rapids,Kent
Grand Rapids,Kent
Grand Rapids,Kent
Grand Rapids,Kent
Grand Rapids,Kent
Grand Rapids,Kent
Wyoming,Kent
Grand Rapids,Kent
Grand Rapids,Kent
Grand Rapids,Kent
Grand Rapids,Kent
Grand Rapids,Kent
Grand Rapids,Kent
Wyoming,Kent
Grand Rapids,Kent
Grand Rapids,Kent
Grand Rapids,Kent
Grand Rapids,Kent
Grand Rapids,Kent
Grand Rapids,Kent
Grand Rapids,Kent
Grand Rapids,Kent
Grand Rapids,Kent
Grand Rapids,Kent
Grand Rapids,Kent
Allouez,Keweenaw
Ahmeek,Keweenaw
Copper Harbor,Keweenaw
Mohawk,Keweenaw
Baldwin,Lake
Branch,Lake
Chase,Lake
Idlewild,Lake
Irons,Lake
Luther,Lake
Almont,Lapeer
Attica,Lapeer
Columbiaville,Lapeer
Dryden,Lapeer
Hadley,Lapeer
Imlay City,Lapeer
Lapeer,Lapeer
Metamora,Lapeer
North Branch,Lapeer
Otter Lake,Lapeer
Clifford,Lapeer
Silverwood,Lapeer
Cedar,Leelanau
Empire,Leelanau
Glen Arbor,Leelanau
Lake Leelanau,Leelanau
Leland,Leelanau
Maple City,Leelanau
Northport,Leelanau
Omena,Leelanau
Suttons Bay,Leelanau
Addison,Lenawee
Adrian,Lenawee
Blissfield,Lenawee
Britton,Lenawee
Cement City,Lenawee
Clayton,Lenawee
Clinton,Lenawee
Deerfield,Lenawee
Hudson,Lenawee
Jasper,Lenawee
Manitou Beach,Lenawee
Morenci,Lenawee
Onsted,Lenawee
Palmyra,Lenawee
Riga,Lenawee
Sand Creek,Lenawee
Tecumseh,Lenawee
Tipton,Lenawee
Weston,Lenawee
Brighton,Livingston
Brighton,Livingston
Gregory,Livingston
Hamburg,Livingston
Lakeland,Livingston
Pinckney,Livingston
Hartland,Livingston
Cohoctah,Livingston
Fowlerville,Livingston
Howell,Livingston
Howell,Livingston
Howell,Livingston
Mc Millan,Luce
Newberry,Luce
Cedarville,Mackinac
Hessel,Mackinac
Mackinac Island,Mackinac
Moran,Mackinac
Naubinway,Mackinac
Pointe Aux Pins,Mackinac
Saint Ignace,Mackinac
Curtis,Mackinac
Engadine,Mackinac
Gould City,Mackinac
Armada,Macomb
Center Line,Macomb
Eastpointe,Macomb
Fraser,Macomb
Clinton Township,Macomb
Clinton Township,Macomb
Clinton Township,Macomb
Macomb,Macomb
Mount Clemens,Macomb
Macomb,Macomb
Harrison Township,Macomb
Mount Clemens,Macomb
New Baltimore,Macomb
New Haven,Macomb
New Haven,Macomb
New Baltimore,Macomb
Richmond,Macomb
Romeo,Macomb
Roseville,Macomb
Saint Clair Shores,Macomb
Saint Clair Shores,Macomb
Saint Clair Shores,Macomb
Warren,Macomb
Warren,Macomb
Warren,Macomb
Warren,Macomb
Warren,Macomb
Warren,Macomb
Washington,Macomb
Washington,Macomb
Ray,Macomb
Sterling Heights,Macomb
Sterling Heights,Macomb
Sterling Heights,Macomb
Sterling Heights,Macomb
Sterling Heights,Macomb
Utica,Macomb
Utica,Macomb
Utica,Macomb
Utica,Macomb
Warren,Macomb
Arcadia,Manistee
Bear Lake,Manistee
Brethren,Manistee
Copemish,Manistee
Eastlake,Manistee
Filer City,Manistee
Kaleva,Manistee
Manistee,Manistee
Onekama,Manistee
Wellston,Manistee
Big Bay,Marquette
Champion,Marquette
Arnold,Marquette
Little Lake,Marquette
Gwinn,Marquette
Ishpeming,Marquette
Marquette,Marquette
Michigamme,Marquette
National Mine,Marquette
Negaunee,Marquette
Palmer,Marquette
Republic,Marquette
Skandia,Marquette
Custer,Mason
Fountain,Mason
Free Soil,Mason
Ludington,Mason
Scottville,Mason
Walhalla,Mason
Barryton,Mecosta
Big Rapids,Mecosta
Chippewa Lake,Mecosta
Mecosta,Mecosta
Morley,Mecosta
Paris,Mecosta
Remus,Mecosta
Rodney,Mecosta
Stanwood,Mecosta
Carney,Menominee
Daggett,Menominee
Harris,Menominee
Hermansville,Menominee
Ingalls,Menominee
Menominee,Menominee
Nadeau,Menominee
Perronville,Menominee
Powers,Menominee
Spalding,Menominee
Stephenson,Menominee
Wallace,Menominee
Wilson,Menominee
Coleman,Midland
Edenville,Midland
Hope,Midland
Midland,Midland
Midland,Midland
Midland,Midland
Sanford,Midland
Midland,Midland
Midland,Midland
Midland,Midland
Midland,Midland
Falmouth,Missaukee
Lake City,Missaukee
Mc Bain,Missaukee
Merritt,Missaukee
Azalia,Monroe
Carleton,Monroe
Dundee,Monroe
Erie,Monroe
Ida,Monroe
Lambertville,Monroe
La Salle,Monroe
Luna Pier,Monroe
Maybee,Monroe
Milan,Monroe
Monroe,Monroe
Monroe,Monroe
Newport,Monroe
Samaria,Monroe
South Rockwood,Monroe
Temperance,Monroe
Ottawa Lake,Monroe
Petersburg,Monroe
Carson City,Montcalm
Cedar Lake,Montcalm
Crystal,Montcalm
Edmore,Montcalm
Fenwick,Montcalm
Greenville,Montcalm
Lakeview,Montcalm
Mcbrides,Montcalm
Sheridan,Montcalm
Sidney,Montcalm
Six Lakes,Montcalm
Stanton,Montcalm
Vestaburg,Montcalm
Coral,Montcalm
Gowen,Montcalm
Howard City,Montcalm
Pierson,Montcalm
Trufant,Montcalm
Atlanta,Montmorency
Hillman,Montmorency
Lewiston,Montmorency
Bailey,Muskegon
Casnovia,Muskegon
Fruitport,Muskegon
Holton,Muskegon
Montague,Muskegon
Muskegon,Muskegon
Muskegon,Muskegon
Muskegon,Muskegon
Muskegon,Muskegon
Muskegon,Muskegon
Muskegon,Muskegon
Ravenna,Muskegon
Twin Lake,Muskegon
Whitehall,Muskegon
Sylvan Beach,Muskegon
Bitely,Newaygo
Brohman,Newaygo
Grant,Newaygo
Newaygo,Newaygo
White Cloud,Newaygo
Fremont,Newaygo
Fremont,Newaygo
Troy,Oakland
Birmingham,Oakland
Birmingham,Oakland
Clawson,Oakland
Franklin,Oakland
Hazel Park,Oakland
Southfield,Oakland
Southfield,Oakland
Southfield,Oakland
Royal Oak,Oakland
Royal Oak,Oakland
Pleasant Ridge,Oakland
Huntington Woods,Oakland
Madison Heights,Oakland
Berkley,Oakland
Royal Oak,Oakland
Southfield,Oakland
Southfield,Oakland
Troy,Oakland
Troy,Oakland
Troy,Oakland
Southfield,Oakland
Troy,Oakland
Troy,Oakland
New Hudson,Oakland
South Lyon,Oakland
Ferndale,Oakland
Oak Park,Oakland
Bloomfield Hills,Oakland
Bloomfield Hills,Oakland
Bloomfield Hills,Oakland
Bloomfield Hills,Oakland
Rochester,Oakland
Rochester,Oakland
Rochester,Oakland
Rochester,Oakland
Keego Harbor,Oakland
Auburn Hills,Oakland
West Bloomfield,Oakland
West Bloomfield,Oakland
West Bloomfield,Oakland
West Bloomfield,Oakland
Auburn Hills,Oakland
Waterford,Oakland
Waterford,Oakland
Waterford,Oakland
Drayton Plains,Oakland
Farmington,Oakland
Farmington,Oakland
Farmington,Oakland
Farmington,Oakland
Farmington,Oakland
Farmington,Oakland
Pontiac,Oakland
Pontiac,Oakland
Pontiac,Oakland
Pontiac,Oakland
Clarkston,Oakland
Clarkston,Oakland
Clarkston,Oakland
Davisburg,Oakland
Highland,Oakland
Highland,Oakland
Lake Orion,Oakland
Lake Orion,Oakland
Lake Orion,Oakland
Lake Orion,Oakland
Oakland,Oakland
Lakeville,Oakland
Leonard,Oakland
Oxford,Oakland
Oxford,Oakland
Novi,Oakland
Novi,Oakland
Novi,Oakland
Novi,Oakland
Milford,Oakland
Milford,Oakland
Commerce Township,Oakland
White Lake,Oakland
White Lake,Oakland
Union Lake,Oakland
Walled Lake,Oakland
Walled Lake,Oakland
Wixom,Oakland
Holly,Oakland
Ortonville,Oakland
Hart,Oceana
Hesperia,Oceana
Mears,Oceana
New Era,Oceana
Pentwater,Oceana
Rothbury,Oceana
Shelby,Oceana
Walkerville,Oceana
Alger,Ogemaw
Lupton,Ogemaw
Rose City,Ogemaw
West Branch,Ogemaw
Prescott,Ogemaw
South Branch,Ogemaw
Bergland,Ontonagon
Bruce Crossing,Ontonagon
Ewen,Ontonagon
Greenland,Ontonagon
Mass City,Ontonagon
Ontonagon,Ontonagon
Rockland,Ontonagon
Trout Creek,Ontonagon
White Pine,Ontonagon
Evart,Osceola
Hersey,Osceola
Leroy,Osceola
Marion,Osceola
Reed City,Osceola
Sears,Osceola
Tustin,Osceola
Comins,Oscoda
Fairview,Oscoda
Luzerne,Oscoda
Mio,Oscoda
Elmira,Otsego
Gaylord,Otsego
Gaylord,Otsego
Johannesburg,Otsego
Vanderbilt,Otsego
Waters,Otsego
Allendale,Ottawa
Conklin,Ottawa
Coopersville,Ottawa
Ferrysburg,Ottawa
Grand Haven,Ottawa
Holland,Ottawa
Holland,Ottawa
Holland,Ottawa
Hudsonville,Ottawa
Jamestown,Ottawa
Jenison,Ottawa
Jenison,Ottawa
Lamont,Ottawa
Macatawa,Ottawa
Marne,Ottawa
Nunica,Ottawa
Spring Lake,Ottawa
West Olive,Ottawa
Zeeland,Ottawa
Grand Rapids,Ottawa
Hawks,Presque Isle
Millersburg,Presque Isle
Onaway,Presque Isle
Posen,Presque Isle
Presque Isle,Presque Isle
Rogers City,Presque Isle
Higgins Lake,Roscommon
Houghton Lake,Roscommon
Houghton Lake Heights,Roscommon
Prudenville,Roscommon
Roscommon,Roscommon
Saint Helen,Roscommon
Birch Run,Saginaw
Burt,Saginaw
Saginaw,Saginaw
Saginaw,Saginaw
Saginaw,Saginaw
Saginaw,Saginaw
Saginaw,Saginaw
Saginaw,Saginaw
Saginaw,Saginaw
Saginaw,Saginaw
Saginaw,Saginaw
Brant,Saginaw
Chesaning,Saginaw
Freeland,Saginaw
Hemlock,Saginaw
Merrill,Saginaw
Oakley,Saginaw
Saint Charles,Saginaw
Saginaw,Saginaw
Bridgeport,Saginaw
Carrollton,Saginaw
Frankenmuth,Saginaw
Frankenmuth,Saginaw
Algonac,St. Clair
Allenton,St. Clair
Anchorville,St. Clair
Avoca,St. Clair
Capac,St. Clair
Emmett,St. Clair
Fair Haven,St. Clair
Goodells,St. Clair
Harsens Island,St. Clair
Jeddo,St. Clair
Marine City,St. Clair
Marysville,St. Clair
Memphis,St. Clair
North Street,St. Clair
East China,St. Clair
Fort Gratiot,St. Clair
Port Huron,St. Clair
Port Huron,St. Clair
Columbus,St. Clair
Casco,St. Clair
Smiths Creek,St. Clair
Saint Clair,St. Clair
Yale,St. Clair
Burr Oak,St. Joseph
Centreville,St. Joseph
Colon,St. Joseph
Constantine,St. Joseph
Leonidas,St. Joseph
Mendon,St. Joseph
Nottawa,St. Joseph
Sturgis,St. Joseph
Three Rivers,St. Joseph
White Pigeon,St. Joseph
Applegate,Sanilac
Argyle,Sanilac
Brown City,Sanilac
Carsonville,Sanilac
Croswell,Sanilac
Decker,Sanilac
Deckerville,Sanilac
Forestville,Sanilac
Lexington,Sanilac
Marlette,Sanilac
Melvin,Sanilac
Minden City,Sanilac
Palms,Sanilac
Peck,Sanilac
Port Sanilac,Sanilac
Sandusky,Sanilac
Snover,Sanilac
Cooks,Schoolcraft
Germfask,Schoolcraft
Gulliver,Schoolcraft
Manistique,Schoolcraft
Seney,Schoolcraft
Bancroft,Shiawassee
Byron,Shiawassee
Durand,Shiawassee
New Lothrop,Shiawassee
Vernon,Shiawassee
Corunna,Shiawassee
Henderson,Shiawassee
Laingsburg,Shiawassee
Morrice,Shiawassee
Owosso,Shiawassee
Perry,Shiawassee
Shaftsburg,Shiawassee
Fostoria,Tuscola
Akron,Tuscola
Caro,Tuscola
Cass City,Tuscola
Deford,Tuscola
Fairgrove,Tuscola
Gagetown,Tuscola
Kingston,Tuscola
Mayville,Tuscola
Millington,Tuscola
Reese,Tuscola
Richville,Tuscola
Unionville,Tuscola
Vassar,Tuscola
Bangor,Van Buren
Bloomingdale,Van Buren
Breedsville,Van Buren
Covert,Van Buren
Decatur,Van Buren
Gobles,Van Buren
Grand Junction,Van Buren
Hartford,Van Buren
Kendall,Van Buren
Lacota,Van Buren
Lawrence,Van Buren
Lawton,Van Buren
Mattawan,Van Buren
Paw Paw,Van Buren
South Haven,Van Buren
Ann Arbor,Washtenaw
Ann Arbor,Washtenaw
Ann Arbor,Washtenaw
Ann Arbor,Washtenaw
Ann Arbor,Washtenaw
Ann Arbor,Washtenaw
Ann Arbor,Washtenaw
Ann Arbor,Washtenaw
Bridgewater,Washtenaw
Chelsea,Washtenaw
Dexter,Washtenaw
Manchester,Washtenaw
Salem,Washtenaw
Saline,Washtenaw
Whitmore Lake,Washtenaw
Whittaker,Washtenaw
Willis,Washtenaw
Ypsilanti,Washtenaw
Ypsilanti,Washtenaw
Allen Park,Wayne
Belleville,Wayne
Belleville,Wayne
Dearborn,Wayne
Dearborn,Wayne
Melvindale,Wayne
Dearborn,Wayne
Dearborn,Wayne
Dearborn Heights,Wayne
Dearborn,Wayne
Dearborn Heights,Wayne
Dearborn,Wayne
Flat Rock,Wayne
Garden City,Wayne
Garden City,Wayne
Grosse Ile,Wayne
Inkster,Wayne
Lincoln Park,Wayne
Livonia,Wayne
Livonia,Wayne
Livonia,Wayne
Livonia,Wayne
Livonia,Wayne
New Boston,Wayne
Northville,Wayne
Northville,Wayne
Plymouth,Wayne
Rockwood,Wayne
Romulus,Wayne
Taylor,Wayne
Trenton,Wayne
Wayne,Wayne
Westland,Wayne
Westland,Wayne
Canton,Wayne
Canton,Wayne
Wyandotte,Wayne
Riverview,Wayne
Southgate,Wayne
Detroit,Wayne
Detroit,Wayne
Highland Park,Wayne
Detroit,Wayne
Detroit,Wayne
Detroit,Wayne
Detroit,Wayne
Detroit,Wayne
Detroit,Wayne
Detroit,Wayne
Detroit,Wayne
Hamtramck,Wayne
Detroit,Wayne
Detroit,Wayne
Detroit,Wayne
Detroit,Wayne
Detroit,Wayne
River Rouge,Wayne
Detroit,Wayne
Detroit,Wayne
Detroit,Wayne
Detroit,Wayne
Detroit,Wayne
Harper Woods,Wayne
Detroit,Wayne
Detroit,Wayne
Detroit,Wayne
Ecorse,Wayne
Grosse Pointe,Wayne
Detroit,Wayne
Detroit,Wayne
Detroit,Wayne
Detroit,Wayne
Detroit,Wayne
Grosse Pointe,Wayne
Detroit,Wayne
Redford,Wayne
Redford,Wayne
Detroit,Wayne
Detroit,Wayne
Detroit,Wayne
Detroit,Wayne
Detroit,Wayne
Detroit,Wayne
Detroit,Wayne
Detroit,Wayne
Detroit,Wayne
Detroit,Wayne
Detroit,Wayne
Detroit,Wayne
Detroit,Wayne
Detroit,Wayne
Detroit,Wayne
Detroit,Wayne
Detroit,Wayne
Cadillac,Wexford
Boon,Wexford
Buckley,Wexford
Harrietta,Wexford
Manton,Wexford
Mesick,Wexford
Hill City,Aitkin
Jacobson,Aitkin
Mcgregor,Aitkin
Swatara,Aitkin
Tamarack,Aitkin
Mc Grath,Aitkin
Aitkin,Aitkin
Palisade,Aitkin
Bethel,Anoka
Cedar,Anoka
Circle Pines,Anoka
Saint Francis,Anoka
Anoka,Anoka
Andover,Anoka
Minneapolis,Anoka
Minneapolis,Anoka
Minneapolis,Anoka
Minneapolis,Anoka
Minneapolis,Anoka
Minneapolis,Anoka
Detroit Lakes,Becker
Detroit Lakes,Becker
Audubon,Becker
Callaway,Becker
Frazee,Becker
Lake Park,Becker
Ogema,Becker
Osage,Becker
Ponsford,Becker
Richwood,Becker
Rochert,Becker
White Earth,Becker
Wolf Lake,Becker
Bemidji,Beltrami
Bemidji,Beltrami
Blackduck,Beltrami
Hines,Beltrami
Kelliher,Beltrami
Pennington,Beltrami
Ponemah,Beltrami
Puposky,Beltrami
Redby,Beltrami
Redlake,Beltrami
Solway,Beltrami
Tenstrike,Beltrami
Waskish,Beltrami
Wilton,Beltrami
Foley,Benton
Gilman,Benton
Oak Park,Benton
Rice,Benton
Sauk Rapids,Benton
Barry,Big Stone
Beardsley,Big Stone
Clinton,Big Stone
Correll,Big Stone
Graceville,Big Stone
Odessa,Big Stone
Ortonville,Big Stone
Mankato,Blue Earth
Mankato,Blue Earth
Amboy,Blue Earth
Eagle Lake,Blue Earth
Garden City,Blue Earth
Good Thunder,Blue Earth
Lake Crystal,Blue Earth
Madison Lake,Blue Earth
Mapleton,Blue Earth
Pemberton,Blue Earth
Saint Clair,Blue Earth
Vernon Center,Blue Earth
Comfrey,Brown
Essig,Brown
Hanska,Brown
New Ulm,Brown
Searles,Brown
Sleepy Eye,Brown
Springfield,Brown
Barnum,Carlton
Carlton,Carlton
Cloquet,Carlton
Cromwell,Carlton
Esko,Carlton
Holyoke,Carlton
Kettle River,Carlton
Moose Lake,Carlton
Sawyer,Carlton
Wrenshall,Carlton
Wright,Carlton
Carver,Carver
Chanhassen,Carver
Chaska,Carver
Cologne,Carver
Hamburg,Carver
Mayer,Carver
New Germany,Carver
Norwood Young America,Carver
Norwood,Carver
Victoria,Carver
Waconia,Carver
Watertown,Carver
Young America,Carver
Minneapolis,Carver
Young America,Carver
Young America,Carver
Young America,Carver
Norwood,Carver
Young America,Carver
Young America,Carver
Norwood,Carver
Young America,Carver
Ah Gwah Ching,Cass
Backus,Cass
Hackensack,Cass
Pillager,Cass
Pine River,Cass
Walker,Cass
Bena,Cass
Cass Lake,Cass
Federal Dam,Cass
Longville,Cass
Outing,Cass
Remer,Cass
Clara City,Chippewa
Maynard,Chippewa
Milan,Chippewa
Montevideo,Chippewa
Watson,Chippewa
Almelund,Chisago
Center City,Chisago
Chisago City,Chisago
Harris,Chisago
Lindstrom,Chisago
North Branch,Chisago
Rush City,Chisago
Shafer,Chisago
Stacy,Chisago
Stacy,Chisago
Taylors Falls,Chisago
Wyoming,Chisago
Barnesville,Clay
Comstock,Clay
Dilworth,Clay
Felton,Clay
Georgetown,Clay
Glyndon,Clay
Hawley,Clay
Hitterdal,Clay
Moorhead,Clay
Moorhead,Clay
Moorhead,Clay
Moorhead,Clay
Sabin,Clay
Ulen,Clay
Bagley,Clearwater
Clearbrook,Clearwater
Gonvick,Clearwater
Leonard,Clearwater
Shevlin,Clearwater
Grand Marais,Cook
Grand Portage,Cook
Hovland,Cook
Lutsen,Cook
Schroeder,Cook
Tofte,Cook
Windom,Cottonwood
Bingham Lake,Cottonwood
Jeffers,Cottonwood
Mountain Lake,Cottonwood
Storden,Cottonwood
Westbrook,Cottonwood
Brainerd,Crow Wing
Baxter,Crow Wing
Crosby,Crow Wing
Crosslake,Crow Wing
Deerwood,Crow Wing
Emily,Crow Wing
Fifty Lakes,Crow Wing
Fort Ripley,Crow Wing
Garrison,Crow Wing
Ironton,Crow Wing
Jenkins,Crow Wing
Lake Hubert,Crow Wing
Merrifield,Crow Wing
Nisswa,Crow Wing
Pequot Lakes,Crow Wing
Castle Rock,Dakota
Farmington,Dakota
Hampton,Dakota
Hastings,Dakota
Lakeville,Dakota
Randolph,Dakota
Rosemount,Dakota
South Saint Paul,Dakota
Inver Grove Heights,Dakota
Inver Grove Heights,Dakota
Vermillion,Dakota
Saint Paul,Dakota
Saint Paul,Dakota
Saint Paul,Dakota
Saint Paul,Dakota
Saint Paul,Dakota
Saint Paul,Dakota
Mendota,Dakota
Burnsville,Dakota
Burnsville,Dakota
Claremont,Dodge
Dodge Center,Dodge
Hayfield,Dodge
Kasson,Dodge
Mantorville,Dodge
West Concord,Dodge
Alexandria,Douglas
Brandon,Douglas
Carlos,Douglas
Evansville,Douglas
Garfield,Douglas
Holmes City,Douglas
Kensington,Douglas
Miltona,Douglas
Nelson,Douglas
Osakis,Douglas
Blue Earth,Faribault
Bricelyn,Faribault
Delavan,Faribault
Easton,Faribault
Elmore,Faribault
Frost,Faribault
Huntley,Faribault
Kiester,Faribault
Minnesota Lake,Faribault
Wells,Faribault
Winnebago,Faribault
Canton,Fillmore
Chatfield,Fillmore
Fountain,Fillmore
Harmony,Fillmore
Lanesboro,Fillmore
Mabel,Fillmore
Ostrander,Fillmore
Peterson,Fillmore
Preston,Fillmore
Rushford,Fillmore
Spring Valley,Fillmore
Wykoff,Fillmore
Albert Lea,Freeborn
Alden,Freeborn
Clarks Grove,Freeborn
Conger,Freeborn
Emmons,Freeborn
Freeborn,Freeborn
Geneva,Freeborn
Glenville,Freeborn
Hartland,Freeborn
Hayward,Freeborn
Hollandale,Freeborn
Twin Lakes,Freeborn
Cannon Falls,Goodhue
Dennison,Goodhue
Frontenac,Goodhue
Goodhue,Goodhue
Red Wing,Goodhue
Welch,Goodhue
Kenyon,Goodhue
Pine Island,Goodhue
Wanamingo,Goodhue
Zumbrota,Goodhue
Herman,Grant
Norcross,Grant
Ashby,Grant
Barrett,Grant
Hoffman,Grant
Elbow Lake,Grant
Wendell,Grant
Saint Paul,Hennepin
Hopkins,Hennepin
Maple Grove,Hennepin
Champlin,Hennepin
Crystal Bay,Hennepin
Dayton,Hennepin
Excelsior,Hennepin
Hamel,Hennepin
Hopkins,Hennepin
Eden Prairie,Hennepin
Minnetonka,Hennepin
Eden Prairie,Hennepin
Eden Prairie,Hennepin
Maple Plain,Hennepin
Long Lake,Hennepin
Loretto,Hennepin
Maple Plain,Hennepin
Minnetonka Beach,Hennepin
Mound,Hennepin
Osseo,Hennepin
Rogers,Hennepin
Saint Bonifacius,Hennepin
Spring Park,Hennepin
Wayzata,Hennepin
Navarre,Hennepin
Minneapolis,Hennepin
Minneapolis,Hennepin
Minneapolis,Hennepin
Minneapolis,Hennepin
Minneapolis,Hennepin
Minneapolis,Hennepin
Minneapolis,Hennepin
Minneapolis,Hennepin
Minneapolis,Hennepin
Minneapolis,Hennepin
Minneapolis,Hennepin
Minneapolis,Hennepin
Minneapolis,Hennepin
Minneapolis,Hennepin
Minneapolis,Hennepin
Minneapolis,Hennepin
Minneapolis,Hennepin
Minneapolis,Hennepin
Minneapolis,Hennepin
Minneapolis,Hennepin
Minneapolis,Hennepin
Minneapolis,Hennepin
Minneapolis,Hennepin
Minneapolis,Hennepin
Minneapolis,Hennepin
Minneapolis,Hennepin
Minneapolis,Hennepin
Minneapolis,Hennepin
Minneapolis,Hennepin
Minneapolis,Hennepin
Minneapolis,Hennepin
Minneapolis,Hennepin
Minneapolis,Hennepin
Minneapolis,Hennepin
Minneapolis,Hennepin
Minneapolis,Hennepin
Minneapolis,Hennepin
Minneapolis,Hennepin
Minneapolis,Hennepin
Minneapolis,Hennepin
Minneapolis,Hennepin
Minneapolis,Hennepin
Minneapolis,Hennepin
Minneapolis,Hennepin
Minneapolis,Hennepin
Minneapolis,Hennepin
Minneapolis,Hennepin
Minneapolis,Hennepin
Minneapolis,Hennepin
Minneapolis,Hennepin
Minneapolis,Hennepin
Minneapolis,Hennepin
Minneapolis,Hennepin
Minneapolis,Hennepin
Minneapolis,Hennepin
Minneapolis,Hennepin
Minneapolis,Hennepin
Minneapolis,Hennepin
Minneapolis,Hennepin
Minneapolis,Hennepin
Minneapolis,Hennepin
Minneapolis,Hennepin
Osseo,Hennepin
Maple Plain,Hennepin
Maple Plain,Hennepin
Rockford,Hennepin
Young America,Hennepin
Maple Plain,Hennepin
Howard Lake,Hennepin
Maple Plain,Hennepin
Maple Plain,Hennepin
Maple Plain,Hennepin
Maple Plain,Hennepin
Maple Plain,Hennepin
Loretto,Hennepin
Loretto,Hennepin
Loretto,Hennepin
Loretto,Hennepin
Loretto,Hennepin
Brownsville,Houston
Caledonia,Houston
Eitzen,Houston
Hokah,Houston
Houston,Houston
La Crescent,Houston
Spring Grove,Houston
Akeley,Hubbard
Benedict,Hubbard
Lake George,Hubbard
Laporte,Hubbard
Nevis,Hubbard
Park Rapids,Hubbard
Braham,Isanti
Cambridge,Isanti
Dalbo,Isanti
Grandy,Isanti
Isanti,Isanti
Stanchfield,Isanti
Bovey,Itasca
Calumet,Itasca
Cohasset,Itasca
Coleraine,Itasca
Grand Rapids,Itasca
Goodland,Itasca
Grand Rapids,Itasca
Grand Rapids,Itasca
Keewatin,Itasca
Marble,Itasca
Nashwauk,Itasca
Pengilly,Itasca
Swan River,Itasca
Taconite,Itasca
Warba,Itasca
Bigfork,Itasca
Bowstring,Itasca
Deer River,Itasca
Talmoon,Itasca
Effie,Itasca
Marcell,Itasca
Max,Itasca
Spring Lake,Itasca
Squaw Lake,Itasca
Wirt,Itasca
Alpha,Jackson
Heron Lake,Jackson
Jackson,Jackson
Lakefield,Jackson
Okabena,Jackson
Mora,Kanabec
Ogilvie,Kanabec
Willmar,Kandiyohi
Atwater,Kandiyohi
Blomkest,Kandiyohi
Kandiyohi,Kandiyohi
Lake Lillian,Kandiyohi
New London,Kandiyohi
Pennock,Kandiyohi
Prinsburg,Kandiyohi
Raymond,Kandiyohi
Spicer,Kandiyohi
Sunburg,Kandiyohi
Donaldson,Kittson
Hallock,Kittson
Halma,Kittson
Humboldt,Kittson
Karlstad,Kittson
Kennedy,Kittson
Lake Bronson,Kittson
Lancaster,Kittson
Noyes,Kittson
Saint Vincent,Kittson
Big Falls,Koochiching
Birchdale,Koochiching
International Falls,Koochiching
Littlefork,Koochiching
Loman,Koochiching
Margie,Koochiching
Mizpah,Koochiching
Northome,Koochiching
Ranier,Koochiching
Kabetogama,Koochiching
South International Falls,Koochiching
Bellingham,Lac qui Parle
Boyd,Lac qui Parle
Dawson,Lac qui Parle
Madison,Lac qui Parle
Marietta,Lac qui Parle
Beaver Bay,Lake
Finland,Lake
Isabella,Lake
Knife River,Lake
Silver Bay,Lake
Two Harbors,Lake
Baudette,Lake of the Woods
Williams,Lake of the Woods
Angle Inlet,Lake of the Woods
Oak Island,Lake of the Woods
Cleveland,Le Sueur
Elysian,Le Sueur
Kasota,Le Sueur
Kilkenny,Le Sueur
Le Center,Le Sueur
Le Sueur,Le Sueur
Montgomery,Le Sueur
New Prague,Le Sueur
Waterville,Le Sueur
Arco,Lincoln
Hendricks,Lincoln
Ivanhoe,Lincoln
Lake Benton,Lincoln
Tyler,Lincoln
Balaton,Lyon
Garvin,Lyon
Lynd,Lyon
Russell,Lyon
Tracy,Lyon
Cottonwood,Lyon
Ghent,Lyon
Marshall,Lyon
Minneota,Lyon
Taunton,Lyon
Brownton,McLeod
Glencoe,McLeod
Hutchinson,McLeod
Lester Prairie,McLeod
Plato,McLeod
Silver Lake,McLeod
Stewart,McLeod
Winsted,McLeod
Bejou,Mahnomen
Mahnomen,Mahnomen
Naytahwaush,Mahnomen
Waubun,Mahnomen
Alvarado,Marshall
Argyle,Marshall
Gatzke,Marshall
Grygla,Marshall
Middle River,Marshall
Newfolden,Marshall
Oslo,Marshall
Stephen,Marshall
Strandquist,Marshall
Viking,Marshall
Warren,Marshall
Fairmont,Martin
Granada,Martin
Northrop,Martin
Truman,Martin
Ceylon,Martin
Dunnell,Martin
Ormsby,Martin
Sherburn,Martin
Trimont,Martin
Welcome,Martin
Darwin,Meeker
Dassel,Meeker
Eden Valley,Meeker
Litchfield,Meeker
Watkins,Meeker
Cosmos,Meeker
Grove City,Meeker
Princeton,Mille Lacs
Bock,Mille Lacs
Foreston,Mille Lacs
Isle,Mille Lacs
Milaca,Mille Lacs
Onamia,Mille Lacs
Pease,Mille Lacs
Wahkon,Mille Lacs
Bowlus,Morrison
Buckman,Morrison
Flensburg,Morrison
Hillman,Morrison
Lastrup,Morrison
Little Falls,Morrison
Pierz,Morrison
Royalton,Morrison
Swanville,Morrison
Upsala,Morrison
Waite Park,Morrison
Cushing,Morrison
Motley,Morrison
Randall,Morrison
Adams,Mower
Austin,Mower
Brownsdale,Mower
Dexter,Mower
Elkton,Mower
Grand Meadow,Mower
Lansing,Mower
Le Roy,Mower
Lyle,Mower
Racine,Mower
Rose Creek,Mower
Sargeant,Mower
Taopi,Mower
Waltham,Mower
Avoca,Murray
Chandler,Murray
Currie,Murray
Dovray,Murray
Fulda,Murray
Iona,Murray
Lake Wilson,Murray
Slayton,Murray
Mankato,Nicollet
Courtland,Nicollet
Lafayette,Nicollet
Nicollet,Nicollet
Saint Peter,Nicollet
Adrian,Nobles
Bigelow,Nobles
Brewster,Nobles
Ellsworth,Nobles
Leota,Nobles
Lismore,Nobles
Reading,Nobles
Round Lake,Nobles
Rushmore,Nobles
Wilmont,Nobles
Worthington,Nobles
Ada,Norman
Borup,Norman
Flom,Norman
Gary,Norman
Halstad,Norman
Hendrum,Norman
Perley,Norman
Shelly,Norman
Twin Valley,Norman
Rochester,Olmsted
Rochester,Olmsted
Rochester,Olmsted
Rochester,Olmsted
Rochester,Olmsted
Rochester,Olmsted
Byron,Olmsted
Dover,Olmsted
Eyota,Olmsted
Oronoco,Olmsted
Stewartville,Olmsted
Dalton,Otter Tail
Parkers Prairie,Otter Tail
Battle Lake,Otter Tail
Bluffton,Otter Tail
Clitherall,Otter Tail
Deer Creek,Otter Tail
Dent,Otter Tail
Elizabeth,Otter Tail
Erhard,Otter Tail
Fergus Falls,Otter Tail
Fergus Falls,Otter Tail
Henning,Otter Tail
New York Mills,Otter Tail
Ottertail,Otter Tail
Pelican Rapids,Otter Tail
Perham,Otter Tail
Richville,Otter Tail
Underwood,Otter Tail
Vergas,Otter Tail
Vining,Otter Tail
Thief River Falls,Pennington
Goodridge,Pennington
Saint Hilaire,Pennington
Brook Park,Pine
Grasston,Pine
Henriette,Pine
Hinckley,Pine
Pine City,Pine
Rock Creek,Pine
Sandstone,Pine
Askov,Pine
Bruno,Pine
Finlayson,Pine
Kerrick,Pine
Sturgeon Lake,Pine
Willow River,Pine
Edgerton,Pipestone
Holland,Pipestone
Ihlen,Pipestone
Jasper,Pipestone
Pipestone,Pipestone
Ruthton,Pipestone
Woodstock,Pipestone
Beltrami,Polk
Climax,Polk
Erskine,Polk
Fertile,Polk
Fosston,Polk
Mcintosh,Polk
Nielsville,Polk
Winger,Polk
Gully,Polk
Lengby,Polk
Trail,Polk
Crookston,Polk
East Grand Forks,Polk
Euclid,Polk
Fisher,Polk
Mentor,Polk
Cyrus,Pope
Farwell,Pope
Glenwood,Pope
Lowry,Pope
Starbuck,Pope
Villard,Pope
Saint Paul,Ramsey
Saint Paul,Ramsey
Saint Paul,Ramsey
Saint Paul,Ramsey
Saint Paul,Ramsey
Saint Paul,Ramsey
Saint Paul,Ramsey
Saint Paul,Ramsey
Saint Paul,Ramsey
Saint Paul,Ramsey
Saint Paul,Ramsey
Saint Paul,Ramsey
Saint Paul,Ramsey
Saint Paul,Ramsey
Saint Paul,Ramsey
Saint Paul,Ramsey
Saint Paul,Ramsey
Saint Paul,Ramsey
Saint Paul,Ramsey
Saint Paul,Ramsey
Saint Paul,Ramsey
Saint Paul,Ramsey
Saint Paul,Ramsey
Saint Paul,Ramsey
Saint Paul,Ramsey
Saint Paul,Ramsey
Saint Paul,Ramsey
Saint Paul,Ramsey
Saint Paul,Ramsey
Saint Paul,Ramsey
Saint Paul,Ramsey
Saint Paul,Ramsey
Brooks,Red Lake
Oklee,Red Lake
Plummer,Red Lake
Red Lake Falls,Red Lake
Sanborn,Redwood
Lamberton,Redwood
Revere,Redwood
Walnut Grove,Redwood
Belview,Redwood
Clements,Redwood
Lucan,Redwood
Milroy,Redwood
Morgan,Redwood
Redwood Falls,Redwood
Seaforth,Redwood
Vesta,Redwood
Wabasso,Redwood
Wanda,Redwood
Bird Island,Renville
Buffalo Lake,Renville
Fairfax,Renville
Franklin,Renville
Hector,Renville
Danube,Renville
Morton,Renville
Olivia,Renville
Renville,Renville
Sacred Heart,Renville
Dundas,Rice
Faribault,Rice
Lonsdale,Rice
Morristown,Rice
Nerstrand,Rice
Northfield,Rice
Warsaw,Rice
Webster,Rice
Beaver Creek,Rock
Hardwick,Rock
Hills,Rock
Kanaranzi,Rock
Kenneth,Rock
Luverne,Rock
Magnolia,Rock
Steen,Rock
Roosevelt,Roseau
Swift,Roseau
Badger,Roseau
Greenbush,Roseau
Roseau,Roseau
Salol,Roseau
Strathcona,Roseau
Wannaska,Roseau
Warroad,Roseau
Brimson,St. Louis
Alborn,St. Louis
Angora,St. Louis
Aurora,St. Louis
Babbitt,St. Louis
Biwabik,St. Louis
Britt,St. Louis
Brookston,St. Louis
Buhl,St. Louis
Canyon,St. Louis
Chisholm,St. Louis
Cook,St. Louis
Cotton,St. Louis
Crane Lake,St. Louis
Ely,St. Louis
Embarrass,St. Louis
Eveleth,St. Louis
Floodwood,St. Louis
Forbes,St. Louis
Gilbert,St. Louis
Hibbing,St. Louis
Hibbing,St. Louis
Hoyt Lakes,St. Louis
Iron,St. Louis
Kinney,St. Louis
Makinen,St. Louis
Meadowlands,St. Louis
Melrude,St. Louis
Mountain Iron,St. Louis
Orr,St. Louis
Nett Lake,St. Louis
Virginia,St. Louis
Saginaw,St. Louis
Side Lake,St. Louis
Soudan,St. Louis
Tower,St. Louis
Twig,St. Louis
Virginia,St. Louis
Winton,St. Louis
Duluth,St. Louis
Duluth,St. Louis
Duluth,St. Louis
Duluth,St. Louis
Duluth,St. Louis
Duluth,St. Louis
Duluth,St. Louis
Duluth,St. Louis
Duluth,St. Louis
Duluth,St. Louis
Duluth,St. Louis
Duluth,St. Louis
Duluth,St. Louis
Duluth,St. Louis
Elko New Market,Scott
Elko New Market,Scott
Jordan,Scott
Prior Lake,Scott
Savage,Scott
Shakopee,Scott
Belle Plaine,Scott
Becker,Sherburne
Big Lake,Sherburne
Clear Lake,Sherburne
Elk River,Sherburne
Santiago,Sherburne
Zimmerman,Sherburne
Arlington,Sibley
Gaylord,Sibley
Gibbon,Sibley
Green Isle,Sibley
New Auburn,Sibley
Winthrop,Sibley
Henderson,Sibley
Kimball,Stearns
Saint Cloud,Stearns
Saint Cloud,Stearns
Saint Cloud,Stearns
Saint Cloud,Stearns
Albany,Stearns
Avon,Stearns
Belgrade,Stearns
Brooten,Stearns
Cold Spring,Stearns
Collegeville,Stearns
Elrosa,Stearns
Freeport,Stearns
Greenwald,Stearns
Holdingford,Stearns
Melrose,Stearns
New Munich,Stearns
Paynesville,Stearns
Richmond,Stearns
Rockville,Stearns
Roscoe,Stearns
Saint Cloud,Stearns
Saint Joseph,Stearns
Saint Stephen,Stearns
Saint Martin,Stearns
Sartell,Stearns
Sauk Centre,Stearns
Waite Park,Stearns
Saint Cloud,Stearns
Saint Cloud,Stearns
Saint Cloud,Stearns
Saint Cloud,Stearns
Saint Cloud,Stearns
Saint Cloud,Stearns
Medford,Steele
Owatonna,Steele
Blooming Prairie,Steele
Ellendale,Steele
Hope,Steele
Alberta,Stevens
Chokio,Stevens
Donnelly,Stevens
Hancock,Stevens
Morris,Stevens
Appleton,Swift
Benson,Swift
Clontarf,Swift
Danvers,Swift
Holloway,Swift
Kerkhoven,Swift
Murdock,Swift
Burtrum,Todd
Grey Eagle,Todd
Long Prairie,Todd
West Union,Todd
Bertha,Todd
Browerville,Todd
Clarissa,Todd
Eagle Bend,Todd
Hewitt,Todd
Staples,Todd
Browns Valley,Traverse
Dumont,Traverse
Wheaton,Traverse
Tintah,Traverse
Lake City,Wabasha
Elgin,Wabasha
Kellogg,Wabasha
Mazeppa,Wabasha
Millville,Wabasha
Plainview,Wabasha
Reads Landing,Wabasha
Wabasha,Wabasha
Zumbro Falls,Wabasha
Aldrich,Wadena
Menahga,Wadena
Sebeka,Wadena
Verndale,Wadena
Wadena,Wadena
Janesville,Waseca
New Richland,Waseca
Waldorf,Waseca
Waseca,Waseca
Afton,Washington
Bayport,Washington
Cottage Grove,Washington
Forest Lake,Washington
Hugo,Washington
Lake Elmo,Washington
Lakeland,Washington
Marine On Saint Croix,Washington
Newport,Washington
Saint Paul Park,Washington
Scandia,Washington
Stillwater,Washington
Stillwater,Washington
Willernie,Washington
Saint Paul,Washington
Saint Paul,Washington
Saint Paul,Washington
Saint Paul,Washington
Darfur,Watonwan
La Salle,Watonwan
Lewisville,Watonwan
Madelia,Watonwan
Saint James,Watonwan
Butterfield,Watonwan
Odin,Watonwan
Breckenridge,Wilkin
Campbell,Wilkin
Foxhome,Wilkin
Kent,Wilkin
Nashua,Wilkin
Rothsay,Wilkin
Wolverton,Wilkin
Altura,Winona
Dakota,Winona
Homer,Winona
Lewiston,Winona
Minnesota City,Winona
Rollingstone,Winona
Saint Charles,Winona
Utica,Winona
Winona,Winona
Stockton,Winona
Albertville,Wright
Annandale,Wright
Buffalo,Wright
Clearwater,Wright
Cokato,Wright
Delano,Wright
Hanover,Wright
Howard Lake,Wright
Maple Lake,Wright
Monticello,Wright
Montrose,Wright
Rockford,Wright
Saint Michael,Wright
Silver Creek,Wright
South Haven,Wright
Waverly,Wright
Maple Plain,Wright
Canby,Yellow Medicine
Clarkfield,Yellow Medicine
Echo,Yellow Medicine
Granite Falls,Yellow Medicine
Hanley Falls,Yellow Medicine
Porter,Yellow Medicine
Wood Lake,Yellow Medicine
Kirksville,Adair
Brashear,Adair
Gibbs,Adair
Greentop,Adair
Novinger,Adair
Amazonia,Andrew
Bolckow,Andrew
Cosby,Andrew
Fillmore,Andrew
Helena,Andrew
Rea,Andrew
Rosendale,Andrew
Savannah,Andrew
Saint Joseph,Andrew
Fairfax,Atchison
Rock Port,Atchison
Tarkio,Atchison
Watson,Atchison
Westboro,Atchison
Farber,Audrain
Laddonia,Audrain
Vandalia,Audrain
Benton City,Audrain
Martinsburg,Audrain
Mexico,Audrain
Rush Hill,Audrain
Thompson,Audrain
Wheaton,Barry
Butterfield,Barry
Cassville,Barry
Eagle Rock,Barry
Exeter,Barry
Golden,Barry
Monett,Barry
Purdy,Barry
Seligman,Barry
Shell Knob,Barry
Washburn,Barry
Golden City,Barton
Lamar,Barton
Liberal,Barton
Milford,Barton
Mindenmines,Barton
Adrian,Bates
Amoret,Bates
Amsterdam,Bates
Butler,Bates
Drexel,Bates
Foster,Bates
Hume,Bates
Rich Hill,Bates
Rockville,Bates
Cole Camp,Benton
Edwards,Benton
Ionia,Benton
Lincoln,Benton
Warsaw,Benton
Patton,Bollinger
Gipsy,Bollinger
Glenallen,Bollinger
Leopold,Bollinger
Marble Hill,Bollinger
Sedgewickville,Bollinger
Sturdivant,Bollinger
Zalma,Bollinger
Ashland,Boone
Hartsburg,Boone
Columbia,Boone
Columbia,Boone
Columbia,Boone
Columbia,Boone
Columbia,Boone
Columbia,Boone
Columbia,Boone
Columbia,Boone
Columbia,Boone
Columbia,Boone
Centralia,Boone
Hallsville,Boone
Harrisburg,Boone
Rocheport,Boone
Sturgeon,Boone
Mid Missouri,Boone
Agency,Buchanan
De Kalb,Buchanan
Easton,Buchanan
Faucett,Buchanan
Rushville,Buchanan
Saint Joseph,Buchanan
Saint Joseph,Buchanan
Saint Joseph,Buchanan
Saint Joseph,Buchanan
Saint Joseph,Buchanan
Saint Joseph,Buchanan
Saint Joseph,Buchanan
Poplar Bluff,Butler
Poplar Bluff,Butler
Broseley,Butler
Fagus,Butler
Fisk,Butler
Harviell,Butler
Neelyville,Butler
Qulin,Butler
Rombauer,Butler
Braymer,Caldwell
Breckenridge,Caldwell
Cowgill,Caldwell
Hamilton,Caldwell
Kidder,Caldwell
Kingston,Caldwell
Polo,Caldwell
Williamsburg,Callaway
Holts Summit,Callaway
Mokane,Callaway
New Bloomfield,Callaway
Portland,Callaway
Steedman,Callaway
Tebbetts,Callaway
Auxvasse,Callaway
Fulton,Callaway
Kingdom City,Callaway
Camdenton,Camden
Lake Ozark,Camden
Linn Creek,Camden
Osage Beach,Camden
Sunrise Beach,Camden
Climax Springs,Camden
Stoutland,Camden
Montreal,Camden
Macks Creek,Camden
Roach,Camden
Cape Girardeau,Cape Girardeau
Cape Girardeau,Cape Girardeau
Cape Girardeau,Cape Girardeau
Burfordville,Cape Girardeau
Daisy,Cape Girardeau
Delta,Cape Girardeau
Dutchtown,Cape Girardeau
Friedheim,Cape Girardeau
Gordonville,Cape Girardeau
Jackson,Cape Girardeau
Millersville,Cape Girardeau
Oak Ridge,Cape Girardeau
Old Appleton,Cape Girardeau
Pocahontas,Cape Girardeau
Whitewater,Cape Girardeau
Bogard,Carroll
Bosworth,Carroll
Carrollton,Carroll
De Witt,Carroll
Hale,Carroll
Norborne,Carroll
Stet,Carroll
Tina,Carroll
Ellsinore,Carter
Fremont,Carter
Grandin,Carter
Van Buren,Carter
Belton,Cass
Peculiar,Cass
Pleasant Hill,Cass
Raymore,Cass
Strasburg,Cass
Harrisonville,Cass
Archie,Cass
Cleveland,Cass
Creighton,Cass
East Lynne,Cass
Freeman,Cass
Garden City,Cass
El Dorado Springs,Cedar
Jerico Springs,Cedar
Caplinger Mills,Cedar
Stockton,Cedar
Mendon,Chariton
Rothville,Chariton
Sumner,Chariton
Brunswick,Chariton
Dalton,Chariton
Keytesville,Chariton
Salisbury,Chariton
Triplett,Chariton
Billings,Christian
Bruner,Christian
Chadwick,Christian
Chestnutridge,Christian
Clever,Christian
Garrison,Christian
Highlandville,Christian
Nixa,Christian
Oldfield,Christian
Ozark,Christian
Sparta,Christian
Spokane,Christian
Lead Hill,Christian
Alexandria,Clark
Kahoka,Clark
Luray,Clark
Revere,Clark
Saint Patrick,Clark
Wayland,Clark
Wyaconda,Clark
Excelsior Springs,Clay
Holt,Clay
Kearney,Clay
Liberty,Clay
Liberty,Clay
Missouri City,Clay
Mosby,Clay
Smithville,Clay
Kansas City,Clay
Kansas City,Clay
Kansas City,Clay
Kansas City,Clay
Kansas City,Clay
Kansas City,Clay
Kansas City,Clay
Kansas City,Clay
Kansas City,Clay
Kansas City,Clay
Kansas City,Clay
Kansas City,Clay
Kansas City,Clay
Kansas City,Clay
Cameron,Clinton
Gower,Clinton
Lathrop,Clinton
Plattsburg,Clinton
Trimble,Clinton
Turney,Clinton
Centertown,Cole
Eugene,Cole
Henley,Cole
Lohman,Cole
Russellville,Cole
Saint Thomas,Cole
Jefferson City,Cole
Jefferson City,Cole
Jefferson City,Cole
Jefferson City,Cole
Jefferson City,Cole
Jefferson City,Cole
Jefferson City,Cole
Jefferson City,Cole
Jefferson City,Cole
Jefferson City,Cole
Jefferson City,Cole
Prairie Home,Cooper
Boonville,Cooper
Bunceton,Cooper
Pilot Grove,Cooper
Wooldridge,Cooper
Blackwater,Cooper
Otterville,Cooper
Bourbon,Crawford
Cherryville,Crawford
Cook Sta,Crawford
Cuba,Crawford
Davisville,Crawford
Leasburg,Crawford
Steelville,Crawford
Wesco,Crawford
Arcola,Dade
Dadeville,Dade
Everton,Dade
Greenfield,Dade
Lockwood,Dade
South Greenfield,Dade
Long Lane,Dallas
Buffalo,Dallas
Louisburg,Dallas
Tunas,Dallas
Urbana,Dallas
Windyville,Dallas
Altamont,Daviess
Coffey,Daviess
Gallatin,Daviess
Gilman City,Daviess
Jameson,Daviess
Jamesport,Daviess
Lock Springs,Daviess
Pattonsburg,Daviess
Winston,Daviess
Amity,DeKalb
Clarksdale,DeKalb
Maysville,DeKalb
Osborn,DeKalb
Stewartsville,DeKalb
Union Star,DeKalb
Weatherby,DeKalb
Boss,Dent
Jadwin,Dent
Lake Spring,Dent
Lenox,Dent
Salem,Dent
Ava,Douglas
Drury,Douglas
Squires,Douglas
Vanzant,Douglas
Arbyrd,Dunklin
Cardwell,Dunklin
Clarkton,Dunklin
Gibson,Dunklin
Holcomb,Dunklin
Hornersville,Dunklin
Kennett,Dunklin
Malden,Dunklin
Rives,Dunklin
Senath,Dunklin
Whiteoak,Dunklin
Campbell,Dunklin
Beaufort,Franklin
Berger,Franklin
Catawissa,Franklin
Gerald,Franklin
Gray Summit,Franklin
Labadie,Franklin
Leslie,Franklin
Lonedell,Franklin
Luebbering,Franklin
New Haven,Franklin
Pacific,Franklin
Robertsville,Franklin
Saint Albans,Franklin
Saint Clair,Franklin
Stanton,Franklin
Sullivan,Franklin
Union,Franklin
Villa Ridge,Franklin
Washington,Franklin
Rosebud,Gasconade
Bland,Gasconade
Gasconade,Gasconade
Hermann,Gasconade
Morrison,Gasconade
Mount Sterling,Gasconade
Owensville,Gasconade
Albany,Gentry
Darlington,Gentry
Gentry,Gentry
King City,Gentry
Stanberry,Gentry
Mc Fall,Gentry
Ash Grove,Greene
Bois D Arc,Greene
Brookline,Greene
Fair Grove,Greene
Republic,Greene
Strafford,Greene
Turners,Greene
Walnut Grove,Greene
Willard,Greene
Springfield,Greene
Springfield,Greene
Springfield,Greene
Springfield,Greene
Springfield,Greene
Springfield,Greene
Springfield,Greene
Springfield,Greene
Springfield,Greene
Springfield,Greene
Springfield,Greene
Springfield,Greene
Springfield,Greene
Springfield,Greene
Springfield,Greene
Springfield,Greene
Galt,Grundy
Laredo,Grundy
Spickard,Grundy
Trenton,Grundy
Bethany,Harrison
Blythedale,Harrison
Eagleville,Harrison
Hatfield,Harrison
Martinsville,Harrison
New Hampton,Harrison
Ridgeway,Harrison
Cainsville,Harrison
Blairstown,Henry
Clinton,Henry
Deepwater,Henry
Montrose,Henry
Urich,Henry
Calhoun,Henry
Windsor,Henry
Cross Timbers,Hickory
Hermitage,Hickory
Pittsburg,Hickory
Preston,Hickory
Quincy,Hickory
Weaubleau,Hickory
Wheatland,Hickory
Craig,Holt
Forest City,Holt
Maitland,Holt
Mound City,Holt
Oregon,Holt
Armstrong,Howard
Fayette,Howard
Franklin,Howard
Glasgow,Howard
New Franklin,Howard
Mountain View,Howell
Caulfield,Howell
Brandsville,Howell
West Plains,Howell
Moody,Howell
Peace Valley,Howell
Pomona,Howell
Pottersville,Howell
Willow Springs,Howell
Annapolis,Iron
Arcadia,Iron
Belleview,Iron
Des Arc,Iron
Ironton,Iron
Middle Brook,Iron
Pilot Knob,Iron
Vulcan,Iron
Bixby,Iron
Viburnum,Iron
Lees Summit,Jackson
Blue Springs,Jackson
Blue Springs,Jackson
Blue Springs,Jackson
Buckner,Jackson
Grain Valley,Jackson
Grandview,Jackson
Greenwood,Jackson
Independence,Jackson
Independence,Jackson
Independence,Jackson
Independence,Jackson
Independence,Jackson
Independence,Jackson
Independence,Jackson
Independence,Jackson
Independence,Jackson
Lees Summit,Jackson
Lees Summit,Jackson
Lees Summit,Jackson
Levasy,Jackson
Lone Jack,Jackson
Oak Grove,Jackson
Lees Summit,Jackson
Lees Summit,Jackson
Lees Summit,Jackson
Sibley,Jackson
Kansas City,Jackson
Kansas City,Jackson
Kansas City,Jackson
Kansas City,Jackson
Kansas City,Jackson
Kansas City,Jackson
Kansas City,Jackson
Kansas City,Jackson
Kansas City,Jackson
Kansas City,Jackson
Kansas City,Jackson
Kansas City,Jackson
Kansas City,Jackson
Kansas City,Jackson
Kansas City,Jackson
Kansas City,Jackson
Kansas City,Jackson
Kansas City,Jackson
Kansas City,Jackson
Kansas City,Jackson
Kansas City,Jackson
Kansas City,Jackson
Kansas City,Jackson
Kansas City,Jackson
Kansas City,Jackson
Kansas City,Jackson
Kansas City,Jackson
Kansas City,Jackson
Kansas City,Jackson
Kansas City,Jackson
Kansas City,Jackson
Kansas City,Jackson
Kansas City,Jackson
Kansas City,Jackson
Kansas City,Jackson
Kansas City,Jackson
Kansas City,Jackson
Kansas City,Jackson
Kansas City,Jackson
Kansas City,Jackson
Kansas City,Jackson
Kansas City,Jackson
Kansas City,Jackson
Kansas City,Jackson
Kansas City,Jackson
Kansas City,Jackson
Kansas City,Jackson
Kansas City,Jackson
Jasper,Jasper
Joplin,Jasper
Joplin,Jasper
Joplin,Jasper
Joplin,Jasper
Alba,Jasper
Asbury,Jasper
Avilla,Jasper
Carl Junction,Jasper
Carterville,Jasper
Carthage,Jasper
Duenweg,Jasper
La Russell,Jasper
Neck City,Jasper
Oronogo,Jasper
Purcell,Jasper
Reeds,Jasper
Sarcoxie,Jasper
Webb City,Jasper
Arnold,Jefferson
Barnhart,Jefferson
Cedar Hill,Jefferson
Crystal City,Jefferson
De Soto,Jefferson
Dittmer,Jefferson
Festus,Jefferson
Fletcher,Jefferson
Grubville,Jefferson
Hematite,Jefferson
Herculaneum,Jefferson
High Ridge,Jefferson
Hillsboro,Jefferson
House Springs,Jefferson
Imperial,Jefferson
Kimmswick,Jefferson
Liguori,Jefferson
Mapaville,Jefferson
Morse Mill,Jefferson
Pevely,Jefferson
Centerview,Johnson
Holden,Johnson
Kingsville,Johnson
Warrensburg,Johnson
Chilhowee,Johnson
Leeton,Johnson
Whiteman Air Force Base,Johnson
Knob Noster,Johnson
Knox City,Knox
Newark,Knox
Novelty,Knox
Plevna,Knox
Baring,Knox
Edina,Knox
Hurdland,Knox
Eldridge,Laclede
Falcon,Laclede
Lebanon,Laclede
Lynchburg,Laclede
Conway,Laclede
Phillipsburg,Laclede
Alma,Lafayette
Bates City,Lafayette
Concordia,Lafayette
Corder,Lafayette
Dover,Lafayette
Higginsville,Lafayette
Lexington,Lafayette
Mayview,Lafayette
Napoleon,Lafayette
Odessa,Lafayette
Waverly,Lafayette
Wellington,Lafayette
Emma,Lafayette
Aurora,Lawrence
Freistatt,Lawrence
Halltown,Lawrence
Marionville,Lawrence
Miller,Lawrence
Mount Vernon,Lawrence
Pierce City,Lawrence
Stotts City,Lawrence
Verona,Lawrence
Canton,Lewis
Durham,Lewis
Ewing,Lewis
La Belle,Lewis
La Grange,Lewis
Lewistown,Lewis
Monticello,Lewis
Williamstown,Lewis
Elsberry,Lincoln
Foley,Lincoln
Hawk Point,Lincoln
Moscow Mills,Lincoln
Old Monroe,Lincoln
Olney,Lincoln
Silex,Lincoln
Troy,Lincoln
Truxton,Lincoln
Whiteside,Lincoln
Winfield,Lincoln
New Boston,Linn
Brookfield,Linn
Browning,Linn
Bucklin,Linn
Laclede,Linn
Linneus,Linn
Marceline,Linn
Meadville,Linn
Purdin,Linn
Chillicothe,Livingston
Chula,Livingston
Dawn,Livingston
Ludlow,Livingston
Mooresville,Livingston
Utica,Livingston
Wheeling,Livingston
Anderson,McDonald
Goodman,McDonald
Lanagan,McDonald
Noel,McDonald
Pineville,McDonald
Rocky Comfort,McDonald
South West City,McDonald
Tiff City,McDonald
Powell,McDonald
Anabel,Macon
Atlanta,Macon
Bevier,Macon
Callao,Macon
Elmer,Macon
Ethel,Macon
La Plata,Macon
Macon,Macon
New Cambria,Macon
Excello,Macon
Fredericktown,Madison
Marquand,Madison
Belle,Maries
Brinktown,Maries
Vichy,Maries
Vienna,Maries
Hannibal,Marion
Maywood,Marion
Palmyra,Marion
Philadelphia,Marion
Taylor,Marion
Mercer,Mercer
Princeton,Mercer
Brumley,Miller
Eldon,Miller
Kaiser,Miller
Olean,Miller
Saint Elizabeth,Miller
Tuscumbia,Miller
Ulman,Miller
Iberia,Miller
Anniston,Mississippi
Bertrand,Mississippi
Charleston,Mississippi
East Prairie,Mississippi
Wolf Island,Mississippi
Wyatt,Mississippi
California,Moniteau
Clarksburg,Moniteau
Fortuna,Moniteau
High Point,Moniteau
Jamestown,Moniteau
Latham,Moniteau
Mc Girk,Moniteau
Tipton,Moniteau
Monroe City,Monroe
Holliday,Monroe
Madison,Monroe
Paris,Monroe
Santa Fe,Monroe
Stoutsville,Monroe
Bellflower,Montgomery
High Hill,Montgomery
Jonesburg,Montgomery
Middletown,Montgomery
Montgomery City,Montgomery
New Florence,Montgomery
Wellsville,Montgomery
Rhineland,Montgomery
Barnett,Morgan
Gravois Mills,Morgan
Laurie,Morgan
Rocky Mount,Morgan
Stover,Morgan
Versailles,Morgan
Florence,Morgan
Syracuse,Morgan
Canalou,New Madrid
Catron,New Madrid
Gideon,New Madrid
Kewanee,New Madrid
Lilbourn,New Madrid
Marston,New Madrid
Matthews,New Madrid
Morehouse,New Madrid
New Madrid,New Madrid
Parma,New Madrid
Portageville,New Madrid
Risco,New Madrid
Tallapoosa,New Madrid
Diamond,Newton
Fairview,Newton
Granby,Newton
Neosho,Newton
Newtonia,Newton
Racine,Newton
Saginaw,Newton
Seneca,Newton
Stark City,Newton
Stella,Newton
Wentworth,Newton
Barnard,Nodaway
Burlington Junction,Nodaway
Clearmont,Nodaway
Clyde,Nodaway
Conception,Nodaway
Conception Junction,Nodaway
Elmo,Nodaway
Graham,Nodaway
Guilford,Nodaway
Hopkins,Nodaway
Maryville,Nodaway
Parnell,Nodaway
Pickering,Nodaway
Ravenwood,Nodaway
Skidmore,Nodaway
Alton,Oregon
Couch,Oregon
Koshkonong,Oregon
Myrtle,Oregon
Thayer,Oregon
Argyle,Osage
Bonnots Mill,Osage
Chamois,Osage
Freeburg,Osage
Koeltztown,Osage
Linn,Osage
Loose Creek,Osage
Meta,Osage
Westphalia,Osage
Bakersfield,Ozark
Brixey,Ozark
Dora,Ozark
Gainesville,Ozark
Hardenville,Ozark
Isabella,Ozark
Noble,Ozark
Pontiac,Ozark
Rockbridge,Ozark
Tecumseh,Ozark
Theodosia,Ozark
Thornfield,Ozark
Udall,Ozark
Wasola,Ozark
Zanoni,Ozark
Braggadocio,Pemiscot
Bragg City,Pemiscot
Caruthersville,Pemiscot
Cooter,Pemiscot
Deering,Pemiscot
Gobler,Pemiscot
Hayti,Pemiscot
Holland,Pemiscot
Steele,Pemiscot
Wardell,Pemiscot
Altenburg,Perry
Brazeau,Perry
Farrar,Perry
Frohna,Perry
Perryville,Perry
Mc Bride,Perry
Uniontown,Perry
Sedalia,Pettis
Sedalia,Pettis
Green Ridge,Pettis
Houstonia,Pettis
Hughesville,Pettis
La Monte,Pettis
Mora,Pettis
Smithton,Pettis
Rolla,Phelps
Rolla,Phelps
Rolla,Phelps
Beulah,Phelps
Duke,Phelps
Edgar Springs,Phelps
Jerome,Phelps
Newburg,Phelps
Saint James,Phelps
Annada,Pike
Bowling Green,Pike
Clarksville,Pike
Curryville,Pike
Eolia,Pike
Louisiana,Pike
Ashburn,Pike
Frankford,Pike
Camden Point,Platte
Farley,Platte
Platte City,Platte
Waldron,Platte
Weston,Platte
Riverside,Platte
Kansas City,Platte
Kansas City,Platte
Kansas City,Platte
Kansas City,Platte
Kansas City,Platte
Kansas City,Platte
Kansas City,Platte
Kansas City,Platte
Kansas City,Platte
Dearborn,Platte
Edgerton,Platte
Aldrich,Polk
Bolivar,Polk
Brighton,Polk
Dunnegan,Polk
Eudora,Polk
Fair Play,Polk
Flemington,Polk
Half Way,Polk
Humansville,Polk
Morrisville,Polk
Pleasant Hope,Polk
Polk,Polk
Crocker,Pulaski
Devils Elbow,Pulaski
Dixon,Pulaski
Fort Leonard Wood,Pulaski
Laquey,Pulaski
Richland,Pulaski
Waynesville,Pulaski
Saint Robert,Pulaski
Livonia,Putnam
Unionville,Putnam
Worthington,Putnam
Lucerne,Putnam
Powersville,Putnam
Center,Ralls
New London,Ralls
Perry,Ralls
Saverton,Ralls
Cairo,Randolph
Clark,Randolph
Clifton Hill,Randolph
Higbee,Randolph
Huntsville,Randolph
Jacksonville,Randolph
Moberly,Randolph
Renick,Randolph
Camden,Ray
Hardin,Ray
Henrietta,Ray
Lawson,Ray
Orrick,Ray
Rayville,Ray
Richmond,Ray
Black,Reynolds
Bunker,Reynolds
Centerville,Reynolds
Ellington,Reynolds
Lesterville,Reynolds
Redford,Reynolds
Reynolds,Reynolds
Briar,Ripley
Doniphan,Ripley
Fairdealing,Ripley
Gatewood,Ripley
Naylor,Ripley
Oxly,Ripley
Saint Charles,Saint Charles
Saint Charles,Saint Charles
Saint Charles,Saint Charles
Saint Charles,Saint Charles
Augusta,Saint Charles
Cottleville,Saint Charles
Defiance,Saint Charles
Flinthill,Saint Charles
Foristell,Saint Charles
New Melle,Saint Charles
O Fallon,Saint Charles
Lake Saint Louis,Saint Charles
O Fallon,Saint Charles
Portage Des Sioux,Saint Charles
Saint Peters,Saint Charles
Wentzville,Saint Charles
West Alton,Saint Charles
Appleton City,St. Clair
Collins,St. Clair
Lowry City,St. Clair
Osceola,St. Clair
Roscoe,St. Clair
Bloomsdale,Ste. Genevieve
Sainte Genevieve,Ste. Genevieve
Saint Mary,Ste. Genevieve
French Village,St. Francois
Valles Mines,St. Francois
Park Hills,St. Francois
Bismarck,St. Francois
Blackwell,St. Francois
Bonne Terre,St. Francois
Doe Run,St. Francois
Farmington,St. Francois
Knob Lick,St. Francois
Leadwood,St. Francois
Chesterfield,St. Louis
Chesterfield,St. Louis
Ballwin,St. Louis
Chesterfield,St. Louis
Ballwin,St. Louis
Ballwin,St. Louis
Ballwin,St. Louis
Eureka,St. Louis
Fenton,St. Louis
Florissant,St. Louis
Florissant,St. Louis
Florissant,St. Louis
Florissant,St. Louis
Glencoe,St. Louis
Grover,St. Louis
Hazelwood,St. Louis
Maryland Heights,St. Louis
Bridgeton,St. Louis
Earth City,St. Louis
Saint Ann,St. Louis
Valley Park,St. Louis
Fenton,St. Louis
Saint Louis,St. Louis
Saint Louis,St. Louis
Saint Louis,St. Louis
Saint Louis,St. Louis
Saint Louis,St. Louis
Saint Louis,St. Louis
Saint Louis,St. Louis
Saint Louis,St. Louis
Saint Louis,St. Louis
Saint Louis,St. Louis
Saint Louis,St. Louis
Saint Louis,St. Louis
Saint Louis,St. Louis
Saint Louis,St. Louis
Saint Louis,St. Louis
Saint Louis,St. Louis
Saint Louis,St. Louis
Saint Louis,St. Louis
Saint Louis,St. Louis
Saint Louis,St. Louis
Saint Louis,St. Louis
Saint Louis,St. Louis
Saint Louis,St. Louis
Saint Louis,St. Louis
Saint Louis,St. Louis
Saint Louis,St. Louis
Saint Louis,St. Louis
Saint Louis,St. Louis
Saint Louis,St. Louis
Saint Louis,St. Louis
Arrow Rock,Saline
Blackburn,Saline
Gilliam,Saline
Malta Bend,Saline
Marshall,Saline
Miami,Saline
Nelson,Saline
Slater,Saline
Sweet Springs,Saline
Coatsville,Schuyler
Downing,Schuyler
Glenwood,Schuyler
Lancaster,Schuyler
Queen City,Schuyler
Arbela,Scotland
Granger,Scotland
Gorin,Scotland
Memphis,Scotland
Rutledge,Scotland
Benton,Scott
Chaffee,Scott
Commerce,Scott
Kelso,Scott
Morley,Scott
Oran,Scott
Perkins,Scott
Scott City,Scott
Vanduser,Scott
Sikeston,Scott
Blodgett,Scott
Birch Tree,Shannon
Eminence,Shannon
Montier,Shannon
Winona,Shannon
Bethel,Shelby
Clarence,Shelby
Emden,Shelby
Hunnewell,Shelby
Lentner,Shelby
Leonard,Shelby
Shelbina,Shelby
Shelbyville,Shelby
Advance,Stoddard
Bell City,Stoddard
Brownwood,Stoddard
Bernie,Stoddard
Bloomfield,Stoddard
Dexter,Stoddard
Essex,Stoddard
Grayridge,Stoddard
Dudley,Stoddard
Puxico,Stoddard
Blue Eye,Stone
Cape Fair,Stone
Crane,Stone
Galena,Stone
Hurley,Stone
Lampe,Stone
Kimberling City,Stone
Ponce De Leon,Stone
Reeds Spring,Stone
Green Castle,Sullivan
Green City,Sullivan
Milan,Sullivan
Pollock,Sullivan
Winigan,Sullivan
Harris,Sullivan
Humphreys,Sullivan
Newtown,Sullivan
Bradleyville,Taney
Branson,Taney
Branson,Taney
Cedarcreek,Taney
Forsyth,Taney
Hollister,Taney
Hollister,Taney
Kirbyville,Taney
Kissee Mills,Taney
Point Lookout,Taney
Powersite,Taney
Protem,Taney
Ridgedale,Taney
Rockaway Beach,Taney
Rueter,Taney
Taneyville,Taney
Walnut Shade,Taney
Bucyrus,Texas
Elk Creek,Texas
Eunice,Texas
Hartshorn,Texas
Houston,Texas
Huggins,Texas
Licking,Texas
Plato,Texas
Raymondville,Texas
Roby,Texas
Solo,Texas
Success,Texas
Summersville,Texas
Yukon,Texas
Cabool,Texas
Bronaugh,Vernon
Deerfield,Vernon
Harwood,Vernon
Metz,Vernon
Milo,Vernon
Moundville,Vernon
Nevada,Vernon
Richards,Vernon
Schell City,Vernon
Sheldon,Vernon
Walker,Vernon
Dutzow,Warren
Marthasville,Warren
Treloar,Warren
Truesdale,Warren
Warrenton,Warren
Wright City,Warren
Richwoods,Washington
Belgrade,Washington
Cadet,Washington
Caledonia,Washington
Irondale,Washington
Mineral Point,Washington
Potosi,Washington
Tiff,Washington
Cascade,Wayne
Mc Gee,Wayne
Clubb,Wayne
Greenville,Wayne
Lodi,Wayne
Lowndes,Wayne
Mill Spring,Wayne
Patterson,Wayne
Piedmont,Wayne
Silva,Wayne
Wappapello,Wayne
Williamsville,Wayne
Diggins,Webster
Elkland,Webster
Fordland,Webster
Marshfield,Webster
Niangua,Webster
Rogersville,Webster
Seymour,Webster
Allendale,Worth
Denver,Worth
Grant City,Worth
Sheridan,Worth
Worth,Worth
Graff,Wright
Grovespring,Wright
Hartville,Wright
Macomb,Wright
Mansfield,Wright
Mountain Grove,Wright
Norwood,Wright
Saint Louis,St. Louis (city)
Saint Louis,St. Louis (city)
Saint Louis,St. Louis (city)
Saint Louis,St. Louis (city)
Saint Louis,St. Louis (city)
Saint Louis,St. Louis (city)
Saint Louis,St. Louis (city)
Saint Louis,St. Louis (city)
Saint Louis,St. Louis (city)
Saint Louis,St. Louis (city)
Saint Louis,St. Louis (city)
Saint Louis,St. Louis (city)
Saint Louis,St. Louis (city)
Saint Louis,St. Louis (city)
Saint Louis,St. Louis (city)
Saint Louis,St. Louis (city)
Saint Louis,St. Louis (city)
Saint Louis,St. Louis (city)
Saint Louis,St. Louis (city)
Saint Louis,St. Louis (city)
Saint Louis,St. Louis (city)
Saint Louis,St. Louis (city)
Saint Louis,St. Louis (city)
Saint Louis,St. Louis (city)
Saint Louis,St. Louis (city)
Saint Louis,St. Louis (city)
Saint Louis,St. Louis (city)
Saint Louis,St. Louis (city)
Saint Louis,St. Louis (city)
Saint Louis,St. Louis (city)
Saint Louis,St. Louis (city)
Saint Louis,St. Louis (city)
Saint Louis,St. Louis (city)
Saint Louis,St. Louis (city)
Saint Louis,St. Louis (city)
Saint Louis,St. Louis (city)
Saint Louis,St. Louis (city)
Saint Louis,St. Louis (city)
Natchez,Adams
Natchez,Adams
Natchez,Adams
Sibley,Adams
Washington,Adams
Corinth,Alcorn
Corinth,Alcorn
Glen,Alcorn
Rienzi,Alcorn
Crosby,Amite
Gloster,Amite
Liberty,Amite
Smithdale,Amite
Ethel,Attala
Kosciusko,Attala
Mc Adams,Attala
Mc Cool,Attala
Sallis,Attala
Ashland,Benton
Hickory Flat,Benton
Michigan City,Benton
Alligator,Bolivar
Benoit,Bolivar
Beulah,Bolivar
Boyle,Bolivar
Cleveland,Bolivar
Cleveland,Bolivar
Duncan,Bolivar
Gunnison,Bolivar
Merigold,Bolivar
Mound Bayou,Bolivar
Pace,Bolivar
Rosedale,Bolivar
Scott,Bolivar
Shaw,Bolivar
Shelby,Bolivar
Winstonville,Bolivar
Derma,Calhoun
Vardaman,Calhoun
Banner,Calhoun
Big Creek,Calhoun
Bruce,Calhoun
Calhoun City,Calhoun
Pittsboro,Calhoun
Slate Spring,Calhoun
Mantee,Calhoun
Carrollton,Carroll
Coila,Carroll
Mc Carley,Carroll
North Carrollton,Carroll
Sidon,Carroll
Vaiden,Carroll
Houlka,Chickasaw
Houston,Chickasaw
Okolona,Chickasaw
Trebloc,Chickasaw
Van Vleet,Chickasaw
Woodland,Chickasaw
Ackerman,Choctaw
French Camp,Choctaw
Weir,Choctaw
Hermanville,Claiborne
Pattison,Claiborne
Port Gibson,Claiborne
Enterprise,Clarke
Pachuta,Clarke
Quitman,Clarke
Shubuta,Clarke
Stonewall,Clarke
Cedarbluff,Clay
Montpelier,Clay
Pheba,Clay
West Point,Clay
Clarksdale,Coahoma
Coahoma,Coahoma
Farrell,Coahoma
Friars Point,Coahoma
Jonestown,Coahoma
Lula,Coahoma
Lyon,Coahoma
Sherard,Coahoma
Dublin,Coahoma
Rena Lara,Coahoma
Crystal Springs,Copiah
Gallman,Copiah
Georgetown,Copiah
Hazlehurst,Copiah
Wesson,Copiah
Mount Olive,Covington
Collins,Covington
Seminary,Covington
Hernando,DeSoto
Horn Lake,DeSoto
Lake Cormorant,DeSoto
Nesbit,DeSoto
Olive Branch,DeSoto
Southaven,DeSoto
Southaven,DeSoto
Walls,DeSoto
Walls,DeSoto
Hattiesburg,Forrest
Hattiesburg,Forrest
Hattiesburg,Forrest
Hattiesburg,Forrest
Hattiesburg,Forrest
Hattiesburg,Forrest
Brooklyn,Forrest
Petal,Forrest
Bude,Franklin
Mc Call Creek,Franklin
Meadville,Franklin
Roxie,Franklin
Lucedale,George
State Line,Greene
Leakesville,Greene
Mc Lain,Greene
Neely,Greene
Grenada,Grenada
Grenada,Grenada
Elliott,Grenada
Gore Springs,Grenada
Holcomb,Grenada
Tie Plant,Grenada
Bay Saint Louis,Hancock
Bay Saint Louis,Hancock
Stennis Space Center,Hancock
Diamondhead,Hancock
Stennis Space Center,Hancock
Kiln,Hancock
Lakeshore,Hancock
Pearlington,Hancock
Waveland,Hancock
Gulfport,Harrison
Gulfport,Harrison
Gulfport,Harrison
Gulfport,Harrison
Gulfport,Harrison
Gulfport,Harrison
Biloxi,Harrison
Biloxi,Harrison
Biloxi,Harrison
Biloxi,Harrison
Biloxi,Harrison
Biloxi,Harrison
Diberville,Harrison
Long Beach,Harrison
Pass Christian,Harrison
Saucier,Harrison
Bolton,Hinds
Clinton,Hinds
Clinton,Hinds
Clinton,Hinds
Edwards,Hinds
Raymond,Hinds
Terry,Hinds
Tougaloo,Hinds
Utica,Hinds
Jackson,Hinds
Jackson,Hinds
Jackson,Hinds
Jackson,Hinds
Jackson,Hinds
Jackson,Hinds
Jackson,Hinds
Jackson,Hinds
Jackson,Hinds
Jackson,Hinds
Jackson,Hinds
Jackson,Hinds
Jackson,Hinds
Jackson,Hinds
Jackson,Hinds
Jackson,Hinds
Jackson,Hinds
Jackson,Hinds
Jackson,Hinds
Jackson,Hinds
Byram,Hinds
Jackson,Hinds
Jackson,Hinds
Jackson,Hinds
Jackson,Hinds
Jackson,Hinds
Jackson,Hinds
Cruger,Holmes
Durant,Holmes
Goodman,Holmes
Lexington,Holmes
Pickens,Holmes
Tchula,Holmes
West,Holmes
Isola,Humphreys
Belzoni,Humphreys
Louise,Humphreys
Midnight,Humphreys
Silver City,Humphreys
Grace,Issaquena
Mayersville,Issaquena
Valley Park,Issaquena
Fulton,Itawamba
Golden,Itawamba
Mantachie,Itawamba
Nettleton,Itawamba
Tremont,Itawamba
Escatawpa,Jackson
Gautier,Jackson
Hurley,Jackson
Moss Point,Jackson
Moss Point,Jackson
Ocean Springs,Jackson
Vancleave,Jackson
Ocean Springs,Jackson
Pascagoula,Jackson
Pascagoula,Jackson
Pascagoula,Jackson
Pascagoula,Jackson
Pascagoula,Jackson
Louin,Jasper
Paulding,Jasper
Rose Hill,Jasper
Vossburg,Jasper
Bay Springs,Jasper
Heidelberg,Jasper
Moss,Jasper
Stringer,Jasper
Fayette,Jefferson
Harriston,Jefferson
Lorman,Jefferson
Union Church,Jefferson
Bassfield,Jefferson Davis
Carson,Jefferson Davis
Prentiss,Jefferson Davis
Eastabuchie,Jones
Ellisville,Jones
Laurel,Jones
Laurel,Jones
Laurel,Jones
Laurel,Jones
Moselle,Jones
Sandersville,Jones
Soso,Jones
De Kalb,Kemper
Porterville,Kemper
Preston,Kemper
Scooba,Kemper
Abbeville,Lafayette
Oxford,Lafayette
Taylor,Lafayette
Tula,Lafayette
University,Lafayette
Waterford,Lafayette
Toccopola,Lafayette
Paris,Lafayette
Lumberton,Lamar
Purvis,Lamar
Sumrall,Lamar
Meridian,Lauderdale
Meridian,Lauderdale
Meridian,Lauderdale
Meridian,Lauderdale
Meridian,Lauderdale
Meridian,Lauderdale
Meridian,Lauderdale
Bailey,Lauderdale
Collinsville,Lauderdale
Daleville,Lauderdale
Lauderdale,Lauderdale
Marion,Lauderdale
Toomsuba,Lauderdale
Newhebron,Lawrence
Jayess,Lawrence
Monticello,Lawrence
Oak Vale,Lawrence
Silver Creek,Lawrence
Sontag,Lawrence
Carthage,Leake
Lena,Leake
Madden,Leake
Thomastown,Leake
Walnut Grove,Leake
Tupelo,Lee
Tupelo,Lee
Tupelo,Lee
Tupelo,Lee
Baldwyn,Lee
Belden,Lee
Guntown,Lee
Mooreville,Lee
Plantersville,Lee
Saltillo,Lee
Shannon,Lee
Verona,Lee
Greenwood,Leflore
Greenwood,Leflore
Itta Bena,Leflore
Minter City,Leflore
Money,Leflore
Morgan City,Leflore
Schlater,Leflore
Swiftown,Leflore
Brookhaven,Lincoln
Brookhaven,Lincoln
Brookhaven,Lincoln
Bogue Chitto,Lincoln
Ruth,Lincoln
Columbus,Lowndes
Columbus,Lowndes
Columbus,Lowndes
Columbus,Lowndes
Columbus,Lowndes
Columbus,Lowndes
Artesia,Lowndes
Crawford,Lowndes
Mayhew,Lowndes
Steens,Lowndes
Camden,Madison
Canton,Madison
Flora,Madison
Madison,Madison
Madison,Madison
Ridgeland,Madison
Ridgeland,Madison
Sharon,Madison
Columbia,Marion
Sandy Hook,Marion
Foxworth,Marion
Kokomo,Marion
Byhalia,Marshall
Holly Springs,Marshall
Holly Springs,Marshall
Lamar,Marshall
Mount Pleasant,Marshall
Potts Camp,Marshall
Red Banks,Marshall
Victoria,Marshall
Amory,Monroe
Becker,Monroe
Gattman,Monroe
Greenwood Springs,Monroe
Smithville,Monroe
Aberdeen,Monroe
Caledonia,Monroe
Hamilton,Monroe
Prairie,Monroe
Duck Hill,Montgomery
Winona,Montgomery
Kilmichael,Montgomery
Stewart,Montgomery
Philadelphia,Neshoba
Union,Neshoba
Conehatta,Newton
Chunky,Newton
Decatur,Newton
Hickory,Newton
Lawrence,Newton
Little Rock,Newton
Newton,Newton
Macon,Noxubee
Shuqualak,Noxubee
Brooksville,Noxubee
Starkville,Oktibbeha
Starkville,Oktibbeha
Mississippi State,Oktibbeha
Sturgis,Oktibbeha
Batesville,Panola
Como,Panola
Courtland,Panola
Crenshaw,Panola
Pope,Panola
Sarah,Panola
Sardis,Panola
Carriere,Pearl River
Mc Neill,Pearl River
Nicholson,Pearl River
Picayune,Pearl River
Poplarville,Pearl River
Beaumont,Perry
New Augusta,Perry
Ovett,Perry
Richton,Perry
Chatawa,Pike
Fernwood,Pike
Mccomb,Pike
Mccomb,Pike
Magnolia,Pike
Osyka,Pike
Summit,Pike
Algoma,Pontotoc
Ecru,Pontotoc
Pontotoc,Pontotoc
Randolph,Pontotoc
Sherman,Pontotoc
Thaxton,Pontotoc
Booneville,Prentiss
Marietta,Prentiss
New Site,Prentiss
Wheeler,Prentiss
Belen,Quitman
Crowder,Quitman
Darling,Quitman
Falcon,Quitman
Lambert,Quitman
Marks,Quitman
Vance,Quitman
Brandon,Rankin
Brandon,Rankin
Brandon,Rankin
Florence,Rankin
Pelahatchie,Rankin
Piney Woods,Rankin
Puckett,Rankin
Sandhill,Rankin
Star,Rankin
Whitfield,Rankin
Pearl,Rankin
Richland,Rankin
Flowood,Rankin
Pearl,Rankin
Jackson,Rankin
Forest,Scott
Harperville,Scott
Hillsboro,Scott
Lake,Scott
Ludlow,Scott
Morton,Scott
Pulaski,Scott
Sebastopol,Scott
Anguilla,Sharkey
Panther Burn,Sharkey
Cary,Sharkey
Delta City,Sharkey
Rolling Fork,Sharkey
Braxton,Simpson
D Lo,Simpson
Harrisville,Simpson
Magee,Simpson
Mendenhall,Simpson
Pinola,Simpson
Mize,Smith
Raleigh,Smith
Taylorsville,Smith
Mc Henry,Stone
Perkinston,Stone
Wiggins,Stone
Doddsville,Sunflower
Drew,Sunflower
Parchman,Sunflower
Indianola,Sunflower
Indianola,Sunflower
Inverness,Sunflower
Moorhead,Sunflower
Rome,Sunflower
Ruleville,Sunflower
Sunflower,Sunflower
Cascilla,Tallahatchie
Charleston,Tallahatchie
Enid,Tallahatchie
Glendora,Tallahatchie
Philipp,Tallahatchie
Sumner,Tallahatchie
Swan Lake,Tallahatchie
Tippo,Tallahatchie
Tutwiler,Tallahatchie
Webb,Tallahatchie
Arkabutla,Tate
Coldwater,Tate
Independence,Tate
Senatobia,Tate
Blue Mountain,Tippah
Dumas,Tippah
Falkner,Tippah
Ripley,Tippah
Tiplersville,Tippah
Walnut,Tippah
Belmont,Tishomingo
Burnsville,Tishomingo
Dennis,Tishomingo
Iuka,Tishomingo
Tishomingo,Tishomingo
Dundee,Tunica
Robinsonville,Tunica
Sledge,Tunica
Tunica,Tunica
Etta,Union
Myrtle,Union
New Albany,Union
Blue Springs,Union
Tylertown,Walthall
Redwood,Warren
Vicksburg,Warren
Vicksburg,Warren
Vicksburg,Warren
Vicksburg,Warren
Greenville,Washington
Greenville,Washington
Greenville,Washington
Greenville,Washington
Arcola,Washington
Avon,Washington
Chatham,Washington
Glen Allan,Washington
Hollandale,Washington
Leland,Washington
Metcalfe,Washington
Stoneville,Washington
Wayside,Washington
Winterville,Washington
Buckatunna,Wayne
Clara,Wayne
Waynesboro,Wayne
Bellefontaine,Webster
Eupora,Webster
Maben,Webster
Mathiston,Webster
Walthall,Webster
Centreville,Wilkinson
Woodville,Wilkinson
Louisville,Winston
Noxapater,Winston
Coffeeville,Yalobusha
Oakland,Yalobusha
Scobey,Yalobusha
Tillatoba,Yalobusha
Water Valley,Yalobusha
Benton,Yazoo
Bentonia,Yazoo
Holly Bluff,Yazoo
Satartia,Yazoo
Tinsley,Yazoo
Vaughan,Yazoo
Yazoo City,Yazoo
Dell,Beaverhead
Dillon,Beaverhead
Glen,Beaverhead
Jackson,Beaverhead
Lima,Beaverhead
Polaris,Beaverhead
Wisdom,Beaverhead
Wise River,Beaverhead
Busby,Big Horn
Crow Agency,Big Horn
Decker,Big Horn
Garryowen,Big Horn
Hardin,Big Horn
Fort Smith,Big Horn
Lodge Grass,Big Horn
Pryor,Big Horn
Saint Xavier,Big Horn
Wyola,Big Horn
Chinook,Blaine
Harlem,Blaine
Hays,Blaine
Hogeland,Blaine
Lloyd,Blaine
Turner,Blaine
Zurich,Blaine
Radersburg,Broadwater
Toston,Broadwater
Townsend,Broadwater
Winston,Broadwater
Bearcreek,Carbon
Belfry,Carbon
Boyd,Carbon
Bridger,Carbon
Edgar,Carbon
Fromberg,Carbon
Joliet,Carbon
Red Lodge,Carbon
Roberts,Carbon
Roscoe,Carbon
Alzada,Carter
Boyes,Carter
Capitol,Carter
Ekalaka,Carter
Hammond,Carter
Great Falls,Cascade
Malmstrom Afb,Cascade
Great Falls,Cascade
Great Falls,Cascade
Great Falls,Cascade
Great Falls,Cascade
Belt,Cascade
Black Eagle,Cascade
Cascade,Cascade
Fort Shaw,Cascade
Monarch,Cascade
Neihart,Cascade
Sand Coulee,Cascade
Simms,Cascade
Stockett,Cascade
Sun River,Cascade
Ulm,Cascade
Vaughn,Cascade
Carter,Chouteau
Floweree,Chouteau
Fort Benton,Chouteau
Geraldine,Chouteau
Highwood,Chouteau
Loma,Chouteau
Big Sandy,Chouteau
Miles City,Custer
Ismay,Custer
Kinsey,Custer
Volborg,Custer
Flaxville,Daniels
Peerless,Daniels
Scobey,Daniels
Whitetail,Daniels
Richey,Dawson
Bloomfield,Dawson
Glendive,Dawson
Lindsay,Dawson
Anaconda,Deer Lodge
Warm Springs,Deer Lodge
Baker,Fallon
Plevna,Fallon
Willard,Fallon
Grass Range,Fergus
Buffalo,Fergus
Coffee Creek,Fergus
Denton,Fergus
Forest Grove,Fergus
Hilger,Fergus
Lewistown,Fergus
Moore,Fergus
Roy,Fergus
Winifred,Fergus
Kalispell,Flathead
Kalispell,Flathead
Kalispell,Flathead
Bigfork,Flathead
Columbia Falls,Flathead
Coram,Flathead
Essex,Flathead
Hungry Horse,Flathead
Kila,Flathead
Lake Mc Donald,Flathead
Lakeside,Flathead
Marion,Flathead
Martin City,Flathead
Olney,Flathead
Polebridge,Flathead
Somers,Flathead
West Glacier,Flathead
Whitefish,Flathead
Belgrade,Gallatin
Bozeman,Gallatin
Big Sky,Gallatin
Bozeman,Gallatin
Bozeman,Gallatin
Bozeman,Gallatin
Gallatin Gateway,Gallatin
Manhattan,Gallatin
Three Forks,Gallatin
West Yellowstone,Gallatin
Willow Creek,Gallatin
Bozeman,Gallatin
Bozeman,Gallatin
Mosby,Garfield
Sand Springs,Garfield
Brusett,Garfield
Cohagen,Garfield
Jordan,Garfield
Babb,Glacier
Browning,Glacier
Cut Bank,Glacier
East Glacier Park,Glacier
Lavina,Golden Valley
Ryegate,Golden Valley
Drummond,Granite
Hall,Granite
Philipsburg,Granite
Havre,Hill
Box Elder,Hill
Gildford,Hill
Hingham,Hill
Inverness,Hill
Kremlin,Hill
Rudyard,Hill
Basin,Jefferson
Boulder,Jefferson
Clancy,Jefferson
Jefferson City,Jefferson
Cardwell,Jefferson
Whitehall,Jefferson
Geyser,Judith Basin
Hobson,Judith Basin
Moccasin,Judith Basin
Raynesford,Judith Basin
Stanford,Judith Basin
Arlee,Lake
Charlo,Lake
Pablo,Lake
Polson,Lake
Ravalli,Lake
Ronan,Lake
Saint Ignatius,Lake
Big Arm,Lake
Dayton,Lake
Elmo,Lake
Proctor,Lake
Rollins,Lake
Augusta,Lewis and Clark
Helena,Lewis and Clark
Helena,Lewis and Clark
Helena,Lewis and Clark
Helena,Lewis and Clark
Helena,Lewis and Clark
Helena,Lewis and Clark
Helena,Lewis and Clark
Helena,Lewis and Clark
Canyon Creek,Lewis and Clark
East Helena,Lewis and Clark
Fort Harrison,Lewis and Clark
Lincoln,Lewis and Clark
Marysville,Lewis and Clark
Wolf Creek,Lewis and Clark
Chester,Liberty
Joplin,Liberty
Whitlash,Liberty
Eureka,Lincoln
Fortine,Lincoln
Libby,Lincoln
Rexford,Lincoln
Stryker,Lincoln
Trego,Lincoln
Troy,Lincoln
Brockway,McCone
Circle,McCone
Vida,McCone
Alder,Madison
Cameron,Madison
Ennis,Madison
Harrison,Madison
Mc Allister,Madison
Norris,Madison
Pony,Madison
Sheridan,Madison
Silver Star,Madison
Twin Bridges,Madison
Virginia City,Madison
Martinsdale,Meagher
Ringling,Meagher
White Sulphur Springs,Meagher
Alberton,Mineral
De Borgia,Mineral
Haugan,Mineral
Saint Regis,Mineral
Saltese,Mineral
Superior,Mineral
Missoula,Missoula
Missoula,Missoula
Missoula,Missoula
Missoula,Missoula
Missoula,Missoula
Missoula,Missoula
Missoula,Missoula
Missoula,Missoula
Bonner,Missoula
Clinton,Missoula
Condon,Missoula
Frenchtown,Missoula
Huson,Missoula
Lolo,Missoula
Milltown,Missoula
Seeley Lake,Missoula
Melstone,Musselshell
Musselshell,Musselshell
Roundup,Musselshell
Roundup,Musselshell
Clyde Park,Park
Cooke City,Park
Emigrant,Park
Gardiner,Park
Livingston,Park
Pray,Park
Silver Gate,Park
Springdale,Park
Wilsall,Park
Teigen,Petroleum
Winnett,Petroleum
Saco,Phillips
Dodson,Phillips
Loring,Phillips
Malta,Phillips
Whitewater,Phillips
Zortman,Phillips
Brady,Pondera
Conrad,Pondera
Dupuyer,Pondera
Heart Butte,Pondera
Ledger,Pondera
Valier,Pondera
Otter,Powder River
Biddle,Powder River
Broadus,Powder River
Olive,Powder River
Powderville,Powder River
Avon,Powell
Deer Lodge,Powell
Elliston,Powell
Garrison,Powell
Gold Creek,Powell
Helmville,Powell
Ovando,Powell
Fallon,Prairie
Mildred,Prairie
Terry,Prairie
Conner,Ravalli
Corvallis,Ravalli
Darby,Ravalli
Florence,Ravalli
Grantsdale,Ravalli
Hamilton,Ravalli
Pinesdale,Ravalli
Stevensville,Ravalli
Sula,Ravalli
Victor,Ravalli
Crane,Richland
Fairview,Richland
Lambert,Richland
Savage,Richland
Sidney,Richland
Wolf Point,Roosevelt
Bainville,Roosevelt
Brockton,Roosevelt
Culbertson,Roosevelt
Froid,Roosevelt
Homestead,Roosevelt
Poplar,Roosevelt
Ashland,Rosebud
Ashland,Rosebud
Birney,Rosebud
Ingomar,Rosebud
Lame Deer,Rosebud
Sumatra,Rosebud
Angela,Rosebud
Colstrip,Rosebud
Forsyth,Rosebud
Hathaway,Rosebud
Rosebud,Rosebud
Dixon,Sanders
Heron,Sanders
Hot Springs,Sanders
Lonepine,Sanders
Noxon,Sanders
Paradise,Sanders
Plains,Sanders
Thompson Falls,Sanders
Trout Creek,Sanders
Antelope,Sheridan
Dagmar,Sheridan
Medicine Lake,Sheridan
Outlook,Sheridan
Plentywood,Sheridan
Raymond,Sheridan
Redstone,Sheridan
Reserve,Sheridan
Westby,Sheridan
Butte,Silver Bow
Butte,Silver Bow
Butte,Silver Bow
Butte,Silver Bow
Divide,Silver Bow
Melrose,Silver Bow
Ramsay,Silver Bow
Butte,Silver Bow
Absarokee,Stillwater
Columbus,Stillwater
Fishtail,Stillwater
Molt,Stillwater
Nye,Stillwater
Park City,Stillwater
Rapelje,Stillwater
Reed Point,Stillwater
Big Timber,Sweet Grass
Greycliff,Sweet Grass
Mc Leod,Sweet Grass
Melville,Sweet Grass
Bynum,Teton
Choteau,Teton
Dutton,Teton
Fairfield,Teton
Pendroy,Teton
Power,Teton
Ethridge,Toole
Galata,Toole
Kevin,Toole
Lothair,Toole
Oilmont,Toole
Shelby,Toole
Sunburst,Toole
Sweet Grass,Toole
Bighorn,Treasure
Hysham,Treasure
Sanders,Treasure
Fort Peck,Valley
Frazer,Valley
Glasgow,Valley
Saint Marie,Valley
Glentana,Valley
Hinsdale,Valley
Larslan,Valley
Nashua,Valley
Opheim,Valley
Richland,Valley
Vandalia,Valley
Harlowton,Wheatland
Shawmut,Wheatland
Two Dot,Wheatland
Judith Gap,Wheatland
Wibaux,Wibaux
Acton,Yellowstone
Ballantine,Yellowstone
Broadview,Yellowstone
Custer,Yellowstone
Huntley,Yellowstone
Laurel,Yellowstone
Pompeys Pillar,Yellowstone
Shepherd,Yellowstone
Worden,Yellowstone
Billings,Yellowstone
Billings,Yellowstone
Billings,Yellowstone
Billings,Yellowstone
Billings,Yellowstone
Billings,Yellowstone
Billings,Yellowstone
Billings,Yellowstone
Billings,Yellowstone
Billings,Yellowstone
Billings,Yellowstone
Billings,Yellowstone
Billings,Yellowstone
Billings,Yellowstone
Alamance,Alamance
Altamahaw,Alamance
Burlington,Alamance
Burlington,Alamance
Burlington,Alamance
Elon,Alamance
Graham,Alamance
Haw River,Alamance
Mebane,Alamance
Saxapahaw,Alamance
Snow Camp,Alamance
Swepsonville,Alamance
Hiddenite,Alexander
Stony Point,Alexander
Taylorsville,Alexander
Ennice,Alleghany
Glade Valley,Alleghany
Piney Creek,Alleghany
Roaring Gap,Alleghany
Sparta,Alleghany
Ansonville,Anson
Lilesville,Anson
Mc Farlan,Anson
Morven,Anson
Peachland,Anson
Polkton,Anson
Wadesboro,Anson
Creston,Ashe
Crumpler,Ashe
Fleetwood,Ashe
Glendale Springs,Ashe
Grassy Creek,Ashe
Jefferson,Ashe
Lansing,Ashe
Laurel Springs,Ashe
Scottville,Ashe
Todd,Ashe
Warrensville,Ashe
West Jefferson,Ashe
Banner Elk,Avery
Crossnore,Avery
Elk Park,Avery
Linville,Avery
Minneapolis,Avery
Montezuma,Avery
Newland,Avery
Pineola,Avery
Plumtree,Avery
Aurora,Beaufort
Bath,Beaufort
Belhaven,Beaufort
Blounts Creek,Beaufort
Chocowinity,Beaufort
Edward,Beaufort
Pantego,Beaufort
Pinetown,Beaufort
Washington,Beaufort
Aulander,Bertie
Kelford,Bertie
Lewiston Woodville,Bertie
Roxobel,Bertie
Colerain,Bertie
Merry Hill,Bertie
Powellsville,Bertie
Windsor,Bertie
Bladenboro,Bladen
Dublin,Bladen
Elizabethtown,Bladen
Tar Heel,Bladen
White Oak,Bladen
Clarkton,Bladen
Council,Bladen
Kelly,Bladen
Wilmington,Brunswick
Ash,Brunswick
Bolivia,Brunswick
Leland,Brunswick
Longwood,Brunswick
Shallotte,Brunswick
Southport,Brunswick
Supply,Brunswick
Oak Island,Brunswick
Calabash,Brunswick
Sunset Beach,Brunswick
Ocean Isle Beach,Brunswick
Shallotte,Brunswick
Winnabow,Brunswick
Alexander,Buncombe
Arden,Buncombe
Barnardsville,Buncombe
Black Mountain,Buncombe
Candler,Buncombe
Enka,Buncombe
Fairview,Buncombe
Leicester,Buncombe
Montreat,Buncombe
Mills River,Buncombe
Ridgecrest,Buncombe
Skyland,Buncombe
Swannanoa,Buncombe
Weaverville,Buncombe
Asheville,Buncombe
Asheville,Buncombe
Asheville,Buncombe
Asheville,Buncombe
Asheville,Buncombe
Asheville,Buncombe
Asheville,Buncombe
Asheville,Buncombe
Asheville,Buncombe
Asheville,Buncombe
Asheville,Buncombe
Connelly Springs,Burke
Drexel,Burke
Glen Alpine,Burke
Hildebran,Burke
Jonas Ridge,Burke
Linville Falls,Burke
Morganton,Burke
Icard,Burke
Rutherford College,Burke
Morganton,Burke
Valdese,Burke
Concord,Cabarrus
Concord,Cabarrus
Concord,Cabarrus
Harrisburg,Cabarrus
Kannapolis,Cabarrus
Kannapolis,Cabarrus
Kannapolis,Cabarrus
Midland,Cabarrus
Mount Pleasant,Cabarrus
Collettsville,Caldwell
Granite Falls,Caldwell
Lenoir,Caldwell
Hudson,Caldwell
Lenoir,Caldwell
Patterson,Caldwell
Rhodhiss,Caldwell
Camden,Camden
Shiloh,Camden
South Mills,Camden
Atlantic,Carteret
Atlantic Beach,Carteret
Beaufort,Carteret
Cedar Island,Carteret
Davis,Carteret
Gloucester,Carteret
Harkers Island,Carteret
Marshallberg,Carteret
Morehead City,Carteret
Newport,Carteret
Salter Path,Carteret
Sealevel,Carteret
Smyrna,Carteret
Stacy,Carteret
Stella,Carteret
Williston,Carteret
Emerald Isle,Carteret
Blanch,Caswell
Leasburg,Caswell
Milton,Caswell
Pelham,Caswell
Prospect Hill,Caswell
Providence,Caswell
Yanceyville,Caswell
Hickory,Catawba
Hickory,Catawba
Hickory,Catawba
Catawba,Catawba
Claremont,Catawba
Conover,Catawba
Maiden,Catawba
Newton,Catawba
Sherrills Ford,Catawba
Terrell,Catawba
Bear Creek,Chatham
Bennett,Chatham
Bonlee,Chatham
Bynum,Chatham
Goldston,Chatham
Gulf,Chatham
Pittsboro,Chatham
Siler City,Chatham
Moncure,Chatham
Topton,Cherokee
Andrews,Cherokee
Culberson,Cherokee
Marble,Cherokee
Murphy,Cherokee
Edenton,Chowan
Tyner,Chowan
Brasstown,Clay
Hayesville,Clay
Warne,Clay
Boiling Springs,Cleveland
Casar,Cleveland
Earl,Cleveland
Fallston,Cleveland
Grover,Cleveland
Kings Mountain,Cleveland
Lattimore,Cleveland
Lawndale,Cleveland
Mooresboro,Cleveland
Polkville,Cleveland
Shelby,Cleveland
Shelby,Cleveland
Shelby,Cleveland
Waco,Cleveland
Bolton,Columbus
Brunswick,Columbus
Cerro Gordo,Columbus
Chadbourn,Columbus
Clarendon,Columbus
Delco,Columbus
Evergreen,Columbus
Fair Bluff,Columbus
Hallsboro,Columbus
Lake Waccamaw,Columbus
Nakina,Columbus
Riegelwood,Columbus
Tabor City,Columbus
Whiteville,Columbus
Bridgeton,Craven
Cove City,Craven
Dover,Craven
Ernul,Craven
Havelock,Craven
Cherry Point,Craven
New Bern,Craven
New Bern,Craven
New Bern,Craven
New Bern,Craven
New Bern,Craven
Vanceboro,Craven
Fayetteville,Cumberland
Fayetteville,Cumberland
Fayetteville,Cumberland
Fayetteville,Cumberland
Fayetteville,Cumberland
Fayetteville,Cumberland
Fort Bragg,Cumberland
Pope Army Airfield,Cumberland
Fayetteville,Cumberland
Fort Bragg,Cumberland
Fayetteville,Cumberland
Fayetteville,Cumberland
Fayetteville,Cumberland
Cumberland,Cumberland
Falcon,Cumberland
Godwin,Cumberland
Hope Mills,Cumberland
Linden,Cumberland
Spring Lake,Cumberland
Stedman,Cumberland
Wade,Cumberland
Aydlett,Currituck
Barco,Currituck
Coinjock,Currituck
Corolla,Currituck
Currituck,Currituck
Grandy,Currituck
Harbinger,Currituck
Jarvisburg,Currituck
Knotts Island,Currituck
Maple,Currituck
Moyock,Currituck
Point Harbor,Currituck
Poplar Branch,Currituck
Powells Point,Currituck
Shawboro,Currituck
Avon,Dare
Buxton,Dare
Frisco,Dare
Hatteras,Dare
Kill Devil Hills,Dare
Kitty Hawk,Dare
Manns Harbor,Dare
Manteo,Dare
Nags Head,Dare
Rodanthe,Dare
Salvo,Dare
Stumpy Point,Dare
Wanchese,Dare
Waves,Dare
Denton,Davidson
Lexington,Davidson
Lexington,Davidson
Lexington,Davidson
Lexington,Davidson
Linwood,Davidson
Southmont,Davidson
Thomasville,Davidson
Thomasville,Davidson
Wallburg,Davidson
Welcome,Davidson
Advance,Davie
Cooleemee,Davie
Mocksville,Davie
Calypso,Duplin
Faison,Duplin
Kenansville,Duplin
Warsaw,Duplin
Magnolia,Duplin
Rose Hill,Duplin
Teachey,Duplin
Wallace,Duplin
Albertson,Duplin
Beulaville,Duplin
Chinquapin,Duplin
Bahama,Durham
Rougemont,Durham
Durham,Durham
Durham,Durham
Durham,Durham
Durham,Durham
Durham,Durham
Durham,Durham
Durham,Durham
Durham,Durham
Durham,Durham
Durham,Durham
Durham,Durham
Durham,Durham
Durham,Durham
Durham,Durham
Durham,Durham
Durham,Durham
Rocky Mount,Edgecombe
Rocky Mount,Edgecombe
Battleboro,Edgecombe
Conetoe,Edgecombe
Macclesfield,Edgecombe
Pinetops,Edgecombe
Speed,Edgecombe
Tarboro,Edgecombe
Belews Creek,Forsyth
Bethania,Forsyth
Clemmons,Forsyth
Lewisville,Forsyth
Pfafftown,Forsyth
Rural Hall,Forsyth
Tobaccoville,Forsyth
Walkertown,Forsyth
Rural Hall,Forsyth
Rural Hall,Forsyth
Rural Hall,Forsyth
Winston-Salem,Forsyth
Winston-Salem,Forsyth
Winston-Salem,Forsyth
Winston-Salem,Forsyth
Winston-Salem,Forsyth
Winston-Salem,Forsyth
Winston-Salem,Forsyth
Winston-Salem,Forsyth
Winston-Salem,Forsyth
Winston-Salem,Forsyth
Winston-Salem,Forsyth
Winston-Salem,Forsyth
Winston-Salem,Forsyth
Winston-Salem,Forsyth
Winston-Salem,Forsyth
Winston-Salem,Forsyth
Winston-Salem,Forsyth
Winston-Salem,Forsyth
Winston-Salem,Forsyth
Winston-Salem,Forsyth
Winston-Salem,Forsyth
Winston-Salem,Forsyth
Winston-Salem,Forsyth
Winston-Salem,Forsyth
Winston-Salem,Forsyth
Kernersville,Forsyth
Kernersville,Forsyth
Bunn,Franklin
Franklinton,Franklin
Louisburg,Franklin
Youngsville,Franklin
Alexis,Gaston
Belmont,Gaston
Bessemer City,Gaston
Cherryville,Gaston
Cramerton,Gaston
Dallas,Gaston
Davidson,Gaston
Gastonia,Gaston
Gastonia,Gaston
Gastonia,Gaston
Gastonia,Gaston
Gastonia,Gaston
High Shoals,Gaston
Lowell,Gaston
Mc Adenville,Gaston
Mount Holly,Gaston
Stanley,Gaston
Corapeake,Gates
Eure,Gates
Gates,Gates
Gatesville,Gates
Hobbsville,Gates
Roduco,Gates
Sunbury,Gates
Fontana Dam,Graham
Robbinsville,Graham
Bullock,Granville
Butner,Granville
Creedmoor,Granville
Clayton,Granville
Clayton,Granville
Oxford,Granville
Roxboro,Granville
Stem,Granville
Stovall,Granville
Walstonburg,Greene
Hookerton,Greene
Maury,Greene
Snow Hill,Greene
Browns Summit,Guilford
Climax,Guilford
Colfax,Guilford
Gibsonville,Guilford
High Point,Guilford
High Point,Guilford
High Point,Guilford
High Point,Guilford
High Point,Guilford
High Point,Guilford
High Point,Guilford
Jamestown,Guilford
Julian,Guilford
Mc Leansville,Guilford
Oak Ridge,Guilford
Pleasant Garden,Guilford
Sedalia,Guilford
Stokesdale,Guilford
Summerfield,Guilford
Whitsett,Guilford
Greensboro,Guilford
Greensboro,Guilford
Greensboro,Guilford
Greensboro,Guilford
Greensboro,Guilford
Greensboro,Guilford
Greensboro,Guilford
Greensboro,Guilford
Greensboro,Guilford
Greensboro,Guilford
Greensboro,Guilford
Greensboro,Guilford
Greensboro,Guilford
Greensboro,Guilford
Greensboro,Guilford
Greensboro,Guilford
Greensboro,Guilford
Greensboro,Guilford
Greensboro,Guilford
Greensboro,Guilford
Greensboro,Guilford
Greensboro,Guilford
Greensboro,Guilford
Greensboro,Guilford
Greensboro,Guilford
Greensboro,Guilford
Greensboro,Guilford
Greensboro,Guilford
Enfield,Halifax
Halifax,Halifax
Hobgood,Halifax
Hollister,Halifax
Littleton,Halifax
Roanoke Rapids,Halifax
Scotland Neck,Halifax
Tillery,Halifax
Weldon,Halifax
Angier,Harnett
Buies Creek,Harnett
Coats,Harnett
Kipling,Harnett
Lillington,Harnett
Mamers,Harnett
Bunnlevel,Harnett
Dunn,Harnett
Dunn,Harnett
Erwin,Harnett
Olivia,Harnett
Canton,Haywood
Clyde,Haywood
Hazelwood,Haywood
Lake Junaluska,Haywood
Maggie Valley,Haywood
Waynesville,Haywood
Waynesville,Haywood
Bat Cave,Henderson
Dana,Henderson
East Flat Rock,Henderson
Edneyville,Henderson
Etowah,Henderson
Flat Rock,Henderson
Fletcher,Henderson
Gerton,Henderson
Hendersonville,Henderson
Horse Shoe,Henderson
Mountain Home,Henderson
Naples,Henderson
Tuxedo,Henderson
Zirconia,Henderson
Hendersonville,Henderson
Hendersonville,Henderson
Hendersonville,Henderson
Como,Hertford
Murfreesboro,Hertford
Ahoskie,Hertford
Cofield,Hertford
Harrellsville,Hertford
Winton,Hertford
Raeford,Hoke
Engelhard,Hyde
Fairfield,Hyde
Scranton,Hyde
Swanquarter,Hyde
Ocracoke,Hyde
Barium Springs,Iredell
Mooresville,Iredell
Mooresville,Iredell
Mount Mourne,Iredell
Troutman,Iredell
Statesville,Iredell
Harmony,Iredell
Olin,Iredell
Statesville,Iredell
Statesville,Iredell
Turnersburg,Iredell
Union Grove,Iredell
Scotts,Iredell
Balsam,Jackson
Cashiers,Jackson
Cullowhee,Jackson
Dillsboro,Jackson
Glenville,Jackson
Sylva,Jackson
Tuckasegee,Jackson
Webster,Jackson
Whittier,Jackson
Benson,Johnston
Clayton,Johnston
Four Oaks,Johnston
Kenly,Johnston
Micro,Johnston
Middlesex,Johnston
Pine Level,Johnston
Princeton,Johnston
Selma,Johnston
Smithfield,Johnston
Wilsons Mills,Johnston
Comfort,Jones
Maysville,Jones
Pollocksville,Jones
Trenton,Jones
Cumnock,Lee
Sanford,Lee
Sanford,Lee
Sanford,Lee
Broadway,Lee
Lemon Springs,Lee
Kinston,Lenoir
Kinston,Lenoir
Kinston,Lenoir
Kinston,Lenoir
Deep Run,Lenoir
La Grange,Lenoir
Pink Hill,Lenoir
Crouse,Lincoln
Denver,Lincoln
Iron Station,Lincoln
Lincolnton,Lincoln
Lincolnton,Lincoln
Vale,Lincoln
Glenwood,McDowell
Little Switzerland,McDowell
Marion,McDowell
Nebo,McDowell
Old Fort,McDowell
Franklin,Macon
Highlands,Macon
Franklin,Macon
Otto,Macon
Scaly Mountain,Macon
Hot Springs,Madison
Marshall,Madison
Mars Hill,Madison
Everetts,Martin
Hamilton,Martin
Hassell,Martin
Jamesville,Martin
Oak City,Martin
Parmele,Martin
Robersonville,Martin
Williamston,Martin
Cornelius,Mecklenburg
Davidson,Mecklenburg
Huntersville,Mecklenburg
Huntersville,Mecklenburg
Matthews,Mecklenburg
Matthews,Mecklenburg
Matthews,Mecklenburg
Newell,Mecklenburg
Paw Creek,Mecklenburg
Pineville,Mecklenburg
Charlotte,Mecklenburg
Charlotte,Mecklenburg
Charlotte,Mecklenburg
Charlotte,Mecklenburg
Charlotte,Mecklenburg
Charlotte,Mecklenburg
Charlotte,Mecklenburg
Charlotte,Mecklenburg
Charlotte,Mecklenburg
Charlotte,Mecklenburg
Charlotte,Mecklenburg
Charlotte,Mecklenburg
Charlotte,Mecklenburg
Charlotte,Mecklenburg
Charlotte,Mecklenburg
Charlotte,Mecklenburg
Charlotte,Mecklenburg
Charlotte,Mecklenburg
Charlotte,Mecklenburg
Charlotte,Mecklenburg
Charlotte,Mecklenburg
Charlotte,Mecklenburg
Charlotte,Mecklenburg
Charlotte,Mecklenburg
Charlotte,Mecklenburg
Charlotte,Mecklenburg
Charlotte,Mecklenburg
Charlotte,Mecklenburg
Charlotte,Mecklenburg
Charlotte,Mecklenburg
Charlotte,Mecklenburg
Charlotte,Mecklenburg
Charlotte,Mecklenburg
Charlotte,Mecklenburg
Charlotte,Mecklenburg
Charlotte,Mecklenburg
Charlotte,Mecklenburg
Charlotte,Mecklenburg
Charlotte,Mecklenburg
Charlotte,Mecklenburg
Charlotte,Mecklenburg
Charlotte,Mecklenburg
Charlotte,Mecklenburg
Charlotte,Mecklenburg
Charlotte,Mecklenburg
Charlotte,Mecklenburg
Charlotte,Mecklenburg
Charlotte,Mecklenburg
Charlotte,Mecklenburg
Charlotte,Mecklenburg
Charlotte,Mecklenburg
Charlotte,Mecklenburg
Charlotte,Mecklenburg
Charlotte,Mecklenburg
Charlotte,Mecklenburg
Charlotte,Mecklenburg
Charlotte,Mecklenburg
Charlotte,Mecklenburg
Charlotte,Mecklenburg
Charlotte,Mecklenburg
Charlotte,Mecklenburg
Charlotte,Mecklenburg
Charlotte,Mecklenburg
Charlotte,Mecklenburg
Charlotte,Mecklenburg
Charlotte,Mecklenburg
Charlotte,Mecklenburg
Charlotte,Mecklenburg
Charlotte,Mecklenburg
Charlotte,Mecklenburg
Charlotte,Mecklenburg
Charlotte,Mecklenburg
Charlotte,Mecklenburg
Bakersville,Mitchell
Penland,Mitchell
Spruce Pine,Mitchell
Biscoe,Montgomery
Candor,Montgomery
Ether,Montgomery
Mount Gilead,Montgomery
Star,Montgomery
Troy,Montgomery
Eagle Springs,Moore
Highfalls,Moore
Jackson Springs,Moore
Robbins,Moore
West End,Moore
Aberdeen,Moore
Cameron,Moore
Carthage,Moore
Lakeview,Moore
Pinehurst,Moore
Pinebluff,Moore
Pinehurst,Moore
Southern Pines,Moore
Southern Pines,Moore
Vass,Moore
Rocky Mount,Nash
Rocky Mount,Nash
Bailey,Nash
Rocky Mount,Nash
Castalia,Nash
Nashville,Nash
Red Oak,Nash
Sharpsburg,Nash
Spring Hope,Nash
Whitakers,Nash
Wilmington,New Hanover
Wilmington,New Hanover
Wilmington,New Hanover
Wilmington,New Hanover
Wilmington,New Hanover
Wilmington,New Hanover
Wilmington,New Hanover
Wilmington,New Hanover
Wilmington,New Hanover
Wilmington,New Hanover
Wilmington,New Hanover
Carolina Beach,New Hanover
Castle Hayne,New Hanover
Kure Beach,New Hanover
Wrightsville Beach,New Hanover
Conway,Northampton
Garysburg,Northampton
Gaston,Northampton
Henrico,Northampton
Jackson,Northampton
Margarettsville,Northampton
Pendleton,Northampton
Pleasant Hill,Northampton
Potecasi,Northampton
Rich Square,Northampton
Seaboard,Northampton
Severn,Northampton
Woodland,Northampton
Holly Ridge,Onslow
Sneads Ferry,Onslow
Hubert,Onslow
Jacksonville,Onslow
Jacksonville,Onslow
Camp Lejeune,Onslow
Tarawa Terrace,Onslow
Midway Park,Onslow
Mccutcheon Field,Onslow
Jacksonville,Onslow
Camp Lejeune,Onslow
Richlands,Onslow
Swansboro,Onslow
Cedar Grove,Orange
Efland,Orange
Hillsborough,Orange
Carrboro,Orange
Chapel Hill,Orange
Chapel Hill,Orange
Chapel Hill,Orange
Chapel Hill,Orange
Chapel Hill,Orange
Alliance,Pamlico
Arapahoe,Pamlico
Bayboro,Pamlico
Grantsboro,Pamlico
Hobucken,Pamlico
Lowland,Pamlico
Merritt,Pamlico
Oriental,Pamlico
Stonewall,Pamlico
Vandemere,Pamlico
Elizabeth City,Pasquotank
Elizabeth City,Pasquotank
Elizabeth City,Pasquotank
Atkinson,Pender
Burgaw,Pender
Currie,Pender
Hampstead,Pender
Maple Hill,Pender
Rocky Point,Pender
Willard,Pender
Belvidere,Perquimans
Hertford,Perquimans
Hertford,Perquimans
Winfall,Perquimans
Semora,Person
Hurdle Mills,Person
Roxboro,Person
Timberlake,Person
Bellarthur,Pitt
Bethel,Pitt
Falkland,Pitt
Farmville,Pitt
Fountain,Pitt
Greenville,Pitt
Greenville,Pitt
Greenville,Pitt
Greenville,Pitt
Grimesland,Pitt
Greenville,Pitt
Simpson,Pitt
Stokes,Pitt
Ayden,Pitt
Grifton,Pitt
Winterville,Pitt
Columbus,Polk
Lynn,Polk
Mill Spring,Polk
Saluda,Polk
Tryon,Polk
Asheboro,Randolph
Asheboro,Randolph
Asheboro,Randolph
Cedar Falls,Randolph
Franklinville,Randolph
Liberty,Randolph
Ramseur,Randolph
Randleman,Randolph
Seagrove,Randolph
Sophia,Randolph
Staley,Randolph
Trinity,Randolph
Cordova,Richmond
Ellerbe,Richmond
Hamlet,Richmond
Hoffman,Richmond
Marston,Richmond
Norman,Richmond
Rockingham,Richmond
Rockingham,Richmond
Charlotte,Robeson
Barnesville,Robeson
Fairmont,Robeson
Lumber Bridge,Robeson
Lumberton,Robeson
Lumberton,Robeson
Lumberton,Robeson
Marietta,Robeson
Maxton,Robeson
Orrum,Robeson
Parkton,Robeson
Pembroke,Robeson
Proctorville,Robeson
Red Springs,Robeson
Rex,Robeson
Rowland,Robeson
Saint Pauls,Robeson
Shannon,Robeson
Madison,Rockingham
Mayodan,Rockingham
Stoneville,Rockingham
Eden,Rockingham
Eden,Rockingham
Reidsville,Rockingham
Reidsville,Rockingham
Ruffin,Rockingham
Wentworth,Rockingham
Cleveland,Rowan
Woodleaf,Rowan
China Grove,Rowan
East Spencer,Rowan
Faith,Rowan
Gold Hill,Rowan
Granite Quarry,Rowan
Landis,Rowan
Mount Ulla,Rowan
Rockwell,Rowan
Salisbury,Rowan
Salisbury,Rowan
Salisbury,Rowan
Salisbury,Rowan
Spencer,Rowan
Bostic,Rutherford
Caroleen,Rutherford
Cliffside,Rutherford
Ellenboro,Rutherford
Forest City,Rutherford
Harris,Rutherford
Henrietta,Rutherford
Rutherfordton,Rutherford
Spindale,Rutherford
Union Mills,Rutherford
Chimney Rock,Rutherford
Lake Lure,Rutherford
Autryville,Sampson
Clinton,Sampson
Clinton,Sampson
Newton Grove,Sampson
Roseboro,Sampson
Salemburg,Sampson
Turkey,Sampson
Garland,Sampson
Harrells,Sampson
Ivanhoe,Sampson
Gibson,Scotland
Laurel Hill,Scotland
Laurinburg,Scotland
Laurinburg,Scotland
Wagram,Scotland
Albemarle,Stanly
Albemarle,Stanly
Badin,Stanly
Locust,Stanly
Misenheimer,Stanly
New London,Stanly
Norwood,Stanly
Oakboro,Stanly
Richfield,Stanly
Stanfield,Stanly
Danbury,Stokes
Germanton,Stokes
King,Stokes
Lawsonville,Stokes
Pine Hall,Stokes
Pinnacle,Stokes
Sandy Ridge,Stokes
Walnut Cove,Stokes
Ararat,Surry
Dobson,Surry
Lowgap,Surry
Mount Airy,Surry
White Plains,Surry
Pilot Mountain,Surry
Siloam,Surry
Toast,Surry
Westfield,Surry
Elkin,Surry
State Road,Surry
Almond,Swain
Bryson City,Swain
Cherokee,Swain
Balsam Grove,Transylvania
Brevard,Transylvania
Cedar Mountain,Transylvania
Lake Toxaway,Transylvania
Penrose,Transylvania
Pisgah Forest,Transylvania
Rosman,Transylvania
Sapphire,Transylvania
Columbia,Tyrrell
Indian Trail,Union
Marshville,Union
Mineral Springs,Union
Monroe,Union
Monroe,Union
Monroe,Union
Waxhaw,Union
Wingate,Union
Henderson,Vance
Henderson,Vance
Kittrell,Vance
Manson,Vance
Middleburg,Vance
Townsville,Vance
Apex,Wake
Cary,Wake
Cary,Wake
Cary,Wake
Cary,Wake
Cary,Wake
Apex,Wake
Fuquay Varina,Wake
Garner,Wake
Apex,Wake
Holly Springs,Wake
Knightdale,Wake
Morrisville,Wake
New Hill,Wake
Rolesville,Wake
Wake Forest,Wake
Wake Forest,Wake
Wendell,Wake
Willow Spring,Wake
Zebulon,Wake
Raleigh,Wake
Raleigh,Wake
Raleigh,Wake
Raleigh,Wake
Raleigh,Wake
Raleigh,Wake
Raleigh,Wake
Raleigh,Wake
Raleigh,Wake
Raleigh,Wake
Raleigh,Wake
Raleigh,Wake
Raleigh,Wake
Raleigh,Wake
Raleigh,Wake
Raleigh,Wake
Raleigh,Wake
Raleigh,Wake
Raleigh,Wake
Raleigh,Wake
Raleigh,Wake
Raleigh,Wake
Raleigh,Wake
Raleigh,Wake
Raleigh,Wake
Raleigh,Wake
Raleigh,Wake
Raleigh,Wake
Raleigh,Wake
Raleigh,Wake
Raleigh,Wake
Raleigh,Wake
Raleigh,Wake
Raleigh,Wake
Raleigh,Wake
Raleigh,Wake
Raleigh,Wake
Raleigh,Wake
Raleigh,Wake
Raleigh,Wake
Raleigh,Wake
Raleigh,Wake
Raleigh,Wake
Raleigh,Wake
Macon,Warren
Norlina,Warren
Ridgeway,Warren
Vaughan,Warren
Warrenton,Warren
Wise,Warren
Creswell,Washington
Plymouth,Washington
Roper,Washington
Blowing Rock,Watauga
Boone,Watauga
Boone,Watauga
Deep Gap,Watauga
Sugar Grove,Watauga
Valle Crucis,Watauga
Vilas,Watauga
Zionville,Watauga
Goldsboro,Wayne
Goldsboro,Wayne
Goldsboro,Wayne
Goldsboro,Wayne
Goldsboro,Wayne
Fremont,Wayne
Pikeville,Wayne
Dudley,Wayne
Mount Olive,Wayne
Seven Springs,Wayne
Boomer,Wilkes
Ferguson,Wilkes
Hays,Wilkes
Mc Grady,Wilkes
Millers Creek,Wilkes
Moravian Falls,Wilkes
North Wilkesboro,Wilkes
North Wilkesboro,Wilkes
Purlear,Wilkes
Roaring River,Wilkes
Ronda,Wilkes
Thurmond,Wilkes
Traphill,Wilkes
Wilkesboro,Wilkes
Black Creek,Wilson
Elm City,Wilson
Lucama,Wilson
Saratoga,Wilson
Sims,Wilson
Stantonsburg,Wilson
Wilson,Wilson
Wilson,Wilson
Wilson,Wilson
Wilson,Wilson
Boonville,Yadkin
East Bend,Yadkin
Hamptonville,Yadkin
Yadkinville,Yadkin
Jonesville,Yadkin
Burnsville,Yancey
Green Mountain,Yancey
Micaville,Yancey
Hettinger,Adams
Reeder,Adams
Fingal,Barnes
Kathryn,Barnes
Nome,Barnes
Oriska,Barnes
Pillsbury,Barnes
Valley City,Barnes
Dazey,Barnes
Litchville,Barnes
Rogers,Barnes
Sanborn,Barnes
Wimbledon,Barnes
Esmond,Benson
Fort Totten,Benson
Knox,Benson
Leeds,Benson
Maddock,Benson
Minnewaukan,Benson
Oberon,Benson
Saint Michael,Benson
Tokio,Benson
Warwick,Benson
York,Benson
Fairfield,Billings
Medora,Billings
Bottineau,Bottineau
Willow City,Bottineau
Antler,Bottineau
Kramer,Bottineau
Lansford,Bottineau
Maxbass,Bottineau
Newburg,Bottineau
Souris,Bottineau
Westhope,Bottineau
Bowman,Bowman
Rhame,Bowman
Scranton,Bowman
Bowbells,Burke
Columbus,Burke
Flaxton,Burke
Lignite,Burke
Portal,Burke
Powers Lake,Burke
Regan,Burleigh
Wing,Burleigh
Bismarck,Burleigh
Bismarck,Burleigh
Bismarck,Burleigh
Bismarck,Burleigh
Bismarck,Burleigh
Bismarck,Burleigh
Bismarck,Burleigh
Baldwin,Burleigh
Driscoll,Burleigh
Menoken,Burleigh
Moffit,Burleigh
Sterling,Burleigh
Absaraka,Cass
Amenia,Cass
Argusville,Cass
Arthur,Cass
Ayr,Cass
Buffalo,Cass
Casselton,Cass
Davenport,Cass
Erie,Cass
Gardner,Cass
Grandin,Cass
Harwood,Cass
Horace,Cass
Hunter,Cass
Kindred,Cass
Leonard,Cass
Mapleton,Cass
Page,Cass
Tower City,Cass
West Fargo,Cass
Wheatland,Cass
Fargo,Cass
Fargo,Cass
Fargo,Cass
Fargo,Cass
Fargo,Cass
Fargo,Cass
Fargo,Cass
Fargo,Cass
Fargo,Cass
Fargo,Cass
Fargo,Cass
Fargo,Cass
Fargo,Cass
Hannah,Cavalier
Langdon,Cavalier
Maida,Cavalier
Milton,Cavalier
Osnabrock,Cavalier
Wales,Cavalier
Alsen,Cavalier
Calvin,Cavalier
Munich,Cavalier
Nekoma,Cavalier
Sarles,Cavalier
Ellendale,Dickey
Forbes,Dickey
Fullerton,Dickey
Oakes,Dickey
Crosby,Divide
Noonan,Divide
Ambrose,Divide
Fortuna,Divide
Dodge,Dunn
Dunn Center,Dunn
Halliday,Dunn
Killdeer,Dunn
Manning,Dunn
Marshall,Dunn
New Rockford,Eddy
Sheyenne,Eddy
Braddock,Emmons
Hague,Emmons
Hazelton,Emmons
Kintyre,Emmons
Linton,Emmons
Strasburg,Emmons
Carrington,Foster
Glenfield,Foster
Grace City,Foster
Mchenry,Foster
Beach,Golden Valley
Golva,Golden Valley
Sentinel Butte,Golden Valley
Grand Forks,Grand Forks
Grand Forks,Grand Forks
Grand Forks,Grand Forks
Grand Forks Afb,Grand Forks
Grand Forks Afb,Grand Forks
Grand Forks,Grand Forks
Grand Forks,Grand Forks
Grand Forks,Grand Forks
Arvilla,Grand Forks
Emerado,Grand Forks
Gilby,Grand Forks
Inkster,Grand Forks
Larimore,Grand Forks
Manvel,Grand Forks
Mekinock,Grand Forks
Niagara,Grand Forks
Northwood,Grand Forks
Reynolds,Grand Forks
Thompson,Grand Forks
Carson,Grant
Elgin,Grant
New Leipzig,Grant
Raleigh,Grant
Shields,Grant
Binford,Griggs
Cooperstown,Griggs
Hannaford,Griggs
Jessie,Griggs
Sutton,Griggs
Mott,Hettinger
New England,Hettinger
Regent,Hettinger
Dawson,Kidder
Pettibone,Kidder
Robinson,Kidder
Steele,Kidder
Tappen,Kidder
Tuttle,Kidder
Berlin,LaMoure
Dickey,LaMoure
Edgeley,LaMoure
Jud,LaMoure
Kulm,LaMoure
Lamoure,LaMoure
Marion,LaMoure
Verona,LaMoure
Fredonia,Logan
Gackle,Logan
Napoleon,Logan
Anamoose,McHenry
Balfour,McHenry
Bantry,McHenry
Deering,McHenry
Drake,McHenry
Granville,McHenry
Karlsruhe,McHenry
Norwich,McHenry
Towner,McHenry
Upham,McHenry
Velva,McHenry
Voltaire,McHenry
Ashley,McIntosh
Lehr,McIntosh
Wishek,McIntosh
Zeeland,McIntosh
Grassy Butte,McKenzie
Mandaree,McKenzie
Alexander,McKenzie
Arnegard,McKenzie
Cartwright,McKenzie
Keene,McKenzie
Watford City,McKenzie
Coleharbor,McLean
Garrison,McLean
Mercer,McLean
Riverdale,McLean
Turtle Lake,McLean
Underwood,McLean
Washburn,McLean
Wilton,McLean
Benedict,McLean
Butte,McLean
Max,McLean
Roseglen,McLean
Ruso,McLean
Beulah,Mercer
Golden Valley,Mercer
Hazen,Mercer
Stanton,Mercer
Zap,Mercer
Almont,Morton
Flasher,Morton
Mandan,Morton
New Salem,Morton
Saint Anthony,Morton
Glen Ullin,Morton
Hebron,Morton
New Town,Mountrail
Palermo,Mountrail
Parshall,Mountrail
Plaza,Mountrail
Ross,Mountrail
Stanley,Mountrail
White Earth,Mountrail
Aneta,Nelson
Dahlen,Nelson
Mcville,Nelson
Michigan,Nelson
Petersburg,Nelson
Lakota,Nelson
Pekin,Nelson
Tolna,Nelson
Center,Oliver
Bathgate,Pembina
Cavalier,Pembina
Crystal,Pembina
Drayton,Pembina
Glasston,Pembina
Hamilton,Pembina
Hensel,Pembina
Mountain,Pembina
Neche,Pembina
Pembina,Pembina
Saint Thomas,Pembina
Walhalla,Pembina
Balta,Pierce
Rugby,Pierce
Wolford,Pierce
Devils Lake,Ramsey
Brocket,Ramsey
Churchs Ferry,Ramsey
Crary,Ramsey
Edmore,Ramsey
Hampden,Ramsey
Lawton,Ramsey
Penn,Ramsey
Starkweather,Ramsey
Webster,Ramsey
Enderlin,Ransom
Fort Ransom,Ransom
Lisbon,Ransom
Mcleod,Ransom
Sheldon,Ransom
Glenburn,Renville
Mohall,Renville
Sherwood,Renville
Tolley,Renville
Abercrombie,Richland
Barney,Richland
Christine,Richland
Colfax,Richland
Fairmount,Richland
Hankinson,Richland
Lidgerwood,Richland
Mantador,Richland
Mooreton,Richland
Wahpeton,Richland
Wahpeton,Richland
Wahpeton,Richland
Walcott,Richland
Wyndmere,Richland
Agate,Rolette
Belcourt,Rolette
Dunseith,Rolette
Mylo,Rolette
Rolette,Rolette
Rolla,Rolette
Saint John,Rolette
Cayuga,Sargent
Cogswell,Sargent
Forman,Sargent
Gwinner,Sargent
Havana,Sargent
Milnor,Sargent
Rutland,Sargent
Stirum,Sargent
Denhoff,Sheridan
Goodrich,Sheridan
Mcclusky,Sheridan
Martin,Sheridan
Cannon Ball,Sioux
Fort Yates,Sioux
Selfridge,Sioux
Solen,Sioux
Amidon,Slope
Marmarth,Slope
Dickinson,Stark
Dickinson,Stark
Belfield,Stark
Gladstone,Stark
Lefor,Stark
Richardton,Stark
South Heart,Stark
Taylor,Stark
Hope,Steele
Luverne,Steele
Finley,Steele
Sharon,Steele
Jamestown,Stutsman
Jamestown,Stutsman
Jamestown,Stutsman
Buchanan,Stutsman
Cleveland,Stutsman
Courtenay,Stutsman
Kensal,Stutsman
Medina,Stutsman
Montpelier,Stutsman
Pingree,Stutsman
Spiritwood,Stutsman
Streeter,Stutsman
Woodworth,Stutsman
Ypsilanti,Stutsman
Bisbee,Towner
Cando,Towner
Egeland,Towner
Hansboro,Towner
Perth,Towner
Rocklake,Towner
Blanchard,Traill
Clifford,Traill
Galesburg,Traill
Hillsboro,Traill
Buxton,Traill
Caledonia,Traill
Cummings,Traill
Hatton,Traill
Mayville,Traill
Portland,Traill
Adams,Walsh
Edinburg,Walsh
Fairdale,Walsh
Fordville,Walsh
Forest River,Walsh
Grafton,Walsh
Hoople,Walsh
Lankin,Walsh
Minto,Walsh
Park River,Walsh
Pisek,Walsh
Minot,Ward
Minot,Ward
Minot,Ward
Minot Afb,Ward
Minot Afb,Ward
Minot,Ward
Berthold,Ward
Burlington,Ward
Carpio,Ward
Des Lacs,Ward
Donnybrook,Ward
Douglas,Ward
Kenmare,Ward
Makoti,Ward
Ryder,Ward
Sawyer,Ward
Surrey,Ward
Harvey,Wells
Bowdon,Wells
Cathay,Wells
Chaseley,Wells
Fessenden,Wells
Hurdsfield,Wells
Sykeston,Wells
Mcgregor,Williams
Wildrose,Williams
Williston,Williams
Williston,Williams
Williston,Williams
Alamo,Williams
Epping,Williams
Grenora,Williams
Ray,Williams
Tioga,Williams
Trenton,Williams
Zahl,Williams
Hastings,Adams
Hastings,Adams
Ayr,Adams
Holstein,Adams
Juniata,Adams
Kenesaw,Adams
Roseland,Adams
Elgin,Antelope
Brunswick,Antelope
Clearwater,Antelope
Neligh,Antelope
Oakdale,Antelope
Orchard,Antelope
Royal,Antelope
Arthur,Arthur
Harrisburg,Banner
Brewster,Blaine
Dunning,Blaine
Purdum,Blaine
Albion,Boone
Cedar Rapids,Boone
Petersburg,Boone
Primrose,Boone
Saint Edward,Boone
Alliance,Box Butte
Hemingford,Box Butte
Bristow,Boyd
Butte,Boyd
Lynch,Boyd
Naper,Boyd
Spencer,Boyd
Ainsworth,Brown
Johnstown,Brown
Long Pine,Brown
Amherst,Buffalo
Elm Creek,Buffalo
Gibbon,Buffalo
Kearney,Buffalo
Kearney,Buffalo
Kearney,Buffalo
Kearney,Buffalo
Miller,Buffalo
Odessa,Buffalo
Pleasanton,Buffalo
Ravenna,Buffalo
Riverdale,Buffalo
Shelton,Buffalo
Craig,Burt
Decatur,Burt
Lyons,Burt
Oakland,Burt
Tekamah,Burt
Abie,Butler
Bruno,Butler
Linwood,Butler
Bellwood,Butler
Brainard,Butler
David City,Butler
Dwight,Butler
Rising City,Butler
Surprise,Butler
Ulysses,Butler
Cedar Creek,Cass
Louisville,Cass
Plattsmouth,Cass
South Bend,Cass
Alvo,Cass
Avoca,Cass
Eagle,Cass
Elmwood,Cass
Greenwood,Cass
Manley,Cass
Murdock,Cass
Murray,Cass
Nehawka,Cass
Union,Cass
Weeping Water,Cass
Belden,Cedar
Coleridge,Cedar
Fordyce,Cedar
Hartington,Cedar
Laurel,Cedar
Magnet,Cedar
Randolph,Cedar
Saint Helena,Cedar
Wynot,Cedar
Champion,Chase
Enders,Chase
Imperial,Chase
Wauneta,Chase
Elsmere,Cherry
Valentine,Cherry
Cody,Cherry
Crookston,Cherry
Kilgore,Cherry
Merriman,Cherry
Nenzel,Cherry
Sparks,Cherry
Wood Lake,Cherry
Dalton,Cheyenne
Gurley,Cheyenne
Lodgepole,Cheyenne
Potter,Cheyenne
Sidney,Cheyenne
Sidney,Cheyenne
Ong,Clay
Clay Center,Clay
Deweese,Clay
Edgar,Clay
Fairfield,Clay
Glenvil,Clay
Harvard,Clay
Inland,Clay
Saronville,Clay
Sutton,Clay
Trumbull,Clay
Clarkson,Colfax
Howells,Colfax
Leigh,Colfax
Rogers,Colfax
Schuyler,Colfax
Bancroft,Cuming
Beemer,Cuming
West Point,Cuming
Wisner,Cuming
Anselmo,Custer
Ansley,Custer
Broken Bow,Custer
Callaway,Custer
Comstock,Custer
Mason City,Custer
Merna,Custer
Oconto,Custer
Sargent,Custer
Westerville,Custer
Arnold,Custer
Homer,Dakota
Dakota City,Dakota
Emerson,Dakota
Hubbard,Dakota
Jackson,Dakota
South Sioux City,Dakota
Chadron,Dawes
Crawford,Dawes
Marsland,Dawes
Whitney,Dawes
Eddyville,Dawson
Lexington,Dawson
Overton,Dawson
Sumner,Dawson
Farnam,Dawson
Cozad,Dawson
Gothenburg,Dawson
Willow Island,Dawson
Big Springs,Deuel
Chappell,Deuel
Allen,Dixon
Concord,Dixon
Dixon,Dixon
Maskell,Dixon
Newcastle,Dixon
Ponca,Dixon
Wakefield,Dixon
Waterbury,Dixon
Fremont,Dodge
Fremont,Dodge
Hooper,Dodge
Nickerson,Dodge
Scribner,Dodge
Uehling,Dodge
Winslow,Dodge
Ames,Dodge
Dodge,Dodge
North Bend,Dodge
Snyder,Dodge
Bennington,Douglas
Boys Town,Douglas
Elkhorn,Douglas
Valley,Douglas
Waterloo,Douglas
Omaha,Douglas
Omaha,Douglas
Omaha,Douglas
Omaha,Douglas
Omaha,Douglas
Omaha,Douglas
Omaha,Douglas
Omaha,Douglas
Omaha,Douglas
Omaha,Douglas
Omaha,Douglas
Omaha,Douglas
Omaha,Douglas
Omaha,Douglas
Omaha,Douglas
Omaha,Douglas
Omaha,Douglas
Omaha,Douglas
Omaha,Douglas
Omaha,Douglas
Omaha,Douglas
Omaha,Douglas
Omaha,Douglas
Omaha,Douglas
Omaha,Douglas
Omaha,Douglas
Omaha,Douglas
Omaha,Douglas
Omaha,Douglas
Omaha,Douglas
Omaha,Douglas
Omaha,Douglas
Omaha,Douglas
Omaha,Douglas
Omaha,Douglas
Omaha,Douglas
Omaha,Douglas
Omaha,Douglas
Omaha,Douglas
Omaha,Douglas
Omaha,Douglas
Omaha,Douglas
Omaha,Douglas
Omaha,Douglas
Omaha,Douglas
Benkelman,Dundy
Haigler,Dundy
Max,Dundy
Parks,Dundy
Exeter,Fillmore
Fairmont,Fillmore
Geneva,Fillmore
Grafton,Fillmore
Milligan,Fillmore
Ohiowa,Fillmore
Shickley,Fillmore
Strang,Fillmore
Bloomington,Franklin
Campbell,Franklin
Franklin,Franklin
Hildreth,Franklin
Naponee,Franklin
Riverton,Franklin
Upland,Franklin
Curtis,Frontier
Eustis,Frontier
Maywood,Frontier
Moorefield,Frontier
Stockville,Frontier
Arapahoe,Furnas
Beaver City,Furnas
Edison,Furnas
Hendley,Furnas
Holbrook,Furnas
Oxford,Furnas
Cambridge,Furnas
Wilsonville,Furnas
Adams,Gage
Barneston,Gage
Beatrice,Gage
Blue Springs,Gage
Clatonia,Gage
Cortland,Gage
Filley,Gage
Liberty,Gage
Odell,Gage
Pickrell,Gage
Virginia,Gage
Wymore,Gage
Lewellen,Garden
Lisco,Garden
Oshkosh,Garden
Oshkosh,Garden
Burwell,Garfield
Elwood,Gosper
Smithfield,Gosper
Ashby,Grant
Hyannis,Grant
Whitman,Grant
Spalding,Greeley
Greeley,Greeley
Scotia,Greeley
Wolbach,Greeley
Grand Island,Hall
Grand Island,Hall
Grand Island,Hall
Alda,Hall
Cairo,Hall
Doniphan,Hall
Wood River,Hall
Aurora,Hamilton
Giltner,Hamilton
Hampton,Hamilton
Hordville,Hamilton
Marquette,Hamilton
Phillips,Hamilton
Alma,Harlan
Orleans,Harlan
Ragan,Harlan
Republican City,Harlan
Stamford,Harlan
Hayes Center,Hayes
Culbertson,Hitchcock
Palisade,Hitchcock
Stratton,Hitchcock
Trenton,Hitchcock
Amelia,Holt
Atkinson,Holt
Chambers,Holt
Emmet,Holt
Ewing,Holt
Inman,Holt
Oneill,Holt
Page,Holt
Stuart,Holt
Mullen,Hooker
Boelus,Howard
Dannebrog,Howard
Elba,Howard
Farwell,Howard
Saint Libory,Howard
Saint Paul,Howard
Daykin,Jefferson
Diller,Jefferson
Endicott,Jefferson
Fairbury,Jefferson
Jansen,Jefferson
Plymouth,Jefferson
Steele City,Jefferson
Cook,Johnson
Crab Orchard,Johnson
Elk Creek,Johnson
Sterling,Johnson
Tecumseh,Johnson
Axtell,Kearney
Heartwell,Kearney
Minden,Kearney
Wilcox,Kearney
Brule,Keith
Keystone,Keith
Lemoyne,Keith
Ogallala,Keith
Paxton,Keith
Mills,Keya Paha
Newport,Keya Paha
Springview,Keya Paha
Bushnell,Kimball
Dix,Kimball
Kimball,Kimball
Bloomfield,Knox
Center,Knox
Creighton,Knox
Crofton,Knox
Niobrara,Knox
Verdigre,Knox
Wausa,Knox
Winnetoon,Knox
Bennet,Lancaster
Davey,Lancaster
Denton,Lancaster
Firth,Lancaster
Hallam,Lancaster
Hickman,Lancaster
Malcolm,Lancaster
Martell,Lancaster
Panama,Lancaster
Raymond,Lancaster
Roca,Lancaster
Sprague,Lancaster
Walton,Lancaster
Waverly,Lancaster
Lincoln,Lancaster
Lincoln,Lancaster
Lincoln,Lancaster
Lincoln,Lancaster
Lincoln,Lancaster
Lincoln,Lancaster
Lincoln,Lancaster
Lincoln,Lancaster
Lincoln,Lancaster
Lincoln,Lancaster
Lincoln,Lancaster
Lincoln,Lancaster
Lincoln,Lancaster
Lincoln,Lancaster
Lincoln,Lancaster
Lincoln,Lancaster
Lincoln,Lancaster
Lincoln,Lancaster
Lincoln,Lancaster
Lincoln,Lancaster
Lincoln,Lancaster
Lincoln,Lancaster
Lincoln,Lancaster
Lincoln,Lancaster
Lincoln,Lancaster
Lincoln,Lancaster
Lincoln,Lancaster
Lincoln,Lancaster
Lincoln,Lancaster
North Platte,Lincoln
North Platte,Lincoln
Brady,Lincoln
Dickens,Lincoln
Hershey,Lincoln
Maxwell,Lincoln
Sutherland,Lincoln
Wallace,Lincoln
Wellfleet,Lincoln
Stapleton,Logan
Taylor,Loup
Tryon,McPherson
Norfolk,Madison
Norfolk,Madison
Battle Creek,Madison
Madison,Madison
Meadow Grove,Madison
Newman Grove,Madison
Tilden,Madison
Clarks,Merrick
Silver Creek,Merrick
Archer,Merrick
Central City,Merrick
Chapman,Merrick
Palmer,Merrick
Broadwater,Morrill
Angora,Morrill
Bayard,Morrill
Bridgeport,Morrill
Belgrade,Nance
Fullerton,Nance
Genoa,Nance
Auburn,Nemaha
Brock,Nemaha
Brownville,Nemaha
Johnson,Nemaha
Julian,Nemaha
Nemaha,Nemaha
Peru,Nemaha
Hardy,Nuckolls
Lawrence,Nuckolls
Nelson,Nuckolls
Oak,Nuckolls
Ruskin,Nuckolls
Superior,Nuckolls
Burr,Otoe
Douglas,Otoe
Dunbar,Otoe
Lorton,Otoe
Nebraska City,Otoe
Otoe,Otoe
Palmyra,Otoe
Syracuse,Otoe
Talmage,Otoe
Unadilla,Otoe
Burchard,Pawnee
Du Bois,Pawnee
Lewiston,Pawnee
Pawnee City,Pawnee
Steinauer,Pawnee
Table Rock,Pawnee
Elsie,Perkins
Grant,Perkins
Madrid,Perkins
Venango,Perkins
Atlanta,Phelps
Bertrand,Phelps
Funk,Phelps
Holdrege,Phelps
Loomis,Phelps
Hadar,Pierce
Mclean,Pierce
Osmond,Pierce
Pierce,Pierce
Plainview,Pierce
Columbus,Platte
Columbus,Platte
Creston,Platte
Duncan,Platte
Humphrey,Platte
Lindsay,Platte
Monroe,Platte
Platte Center,Platte
Osceola,Polk
Polk,Polk
Shelby,Polk
Stromsburg,Polk
Mc Cook,Red Willow
Bartley,Red Willow
Danbury,Red Willow
Indianola,Red Willow
Lebanon,Red Willow
Dawson,Richardson
Falls City,Richardson
Humboldt,Richardson
Rulo,Richardson
Salem,Richardson
Shubert,Richardson
Stella,Richardson
Verdon,Richardson
Bassett,Rock
Crete,Saline
De Witt,Saline
Dorchester,Saline
Friend,Saline
Swanton,Saline
Tobias,Saline
Western,Saline
Wilber,Saline
Bellevue,Sarpy
Gretna,Sarpy
Papillion,Sarpy
St Columbans,Sarpy
Springfield,Sarpy
Offutt Afb,Sarpy
Bellevue,Sarpy
La Vista,Sarpy
Papillion,Sarpy
Omaha,Sarpy
Omaha,Sarpy
Bellevue,Sarpy
Omaha,Sarpy
Ashland,Saunders
Cedar Bluffs,Saunders
Ceresco,Saunders
Colon,Saunders
Ithaca,Saunders
Malmo,Saunders
Mead,Saunders
Memphis,Saunders
Prague,Saunders
Valparaiso,Saunders
Wahoo,Saunders
Weston,Saunders
Yutan,Saunders
Morse Bluff,Saunders
Gering,Scotts Bluff
Lyman,Scotts Bluff
Mcgrew,Scotts Bluff
Melbeta,Scotts Bluff
Minatare,Scotts Bluff
Mitchell,Scotts Bluff
Morrill,Scotts Bluff
Scottsbluff,Scotts Bluff
Scottsbluff,Scotts Bluff
Beaver Crossing,Seward
Bee,Seward
Cordova,Seward
Garland,Seward
Goehner,Seward
Milford,Seward
Pleasant Dale,Seward
Seward,Seward
Staplehurst,Seward
Utica,Seward
Bingham,Sheridan
Ellsworth,Sheridan
Gordon,Sheridan
Hay Springs,Sheridan
Lakeside,Sheridan
Rushville,Sheridan
Whiteclay,Sheridan
Ashton,Sherman
Hazard,Sherman
Litchfield,Sherman
Loup City,Sherman
Rockville,Sherman
Harrison,Sioux
Pilger,Stanton
Stanton,Stanton
Alexandria,Thayer
Belvidere,Thayer
Bruning,Thayer
Byron,Thayer
Carleton,Thayer
Chester,Thayer
Davenport,Thayer
Deshler,Thayer
Gilead,Thayer
Hebron,Thayer
Hubbell,Thayer
Reynolds,Thayer
Halsey,Thomas
Seneca,Thomas
Thedford,Thomas
Macy,Thurston
Pender,Thurston
Rosalie,Thurston
Thurston,Thurston
Walthill,Thurston
Winnebago,Thurston
Arcadia,Valley
Elyria,Valley
North Loup,Valley
Ord,Valley
Arlington,Washington
Blair,Washington
Blair,Washington
Fort Calhoun,Washington
Herman,Washington
Kennard,Washington
Washington,Washington
Carroll,Wayne
Hoskins,Wayne
Wayne,Wayne
Winside,Wayne
Bladen,Webster
Blue Hill,Webster
Guide Rock,Webster
Inavale,Webster
Red Cloud,Webster
Bartlett,Wheeler
Ericson,Wheeler
Benedict,York
Bradshaw,York
Gresham,York
Henderson,York
Mc Cool Junction,York
Waco,York
York,York
Barnstead,Belknap
Belmont,Belknap
Center Barnstead,Belknap
Center Harbor,Belknap
Gilmanton,Belknap
Laconia,Belknap
Laconia,Belknap
Gilford,Belknap
Lochmere,Belknap
Meredith,Belknap
New Hampton,Belknap
Sanbornton,Belknap
Tilton,Belknap
Winnisquam,Belknap
Tilton,Belknap
Tilton,Belknap
Alton,Belknap
Alton Bay,Belknap
Gilmanton Iron Works,Belknap
Center Sandwich,Carroll
Moultonborough,Carroll
North Sandwich,Carroll
Bartlett,Carroll
Center Conway,Carroll
Center Ossipee,Carroll
Center Tuftonboro,Carroll
Chocorua,Carroll
Conway,Carroll
East Wakefield,Carroll
Eaton Center,Carroll
Freedom,Carroll
Glen,Carroll
Intervale,Carroll
Jackson,Carroll
Kearsarge,Carroll
Madison,Carroll
Melvin Village,Carroll
Mirror Lake,Carroll
North Conway,Carroll
Lee,Carroll
Ossipee,Carroll
Sanbornville,Carroll
Silver Lake,Carroll
Effingham,Carroll
South Tamworth,Carroll
Tamworth,Carroll
West Ossipee,Carroll
Wolfeboro,Carroll
Wolfeboro Falls,Carroll
Wonalancet,Carroll
Keene,Cheshire
Keene,Cheshire
Ashuelot,Cheshire
Chesterfield,Cheshire
Dublin,Cheshire
Sullivan,Cheshire
Swanzey,Cheshire
Fitzwilliam,Cheshire
Gilsum,Cheshire
Harrisville,Cheshire
Hinsdale,Cheshire
Jaffrey,Cheshire
Marlborough,Cheshire
Marlow,Cheshire
Nelson,Cheshire
Rindge,Cheshire
Spofford,Cheshire
Stoddard,Cheshire
Troy,Cheshire
West Chesterfield,Cheshire
Westmoreland,Cheshire
West Swanzey,Cheshire
Winchester,Cheshire
Alstead,Cheshire
Drewsville,Cheshire
Walpole,Cheshire
North Walpole,Cheshire
Berlin,Coos
Bretton Woods,Coos
Colebrook,Coos
Errol,Coos
Gorham,Coos
Groveton,Coos
Jefferson,Coos
Lancaster,Coos
Milan,Coos
Mount Washington,Coos
North Stratford,Coos
Pittsburg,Coos
Randolph,Coos
Twin Mountain,Coos
West Stewartstown,Coos
Whitefield,Coos
Waterville Valley,Grafton
Ashland,Grafton
Bristol,Grafton
Campton,Grafton
Glencliff,Grafton
Grafton,Grafton
Hebron,Grafton
Holderness,Grafton
Lincoln,Grafton
Chichester,Grafton
North Woodstock,Grafton
Plymouth,Grafton
Rumney,Grafton
Warren,Grafton
Wentworth,Grafton
Thornton,Grafton
Woodstock,Grafton
Littleton,Grafton
Bethlehem,Grafton
Franconia,Grafton
Lisbon,Grafton
Sugar Hill,Grafton
Bath,Grafton
Canaan,Grafton
Enfield,Grafton
Enfield Center,Grafton
Etna,Grafton
Hanover,Grafton
Lebanon,Grafton
Haverhill,Grafton
Lebanon,Grafton
Lyme,Grafton
Lyme Center,Grafton
Monroe,Grafton
North Haverhill,Grafton
Orford,Grafton
Piermont,Grafton
Pike,Grafton
West Lebanon,Grafton
Woodsville,Grafton
Amherst,Hillsborough
Brookline,Hillsborough
Francestown,Hillsborough
Goffstown,Hillsborough
Greenfield,Hillsborough
Greenville,Hillsborough
Hollis,Hillsborough
Hudson,Hillsborough
Litchfield,Hillsborough
Merrimack,Hillsborough
Milford,Hillsborough
Mont Vernon,Hillsborough
Nashua,Hillsborough
Nashua,Hillsborough
Nashua,Hillsborough
Nashua,Hillsborough
Nashua,Hillsborough
New Boston,Hillsborough
New Ipswich,Hillsborough
Pelham,Hillsborough
Lyndeborough,Hillsborough
Temple,Hillsborough
Wilton,Hillsborough
Manchester,Hillsborough
Manchester,Hillsborough
Manchester,Hillsborough
Manchester,Hillsborough
Manchester,Hillsborough
Manchester,Hillsborough
Manchester,Hillsborough
Bedford,Hillsborough
Manchester,Hillsborough
Hillsborough,Hillsborough
Weare,Hillsborough
Antrim,Hillsborough
Bennington,Hillsborough
Hancock,Hillsborough
Peterborough,Hillsborough
West Peterborough,Hillsborough
Dunbarton,Merrimack
Hooksett,Merrimack
Andover,Merrimack
Bradford,Merrimack
Canterbury,Merrimack
Contoocook,Merrimack
Danbury,Merrimack
East Andover,Merrimack
Elkins,Merrimack
Epsom,Merrimack
Franklin,Merrimack
Henniker,Merrimack
Hill,Merrimack
Newbury,Merrimack
New London,Merrimack
North Sutton,Merrimack
Pittsfield,Merrimack
Salisbury,Merrimack
South Newbury,Merrimack
South Sutton,Merrimack
Suncook,Merrimack
Warner,Merrimack
Wilmot,Merrimack
Concord,Merrimack
Concord,Merrimack
Concord,Merrimack
Bow,Merrimack
Concord,Merrimack
Loudon,Merrimack
Auburn,Rockingham
Candia,Rockingham
Chester,Rockingham
Deerfield,Rockingham
Derry,Rockingham
East Candia,Rockingham
East Derry,Rockingham
Epping,Rockingham
Fremont,Rockingham
Londonderry,Rockingham
North Salem,Rockingham
Raymond,Rockingham
Salem,Rockingham
Windham,Rockingham
Northwood,Rockingham
Nottingham,Rockingham
West Nottingham,Rockingham
Portsmouth,Rockingham
Portsmouth,Rockingham
Portsmouth,Rockingham
Portsmouth,Rockingham
Atkinson,Rockingham
Danville,Rockingham
East Hampstead,Rockingham
East Kingston,Rockingham
Exeter,Rockingham
Greenland,Rockingham
Hampstead,Rockingham
Hampton,Rockingham
Hampton,Rockingham
Hampton Falls,Rockingham
Kingston,Rockingham
New Castle,Rockingham
Newfields,Rockingham
Newmarket,Rockingham
Newton,Rockingham
Newton Junction,Rockingham
North Hampton,Rockingham
Plaistow,Rockingham
Rye,Rockingham
Rye Beach,Rockingham
Sandown,Rockingham
Seabrook,Rockingham
Stratham,Rockingham
Center Strafford,Strafford
Dover,Strafford
Dover,Strafford
Dover,Strafford
Madbury,Strafford
Durham,Strafford
Barrington,Strafford
Farmington,Strafford
Rochester,Strafford
Milton,Strafford
Milton Mills,Strafford
New Durham,Strafford
Rochester,Strafford
Rochester,Strafford
Rochester,Strafford
Rollinsford,Strafford
Somersworth,Strafford
Strafford,Strafford
Union,Strafford
Washington,Sullivan
Springfield,Sullivan
Acworth,Sullivan
Charlestown,Sullivan
Lempster,Sullivan
South Acworth,Sullivan
Claremont,Sullivan
Cornish,Sullivan
Cornish Flat,Sullivan
Georges Mills,Sullivan
Goshen,Sullivan
Grantham,Sullivan
Guild,Sullivan
Meriden,Sullivan
Newport,Sullivan
Plainfield,Sullivan
Sunapee,Sullivan
Hammonton,Atlantic
Absecon,Atlantic
Brigantine,Atlantic
Absecon,Atlantic
Cologne,Atlantic
Egg Harbor City,Atlantic
Elwood,Atlantic
Leeds Point,Atlantic
Linwood,Atlantic
Northfield,Atlantic
Oceanville,Atlantic
Pleasantville,Atlantic
Egg Harbor Township,Atlantic
Pomona,Atlantic
Port Republic,Atlantic
Somers Point,Atlantic
Buena,Atlantic
Dorothy,Atlantic
Estell Manor,Atlantic
Landisville,Atlantic
Mays Landing,Atlantic
Milmay,Atlantic
Minotola,Atlantic
Mizpah,Atlantic
Newtonville,Atlantic
Richland,Atlantic
Atlantic City,Atlantic
Margate City,Atlantic
Longport,Atlantic
Atlantic City,Atlantic
Atlantic City,Atlantic
Ventnor City,Atlantic
Cliffside Park,Bergen
Edgewater,Bergen
Fairview,Bergen
Fort Lee,Bergen
Garfield,Bergen
North Arlington,Bergen
Wallington,Bergen
Rutherford,Bergen
Lyndhurst,Bergen
Carlstadt,Bergen
East Rutherford,Bergen
Moonachie,Bergen
Wood Ridge,Bergen
Allendale,Bergen
Elmwood Park,Bergen
Fair Lawn,Bergen
Franklin Lakes,Bergen
Ho Ho Kus,Bergen
Mahwah,Bergen
Midland Park,Bergen
Oakland,Bergen
Ramsey,Bergen
Ridgewood,Bergen
Ridgewood,Bergen
Glen Rock,Bergen
Saddle River,Bergen
Waldwick,Bergen
Wyckoff,Bergen
Mahwah,Bergen
Hackensack,Bergen
Hackensack,Bergen
Bogota,Bergen
Hasbrouck Heights,Bergen
Leonia,Bergen
South Hackensack,Bergen
Maywood,Bergen
Teterboro,Bergen
Alpine,Bergen
Bergenfield,Bergen
Closter,Bergen
Cresskill,Bergen
Demarest,Bergen
Dumont,Bergen
Emerson,Bergen
Englewood,Bergen
Englewood Cliffs,Bergen
Harrington Park,Bergen
Haworth,Bergen
Hillsdale,Bergen
Little Ferry,Bergen
Lodi,Bergen
Montvale,Bergen
New Milford,Bergen
Northvale,Bergen
Norwood,Bergen
Oradell,Bergen
Palisades Park,Bergen
Paramus,Bergen
Paramus,Bergen
Park Ridge,Bergen
Ridgefield,Bergen
Ridgefield Park,Bergen
River Edge,Bergen
Rochelle Park,Bergen
Saddle Brook,Bergen
Teaneck,Bergen
Tenafly,Bergen
Westwood,Bergen
Township Of Washington,Bergen
Woodcliff Lake,Bergen
Teterboro,Bergen
Beverly,Burlington
Birmingham,Burlington
Browns Mills,Burlington
Burlington,Burlington
Chatsworth,Burlington
Columbus,Burlington
Hainesport,Burlington
Jobstown,Burlington
Juliustown,Burlington
Willingboro,Burlington
Lumberton,Burlington
Maple Shade,Burlington
Marlton,Burlington
Mount Laurel,Burlington
Medford,Burlington
Moorestown,Burlington
Mount Holly,Burlington
New Lisbon,Burlington
Palmyra,Burlington
Pemberton,Burlington
Rancocas,Burlington
Riverside,Burlington
Riverton,Burlington
Riverton,Burlington
Vincentown,Burlington
New Gretna,Burlington
Bordentown,Burlington
Cookstown,Burlington
Chesterfield,Burlington
Florence,Burlington
Roebling,Burlington
Wrightstown,Burlington
Joint Base Mdl,Burlington
Joint Base Mdl,Burlington
Cherry Hill,Camden
Cherry Hill,Camden
Atco,Camden
Barrington,Camden
Berlin,Camden
Blackwood,Camden
Cedar Brook,Camden
Clementon,Camden
Gibbsboro,Camden
Glendora,Camden
Gloucester City,Camden
Bellmawr,Camden
Haddonfield,Camden
Cherry Hill,Camden
Haddon Heights,Camden
Voorhees,Camden
Lawnside,Camden
Magnolia,Camden
Mount Ephraim,Camden
Runnemede,Camden
Sicklerville,Camden
Somerdale,Camden
Stratford,Camden
Waterford Works,Camden
West Berlin,Camden
Winslow,Camden
Bellmawr,Camden
Camden,Camden
Camden,Camden
Camden,Camden
Camden,Camden
Camden,Camden
Audubon,Camden
Oaklyn,Camden
Collingswood,Camden
Merchantville,Camden
Pennsauken,Camden
Avalon,Cape May
Cape May,Cape May
Cape May Court House,Cape May
Cape May Point,Cape May
Dennisville,Cape May
Goshen,Cape May
Green Creek,Cape May
Marmora,Cape May
Ocean City,Cape May
Ocean View,Cape May
Rio Grande,Cape May
Sea Isle City,Cape May
South Dennis,Cape May
South Seaville,Cape May
Stone Harbor,Cape May
Strathmere,Cape May
Tuckahoe,Cape May
Villas,Cape May
Whitesboro,Cape May
Wildwood,Cape May
Woodbine,Cape May
Bridgeton,Cumberland
Cedarville,Cumberland
Deerfield Street,Cumberland
Delmont,Cumberland
Dividing Creek,Cumberland
Dorchester,Cumberland
Fairton,Cumberland
Fortescue,Cumberland
Greenwich,Cumberland
Heislerville,Cumberland
Leesburg,Cumberland
Mauricetown,Cumberland
Millville,Cumberland
Newport,Cumberland
Port Elizabeth,Cumberland
Port Norris,Cumberland
Rosenhayn,Cumberland
Shiloh,Cumberland
Vineland,Cumberland
Vineland,Cumberland
Vineland,Cumberland
Bloomfield,Essex
Fairfield,Essex
Caldwell,Essex
Caldwell,Essex
Cedar Grove,Essex
East Orange,Essex
East Orange,Essex
East Orange,Essex
Essex Fells,Essex
Glen Ridge,Essex
Livingston,Essex
Maplewood,Essex
Millburn,Essex
Montclair,Essex
Montclair,Essex
Verona,Essex
Orange,Essex
Orange,Essex
West Orange,Essex
Roseland,Essex
Short Hills,Essex
South Orange,Essex
Newark,Essex
Newark,Essex
Newark,Essex
Newark,Essex
Newark,Essex
Newark,Essex
Newark,Essex
Newark,Essex
Belleville,Essex
Nutley,Essex
Irvington,Essex
Newark,Essex
Newark,Essex
Newark,Essex
Newark,Essex
Newark,Essex
Newark,Essex
Newark,Essex
Newark,Essex
Newark,Essex
Newark,Essex
Newark,Essex
Newark,Essex
Bridgeport,Gloucester
Clarksboro,Gloucester
Ewan,Gloucester
Gibbstown,Gloucester
Glassboro,Gloucester
Grenloch,Gloucester
Harrisonville,Gloucester
Mantua,Gloucester
Mickleton,Gloucester
Mount Royal,Gloucester
Mullica Hill,Gloucester
National Park,Gloucester
Paulsboro,Gloucester
Pitman,Gloucester
Richwood,Gloucester
Sewell,Gloucester
Swedesboro,Gloucester
Thorofare,Gloucester
Wenonah,Gloucester
Westville,Gloucester
Williamstown,Gloucester
Deptford,Gloucester
Woodbury Heights,Gloucester
Clayton,Gloucester
Franklinville,Gloucester
Malaga,Gloucester
Monroeville,Gloucester
Newfield,Gloucester
Bayonne,Hudson
Harrison,Hudson
Hoboken,Hudson
Kearny,Hudson
North Bergen,Hudson
Weehawken,Hudson
Union City,Hudson
West New York,Hudson
Secaucus,Hudson
Secaucus,Hudson
Jersey City,Hudson
Kearny,Hudson
Jersey City,Hudson
Jersey City,Hudson
Jersey City,Hudson
Jersey City,Hudson
Jersey City,Hudson
Jersey City,Hudson
Jersey City,Hudson
Jersey City,Hudson
Jersey City,Hudson
Jersey City,Hudson
Jersey City,Hudson
Califon,Hunterdon
Pottersville,Hunterdon
Lambertville,Hunterdon
Ringoes,Hunterdon
Rosemont,Hunterdon
Sergeantsville,Hunterdon
Stockton,Hunterdon
Annandale,Hunterdon
Baptistown,Hunterdon
Bloomsbury,Hunterdon
Clinton,Hunterdon
Flemington,Hunterdon
Frenchtown,Hunterdon
Glen Gardner,Hunterdon
Hampton,Hunterdon
High Bridge,Hunterdon
Lebanon,Hunterdon
Little York,Hunterdon
Milford,Hunterdon
Oldwick,Hunterdon
Pittstown,Hunterdon
Quakertown,Hunterdon
Readington,Hunterdon
Stanton,Hunterdon
Three Bridges,Hunterdon
Whitehouse,Hunterdon
Whitehouse Station,Hunterdon
Hightstown,Mercer
Hopewell,Mercer
Pennington,Mercer
Princeton,Mercer
Princeton,Mercer
Princeton,Mercer
Princeton,Mercer
Princeton,Mercer
Princeton Junction,Mercer
Titusville,Mercer
Windsor,Mercer
Trenton,Mercer
Trenton,Mercer
Trenton,Mercer
Trenton,Mercer
Trenton,Mercer
Trenton,Mercer
Trenton,Mercer
Trenton,Mercer
Trenton,Mercer
Trenton,Mercer
Trenton,Mercer
Trenton,Mercer
Trenton,Mercer
Trenton,Mercer
Trenton,Mercer
Trenton,Mercer
Trenton,Mercer
Trenton,Mercer
Trenton,Mercer
Trenton,Mercer
Trenton,Mercer
Trenton,Mercer
Lawrence Township,Mercer
Trenton,Mercer
Trenton,Mercer
Trenton,Mercer
Trenton,Mercer
Trenton,Mercer
Avenel,Middlesex
Carteret,Middlesex
Port Reading,Middlesex
Colonia,Middlesex
Sewaren,Middlesex
South Plainfield,Middlesex
Woodbridge,Middlesex
Cranbury,Middlesex
Plainsboro,Middlesex
Dayton,Middlesex
Dunellen,Middlesex
East Brunswick,Middlesex
Edison,Middlesex
Edison,Middlesex
Edison,Middlesex
Kendall Park,Middlesex
Helmetta,Middlesex
Iselin,Middlesex
Monroe Township,Middlesex
Keasbey,Middlesex
Edison,Middlesex
Metuchen,Middlesex
Middlesex,Middlesex
Milltown,Middlesex
Monmouth Junction,Middlesex
Piscataway,Middlesex
Piscataway,Middlesex
Old Bridge,Middlesex
Parlin,Middlesex
Perth Amboy,Middlesex
Perth Amboy,Middlesex
Fords,Middlesex
Sayreville,Middlesex
Sayreville,Middlesex
South Amboy,Middlesex
South River,Middlesex
Spotswood,Middlesex
Edison,Middlesex
New Brunswick,Middlesex
North Brunswick,Middlesex
New Brunswick,Middlesex
Highland Park,Middlesex
New Brunswick,Middlesex
New Brunswick,Middlesex
New Brunswick,Middlesex
Red Bank,Monmouth
Shrewsbury,Monmouth
Fort Monmouth,Monmouth
Fair Haven,Monmouth
Adelphia,Monmouth
Allenhurst,Monmouth
Asbury Park,Monmouth
Belmar,Monmouth
Atlantic Highlands,Monmouth
Avon By The Sea,Monmouth
Belford,Monmouth
Belmar,Monmouth
Bradley Beach,Monmouth
Cliffwood,Monmouth
Colts Neck,Monmouth
Deal,Monmouth
Eatontown,Monmouth
Englishtown,Monmouth
Farmingdale,Monmouth
Freehold,Monmouth
Hazlet,Monmouth
Howell,Monmouth
Highlands,Monmouth
Holmdel,Monmouth
Keansburg,Monmouth
Keyport,Monmouth
Leonardo,Monmouth
Lincroft,Monmouth
Little Silver,Monmouth
Long Branch,Monmouth
Marlboro,Monmouth
Matawan,Monmouth
Middletown,Monmouth
Monmouth Beach,Monmouth
Morganville,Monmouth
Navesink,Monmouth
Neptune,Monmouth
Neptune,Monmouth
Oakhurst,Monmouth
Ocean Grove,Monmouth
Oceanport,Monmouth
Port Monmouth,Monmouth
Rumson,Monmouth
Spring Lake,Monmouth
Tennent,Monmouth
West Long Branch,Monmouth
Wickatunk,Monmouth
Eatontown,Monmouth
Allentown,Monmouth
Millstone Township,Monmouth
Cream Ridge,Monmouth
Imlaystown,Monmouth
Millstone Township,Monmouth
Roosevelt,Monmouth
Allenwood,Monmouth
Brielle,Monmouth
Manasquan,Monmouth
Sea Girt,Monmouth
Boonton,Morris
Lake Hiawatha,Morris
Lincoln Park,Morris
Montville,Morris
Mountain Lakes,Morris
Parsippany,Morris
Pine Brook,Morris
Towaco,Morris
Butler,Morris
Pequannock,Morris
Pompton Plains,Morris
Riverdale,Morris
Dover,Morris
Dover,Morris
Mine Hill,Morris
Picatinny Arsenal,Morris
Budd Lake,Morris
Denville,Morris
Flanders,Morris
Hibernia,Morris
Ironia,Morris
Kenvil,Morris
Lake Hopatcong,Morris
Landing,Morris
Ledgewood,Morris
Long Valley,Morris
Mount Arlington,Morris
Netcong,Morris
Rockaway,Morris
Randolph,Morris
Schooleys Mountain,Morris
Succasunna,Morris
Mount Tabor,Morris
Wharton,Morris
Brookside,Morris
Cedar Knolls,Morris
Chatham,Morris
Chester,Morris
Florham Park,Morris
Gillette,Morris
Green Village,Morris
East Hanover,Morris
Madison,Morris
Mendham,Morris
Millington,Morris
Morris Plains,Morris
Morristown,Morris
Convent Station,Morris
Morristown,Morris
Morristown,Morris
Mount Freedom,Morris
New Vernon,Morris
Stirling,Morris
Whippany,Morris
Whippany,Morris
Barnegat,Ocean
Barnegat Light,Ocean
Beach Haven,Ocean
Manahawkin,Ocean
Tuckerton,Ocean
West Creek,Ocean
Jackson,Ocean
New Egypt,Ocean
Lakewood,Ocean
Bayville,Ocean
Beachwood,Ocean
Brick,Ocean
Brick,Ocean
Forked River,Ocean
Island Heights,Ocean
Lakehurst,Ocean
Lanoka Harbor,Ocean
Lavallette,Ocean
Mantoloking,Ocean
Normandy Beach,Ocean
Ocean Gate,Ocean
Pine Beach,Ocean
Point Pleasant Beach,Ocean
Seaside Heights,Ocean
Seaside Park,Ocean
Toms River,Ocean
Toms River,Ocean
Toms River,Ocean
Toms River,Ocean
Toms River,Ocean
Waretown,Ocean
Manchester Township,Ocean
Clifton,Passaic
Clifton,Passaic
Clifton,Passaic
Clifton,Passaic
Clifton,Passaic
Passaic,Passaic
Bloomingdale,Passaic
Haskell,Passaic
Hewitt,Passaic
Little Falls,Passaic
Newfoundland,Passaic
Oak Ridge,Passaic
Pompton Lakes,Passaic
Ringwood,Passaic
Wanaque,Passaic
Wayne,Passaic
Wayne,Passaic
West Milford,Passaic
Paterson,Passaic
Paterson,Passaic
Paterson,Passaic
Paterson,Passaic
Paterson,Passaic
Hawthorne,Passaic
Hawthorne,Passaic
Haledon,Passaic
Paterson,Passaic
Paterson,Passaic
Totowa,Passaic
Totowa,Passaic
Paterson,Passaic
Paterson,Passaic
Paterson,Passaic
Paterson,Passaic
Paterson,Passaic
Haledon,Passaic
Paterson,Passaic
Paterson,Passaic
Alloway,Salem
Deepwater,Salem
Hancocks Bridge,Salem
Pedricktown,Salem
Penns Grove,Salem
Pennsville,Salem
Quinton,Salem
Salem,Salem
Woodstown,Salem
Elmer,Salem
Norma,Salem
Warren,Somerset
Basking Ridge,Somerset
Bedminster,Somerset
Bernardsville,Somerset
Far Hills,Somerset
Gladstone,Somerset
Liberty Corner,Somerset
Lyons,Somerset
Peapack,Somerset
Pluckemin,Somerset
Belle Mead,Somerset
Blawenburg,Somerset
Kingston,Somerset
Rocky Hill,Somerset
Skillman,Somerset
Bound Brook,Somerset
Bridgewater,Somerset
Flagtown,Somerset
Franklin Park,Somerset
Manville,Somerset
Martinsville,Somerset
Hillsborough,Somerset
Neshanic Station,Somerset
Raritan,Somerset
Somerset,Somerset
Somerset,Somerset
Somerville,Somerset
South Bound Brook,Somerset
Zarephath,Somerset
Franklin,Sussex
Glenwood,Sussex
Hamburg,Sussex
Highland Lakes,Sussex
Mc Afee,Sussex
Ogdensburg,Sussex
Stockholm,Sussex
Sussex,Sussex
Vernon,Sussex
Andover,Sussex
Augusta,Sussex
Branchville,Sussex
Montague,Sussex
Glasser,Sussex
Greendell,Sussex
Hopatcong,Sussex
Lafayette,Sussex
Layton,Sussex
Middleville,Sussex
Newton,Sussex
Sparta,Sussex
Stanhope,Sussex
Stillwater,Sussex
Swartswood,Sussex
Tranquility,Sussex
Wallpack Center,Sussex
Branchville,Sussex
Cranford,Union
Fanwood,Union
Garwood,Union
Kenilworth,Union
Linden,Union
Plainfield,Union
Plainfield,Union
Plainfield,Union
Plainfield,Union
Rahway,Union
Clark,Union
Watchung,Union
Scotch Plains,Union
Springfield,Union
Union,Union
Vauxhall,Union
Westfield,Union
Westfield,Union
Mountainside,Union
Elizabeth,Union
Elizabeth,Union
Roselle,Union
Roselle Park,Union
Hillside,Union
Elizabethport,Union
Elizabeth,Union
Elizabeth,Union
Summit,Union
Summit,Union
Berkeley Heights,Union
New Providence,Union
Allamuchy,Warren
Belvidere,Warren
Blairstown,Warren
Buttzville,Warren
Changewater,Warren
Columbia,Warren
Delaware,Warren
Great Meadows,Warren
Hackettstown,Warren
Hope,Warren
Johnsonburg,Warren
Oxford,Warren
Port Murray,Warren
Vienna,Warren
Washington,Warren
Asbury,Warren
Broadway,Warren
Phillipsburg,Warren
Stewartsville,Warren
Cedar Crest,Bernalillo
Isleta,Bernalillo
Sandia Park,Bernalillo
Tijeras,Bernalillo
Albuquerque,Bernalillo
Albuquerque,Bernalillo
Albuquerque,Bernalillo
Albuquerque,Bernalillo
Albuquerque,Bernalillo
Albuquerque,Bernalillo
Albuquerque,Bernalillo
Albuquerque,Bernalillo
Albuquerque,Bernalillo
Albuquerque,Bernalillo
Albuquerque,Bernalillo
Albuquerque,Bernalillo
Albuquerque,Bernalillo
Albuquerque,Bernalillo
Albuquerque,Bernalillo
Albuquerque,Bernalillo
Kirtland Afb,Bernalillo
Albuquerque,Bernalillo
Albuquerque,Bernalillo
Albuquerque,Bernalillo
Albuquerque,Bernalillo
Albuquerque,Bernalillo
Albuquerque,Bernalillo
Albuquerque,Bernalillo
Albuquerque,Bernalillo
Albuquerque,Bernalillo
Albuquerque,Bernalillo
Albuquerque,Bernalillo
Rio Rancho,Bernalillo
Albuquerque,Bernalillo
Albuquerque,Bernalillo
Albuquerque,Bernalillo
Albuquerque,Bernalillo
Albuquerque,Bernalillo
Albuquerque,Bernalillo
Albuquerque,Bernalillo
Albuquerque,Bernalillo
Albuquerque,Bernalillo
Albuquerque,Bernalillo
Albuquerque,Bernalillo
Albuquerque,Bernalillo
Albuquerque,Bernalillo
Albuquerque,Bernalillo
Albuquerque,Bernalillo
Aragon,Catron
Datil,Catron
Luna,Catron
Pie Town,Catron
Quemado,Catron
Reserve,Catron
Glenwood,Catron
Roswell,Chaves
Roswell,Chaves
Roswell,Chaves
Dexter,Chaves
Hagerman,Chaves
Lake Arthur,Chaves
Bluewater,Cibola
Casa Blanca,Cibola
Cubero,Cibola
Grants,Cibola
Milan,Cibola
Laguna,Cibola
New Laguna,Cibola
Paguate,Cibola
San Fidel,Cibola
San Rafael,Cibola
Fence Lake,Cibola
Pinehill,Cibola
Angel Fire,Colfax
Cimarron,Colfax
Eagle Nest,Colfax
Maxwell,Colfax
Miami,Colfax
Raton,Colfax
Springer,Colfax
Ute Park,Colfax
Clovis,Curry
Clovis,Curry
Cannon Afb,Curry
Broadview,Curry
Grady,Curry
Melrose,Curry
Saint Vrain,Curry
Texico,Curry
Fort Sumner,DeBaca
Taiban,DeBaca
Yeso,DeBaca
Garfield,Doña Ana
Hatch,Doña Ana
Rincon,Doña Ana
Salem,Doña Ana
Las Cruces,Doña Ana
White Sands Missile Range,Doña Ana
Las Cruces,Doña Ana
Las Cruces,Doña Ana
Las Cruces,Doña Ana
Las Cruces,Doña Ana
Las Cruces,Doña Ana
Santa Teresa,Doña Ana
Las Cruces,Doña Ana
Las Cruces,Doña Ana
Las Cruces,Doña Ana
Anthony,Doña Ana
Berino,Doña Ana
Chamberino,Doña Ana
Dona Ana,Doña Ana
Fairacres,Doña Ana
La Mesa,Doña Ana
Mesilla,Doña Ana
Mesilla Park,Doña Ana
Mesquite,Doña Ana
Organ,Doña Ana
Radium Springs,Doña Ana
San Miguel,Doña Ana
Sunland Park,Doña Ana
Vado,Doña Ana
Artesia,Eddy
Artesia,Eddy
Carlsbad,Eddy
Carlsbad,Eddy
Hope,Eddy
Lakewood,Eddy
Loco Hills,Eddy
Loving,Eddy
Malaga,Eddy
Whites City,Eddy
Arenas Valley,Grant
Bayard,Grant
Buckhorn,Grant
Santa Clara,Grant
Cliff,Grant
Faywood,Grant
Fort Bayard,Grant
Gila,Grant
Hachita,Grant
Hanover,Grant
Hurley,Grant
Mimbres,Grant
Mule Creek,Grant
Pinos Altos,Grant
Redrock,Grant
Silver City,Grant
Silver City,Grant
Tyrone,Grant
Anton Chico,Guadalupe
La Loma,Guadalupe
Vaughn,Guadalupe
Cuervo,Guadalupe
Newkirk,Guadalupe
Santa Rosa,Guadalupe
Mills,Harding
Mosquero,Harding
Roy,Harding
Solano,Harding
Playas,Hidalgo
Animas,Hidalgo
Lordsburg,Hidalgo
Rodeo,Hidalgo
Crossroads,Lea
Caprock,Lea
Eunice,Lea
Hobbs,Lea
Hobbs,Lea
Hobbs,Lea
Hobbs,Lea
Jal,Lea
Lovington,Lea
Mcdonald,Lea
Maljamar,Lea
Monument,Lea
Tatum,Lea
Carrizozo,Lincoln
Alto,Lincoln
Capitan,Lincoln
Corona,Lincoln
Fort Stanton,Lincoln
Glencoe,Lincoln
Hondo,Lincoln
Lincoln,Lincoln
Nogal,Lincoln
Picacho,Lincoln
Ruidoso,Lincoln
Ruidoso Downs,Lincoln
San Patricio,Lincoln
Tinnie,Lincoln
Ruidoso,Lincoln
Los Alamos,Los Alamos
Los Alamos,Los Alamos
White Rock,Los Alamos
Columbus,Luna
Deming,Luna
Deming,Luna
Prewitt,McKinley
Gallup,McKinley
Gallup,McKinley
Gallup,McKinley
Brimhall,McKinley
Church Rock,McKinley
Continental Divide,McKinley
Crownpoint,McKinley
Fort Wingate,McKinley
Gamerco,McKinley
Mentmore,McKinley
Mexican Springs,McKinley
Ramah,McKinley
Rehoboth,McKinley
Thoreau,McKinley
Tohatchi,McKinley
Vanderwagen,McKinley
Zuni,McKinley
Navajo,McKinley
Jamestown,McKinley
Smith Lake,McKinley
Yatahey,McKinley
Buena Vista,Mora
Chacon,Mora
Cleveland,Mora
Guadalupita,Mora
Holman,Mora
Mora,Mora
Ocate,Mora
Ojo Feliz,Mora
Rainsville,Mora
Valmora,Mora
Wagon Mound,Mora
Watrous,Mora
Chaparral,Otero
Alamogordo,Otero
Alamogordo,Otero
Bent,Otero
Cloudcroft,Otero
High Rolls Mountain Park,Otero
Holloman Air Force Base,Otero
La Luz,Otero
Mayhill,Otero
Mescalero,Otero
Orogrande,Otero
Pinon,Otero
Sacramento,Otero
Sunspot,Otero
Timberon,Otero
Tularosa,Otero
Weed,Otero
House,Quay
Tucumcari,Quay
Bard,Quay
Logan,Quay
Mcalister,Quay
Nara Visa,Quay
Quay,Quay
San Jon,Quay
Coyote,Rio Arriba
Gallina,Rio Arriba
Lindrith,Rio Arriba
Youngsville,Rio Arriba
Abiquiu,Rio Arriba
Alcalde,Rio Arriba
Canjilon,Rio Arriba
Canones,Rio Arriba
Cebolla,Rio Arriba
Chama,Rio Arriba
Chimayo,Rio Arriba
Cordova,Rio Arriba
Dixon,Rio Arriba
Dulce,Rio Arriba
El Rito,Rio Arriba
Embudo,Rio Arriba
Espanola,Rio Arriba
Espanola,Rio Arriba
Hernandez,Rio Arriba
La Madera,Rio Arriba
Medanales,Rio Arriba
Los Ojos,Rio Arriba
Petaca,Rio Arriba
Ohkay Owingeh,Rio Arriba
Tierra Amarilla,Rio Arriba
Truchas,Rio Arriba
Vallecitos,Rio Arriba
Velarde,Rio Arriba
Causey,Roosevelt
Dora,Roosevelt
Elida,Roosevelt
Floyd,Roosevelt
Kenna,Roosevelt
Lingo,Roosevelt
Milnesand,Roosevelt
Pep,Roosevelt
Portales,Roosevelt
Rogers,Roosevelt
Algodones,Sandoval
Bernalillo,Sandoval
Cuba,Sandoval
Counselor,Sandoval
Jemez Pueblo,Sandoval
Jemez Springs,Sandoval
La Jara,Sandoval
Pena Blanca,Sandoval
Placitas,Sandoval
Ponderosa,Sandoval
Regina,Sandoval
Corrales,Sandoval
Santo Domingo Pueblo,Sandoval
San Ysidro,Sandoval
Cochiti Pueblo,Sandoval
Cochiti Lake,Sandoval
Rio Rancho,Sandoval
Rio Rancho,Sandoval
Nageezi,San Juan
Sheep Springs,San Juan
Farmington,San Juan
Farmington,San Juan
Aztec,San Juan
Blanco,San Juan
Bloomfield,San Juan
Flora Vista,San Juan
Fruitland,San Juan
Kirtland,San Juan
La Plata,San Juan
Navajo Dam,San Juan
Shiprock,San Juan
Waterflow,San Juan
Newcomb,San Juan
Sanostee,San Juan
Farmington,San Juan
Ilfeld,San Miguel
Pecos,San Miguel
Ribera,San Miguel
Rowe,San Miguel
San Jose,San Miguel
Serafina,San Miguel
Tererro,San Miguel
Villanueva,San Miguel
Las Vegas,San Miguel
Montezuma,San Miguel
Rociada,San Miguel
Sapello,San Miguel
Conchas Dam,San Miguel
Garita,San Miguel
Trementina,San Miguel
Cerrillos,Santa Fe
Edgewood,Santa Fe
Stanley,Santa Fe
Santa Fe,Santa Fe
Santa Fe,Santa Fe
Santa Fe,Santa Fe
Santa Fe,Santa Fe
Santa Fe,Santa Fe
Santa Fe,Santa Fe
Santa Fe,Santa Fe
Santa Fe,Santa Fe
Santa Fe,Santa Fe
Glorieta,Santa Fe
Lamy,Santa Fe
Santa Cruz,Santa Fe
Tesuque,Santa Fe
Santa Fe,Santa Fe
Santa Fe,Santa Fe
Spaceport City,Sierra
Truth Or Consequences,Sierra
Arrey,Sierra
Caballo,Sierra
Derry,Sierra
Elephant Butte,Sierra
Monticello,Sierra
Williamsburg,Sierra
Winston,Sierra
Hillsboro,Sierra
Claunch,Socorro
La Joya,Socorro
Veguita,Socorro
Socorro,Socorro
Lemitar,Socorro
Magdalena,Socorro
Polvadera,Socorro
San Acacia,Socorro
San Antonio,Socorro
Amalia,Taos
Arroyo Hondo,Taos
Arroyo Seco,Taos
Carson,Taos
Cerro,Taos
Chamisal,Taos
Costilla,Taos
Taos Ski Valley,Taos
El Prado,Taos
Llano,Taos
Ojo Caliente,Taos
Penasco,Taos
Questa,Taos
Ranchos De Taos,Taos
Red River,Taos
San Cristobal,Taos
Taos,Taos
Trampas,Taos
Tres Piedras,Taos
Vadito,Taos
Valdez,Taos
Cedarvale,Torrance
Estancia,Torrance
Mcintosh,Torrance
Moriarty,Torrance
Mountainair,Torrance
Torreon,Torrance
Willard,Torrance
Clines Corners,Torrance
Encino,Torrance
Amistad,Union
Capulin,Union
Clayton,Union
Des Moines,Union
Folsom,Union
Gladstone,Union
Grenville,Union
Sedan,Union
Belen,Valencia
Bosque,Valencia
Jarales,Valencia
Los Lunas,Valencia
Pueblo Of Acoma,Valencia
Peralta,Valencia
Tome,Valencia
Bosque Farms,Valencia
Fallon,Churchill
Fallon,Churchill
Fallon,Churchill
The Lakes,Clark
The Lakes,Clark
Henderson,Clark
Blue Diamond,Clark
Boulder City,Clark
Boulder City,Clark
Bunkerville,Clark
Henderson,Clark
Henderson,Clark
Henderson,Clark
Henderson,Clark
Henderson,Clark
Henderson,Clark
Indian Springs,Clark
Jean,Clark
Logandale,Clark
Mesquite,Clark
Moapa,Clark
Jean,Clark
Mesquite,Clark
Laughlin,Clark
Laughlin,Clark
North Las Vegas,Clark
North Las Vegas,Clark
North Las Vegas,Clark
North Las Vegas,Clark
Mesquite,Clark
North Las Vegas,Clark
Coyote Springs,Clark
Cal Nev Ari,Clark
Overton,Clark
Searchlight,Clark
Henderson,Clark
Henderson,Clark
Sloan,Clark
Moapa,Clark
Indian Springs,Clark
Henderson,Clark
Henderson,Clark
North Las Vegas,Clark
North Las Vegas,Clark
North Las Vegas,Clark
North Las Vegas,Clark
North Las Vegas,Clark
Las Vegas,Clark
Las Vegas,Clark
Las Vegas,Clark
Las Vegas,Clark
Las Vegas,Clark
Las Vegas,Clark
Las Vegas,Clark
Las Vegas,Clark
Las Vegas,Clark
Las Vegas,Clark
Las Vegas,Clark
Las Vegas,Clark
Las Vegas,Clark
Las Vegas,Clark
Las Vegas,Clark
Las Vegas,Clark
Las Vegas,Clark
Las Vegas,Clark
Las Vegas,Clark
Las Vegas,Clark
Las Vegas,Clark
Las Vegas,Clark
Las Vegas,Clark
Las Vegas,Clark
Las Vegas,Clark
Las Vegas,Clark
Las Vegas,Clark
Las Vegas,Clark
Las Vegas,Clark
Las Vegas,Clark
Las Vegas,Clark
Las Vegas,Clark
Las Vegas,Clark
Las Vegas,Clark
Las Vegas,Clark
Las Vegas,Clark
Las Vegas,Clark
Las Vegas,Clark
Las Vegas,Clark
Las Vegas,Clark
Las Vegas,Clark
Las Vegas,Clark
Las Vegas,Clark
Las Vegas,Clark
Las Vegas,Clark
Las Vegas,Clark
Las Vegas,Clark
Las Vegas,Clark
Las Vegas,Clark
Las Vegas,Clark
Las Vegas,Clark
Las Vegas,Clark
Las Vegas,Clark
Las Vegas,Clark
Las Vegas,Clark
Las Vegas,Clark
Las Vegas,Clark
Las Vegas,Clark
Las Vegas,Clark
Las Vegas,Clark
Las Vegas,Clark
Las Vegas,Clark
The Lakes,Clark
Las Vegas,Clark
Las Vegas,Clark
Las Vegas,Clark
Las Vegas,Clark
Las Vegas,Clark
Las Vegas,Clark
Las Vegas,Clark
Las Vegas,Clark
Las Vegas,Clark
Las Vegas,Clark
Las Vegas,Clark
Las Vegas,Clark
Nellis Afb,Clark
Las Vegas,Clark
Las Vegas,Clark
Las Vegas,Clark
Gardnerville,Douglas
Genoa,Douglas
Glenbrook,Douglas
Minden,Douglas
Zephyr Cove,Douglas
Stateline,Douglas
Gardnerville,Douglas
Carson City,Douglas
Elko,Elko
Elko,Elko
Elko,Elko
Spring Creek,Elko
Carlin,Elko
Deeth,Elko
Jackpot,Elko
Jarbidge,Elko
Lamoille,Elko
Montello,Elko
Mountain City,Elko
Owyhee,Elko
Ruby Valley,Elko
Tuscarora,Elko
Wells,Elko
West Wendover,Elko
Dyer,Esmeralda
Goldfield,Esmeralda
Silverpeak,Esmeralda
Eureka,Eureka
Crescent Valley,Eureka
Denio,Humboldt
Golconda,Humboldt
Mc Dermitt,Humboldt
Orovada,Humboldt
Paradise Valley,Humboldt
Valmy,Humboldt
Winnemucca,Humboldt
Winnemucca,Humboldt
Austin,Lander
Battle Mountain,Lander
Alamo,Lincoln
Caliente,Lincoln
Hiko,Lincoln
Panaca,Lincoln
Pioche,Lincoln
Henderson,Lincoln
Dayton,Lyon
Fernley,Lyon
Silver City,Lyon
Silver Springs,Lyon
Smith,Lyon
Wellington,Lyon
Yerington,Lyon
Hawthorne,Mineral
Luning,Mineral
Mina,Mineral
Schurz,Mineral
Beatty,Nye
Amargosa Valley,Nye
Manhattan,Nye
Mercury,Nye
Pahrump,Nye
Round Mountain,Nye
Pahrump,Nye
Tonopah,Nye
Pahrump,Nye
Pahrump,Nye
Gabbs,Nye
Imlay,Pershing
Lovelock,Pershing
Virginia City,Storey
Crystal Bay,Washoe
Empire,Washoe
Gerlach,Washoe
Nixon,Washoe
Sparks,Washoe
Sparks,Washoe
Sun Valley,Washoe
Sparks,Washoe
Sparks,Washoe
Sparks,Washoe
Sparks,Washoe
Verdi,Washoe
Sparks,Washoe
Wadsworth,Washoe
Incline Village,Washoe
Incline Village,Washoe
Incline Village,Washoe
Reno,Washoe
Reno,Washoe
Reno,Washoe
Reno,Washoe
Reno,Washoe
Reno,Washoe
Reno,Washoe
Reno,Washoe
Reno,Washoe
Reno,Washoe
Reno,Washoe
Reno,Washoe
Reno,Washoe
Reno,Washoe
Reno,Washoe
Reno,Washoe
Reno,Washoe
Reno,Washoe
Reno,Washoe
Reno,Washoe
Reno,Washoe
Reno,Washoe
Reno,Washoe
Reno,Washoe
Washoe Valley,Washoe
Ely,White Pine
Baker,White Pine
Duckwater,White Pine
Ely,White Pine
Lund,White Pine
Mc Gill,White Pine
Ruth,White Pine
Carson City,Carson City (city)
Carson City,Carson City (city)
Carson City,Carson City (city)
Carson City,Carson City (city)
Carson City,Carson City (city)
Carson City,Carson City (city)
Carson City,Carson City (city)
Carson City,Carson City (city)
Carson City,Carson City (city)
Alcove,Albany
Altamont,Albany
Berne,Albany
Clarksville,Albany
Coeymans,Albany
Coeymans Hollow,Albany
Cohoes,Albany
Delmar,Albany
Dormansville,Albany
East Berne,Albany
Feura Bush,Albany
Glenmont,Albany
Guilderland,Albany
Guilderland Center,Albany
Knox,Albany
Latham,Albany
Medusa,Albany
Newtonville,Albany
Ravena,Albany
Rensselaerville,Albany
Selkirk,Albany
Slingerlands,Albany
South Bethlehem,Albany
Troy,Albany
Voorheesville,Albany
Watervliet,Albany
Westerlo,Albany
Albany,Albany
Albany,Albany
Albany,Albany
Albany,Albany
Albany,Albany
Albany,Albany
Albany,Albany
Albany,Albany
Albany,Albany
Albany,Albany
Albany,Albany
Albany,Albany
Albany,Albany
Albany,Albany
Albany,Albany
Albany,Albany
Albany,Albany
Albany,Albany
Albany,Albany
Albany,Albany
Albany,Albany
Albany,Albany
Albany,Albany
Albany,Albany
Albany,Albany
Albany,Albany
Albany,Albany
Albany,Albany
Albany,Albany
Albany,Albany
Albany,Albany
Albany,Albany
Albany,Albany
Albany,Albany
Albany,Albany
Albany,Albany
Albany,Albany
Albany,Albany
Albany,Albany
Albany,Albany
Albany,Albany
Albany,Albany
Albany,Albany
Albany,Albany
Albany,Albany
Albany,Albany
Albany,Albany
Albany,Albany
Albany,Albany
Albany,Albany
Preston Hollow,Albany
Centerville,Allegany
Allentown,Allegany
Alma,Allegany
Angelica,Allegany
Belfast,Allegany
Black Creek,Allegany
Bolivar,Allegany
Caneadea,Allegany
Ceres,Allegany
Cuba,Allegany
Fillmore,Allegany
Friendship,Allegany
Houghton,Allegany
Hume,Allegany
Little Genesee,Allegany
Richburg,Allegany
Rushford,Allegany
West Clarksville,Allegany
Alfred,Allegany
Alfred Station,Allegany
Almond,Allegany
Andover,Allegany
Belmont,Allegany
Canaseraga,Allegany
Scio,Allegany
Swain,Allegany
Wellsville,Allegany
Whitesville,Allegany
Bronx,Bronx
Bronx,Bronx
Bronx,Bronx
Bronx,Bronx
Bronx,Bronx
Bronx,Bronx
Bronx,Bronx
Bronx,Bronx
Bronx,Bronx
Bronx,Bronx
Bronx,Bronx
Bronx,Bronx
Bronx,Bronx
Bronx,Bronx
Bronx,Bronx
Bronx,Bronx
Bronx,Bronx
Bronx,Bronx
Bronx,Bronx
Bronx,Bronx
Bronx,Bronx
Bronx,Bronx
Bronx,Bronx
Bronx,Bronx
Bronx,Bronx
Bible School Park,Broome
Castle Creek,Broome
Chenango Bridge,Broome
Chenango Forks,Broome
Conklin,Broome
Corbettsville,Broome
Deposit,Broome
Endicott,Broome
Endicott,Broome
Endwell,Broome
Endicott,Broome
Glen Aubrey,Broome
Harpursville,Broome
Johnson City,Broome
Killawog,Broome
Kirkwood,Broome
Lisle,Broome
Maine,Broome
Nineveh,Broome
Ouaquaga,Broome
Port Crane,Broome
Tunnel,Broome
Vestal,Broome
Vestal,Broome
Whitney Point,Broome
Windsor,Broome
Binghamton,Broome
Binghamton,Broome
Binghamton,Broome
Binghamton,Broome
Binghamton,Broome
Dayton,Cattaraugus
Delevan,Cattaraugus
Farmersville Station,Cattaraugus
Freedom,Cattaraugus
Gowanda,Cattaraugus
Machias,Cattaraugus
Perrysburg,Cattaraugus
Sandusky,Cattaraugus
South Dayton,Cattaraugus
Versailles,Cattaraugus
West Valley,Cattaraugus
Yorkshire,Cattaraugus
Allegany,Cattaraugus
Cattaraugus,Cattaraugus
Conewango Valley,Cattaraugus
East Otto,Cattaraugus
East Randolph,Cattaraugus
Ellicottville,Cattaraugus
Franklinville,Cattaraugus
Great Valley,Cattaraugus
Hinsdale,Cattaraugus
Kill Buck,Cattaraugus
Leon,Cattaraugus
Limestone,Cattaraugus
Little Valley,Cattaraugus
Olean,Cattaraugus
Otto,Cattaraugus
Portville,Cattaraugus
Randolph,Cattaraugus
Saint Bonaventure,Cattaraugus
Salamanca,Cattaraugus
Steamburg,Cattaraugus
Westons Mills,Cattaraugus
Auburn,Cayuga
Auburn,Cayuga
Auburn,Cayuga
Aurora,Cayuga
Cato,Cayuga
Cayuga,Cayuga
Genoa,Cayuga
King Ferry,Cayuga
Locke,Cayuga
Martville,Cayuga
Meridian,Cayuga
Montezuma,Cayuga
Moravia,Cayuga
Poplar Ridge,Cayuga
Port Byron,Cayuga
Scipio Center,Cayuga
Sterling,Cayuga
Union Springs,Cayuga
Weedsport,Cayuga
Dunkirk,Chautauqua
Forestville,Chautauqua
Fredonia,Chautauqua
Irving,Chautauqua
Sheridan,Chautauqua
Silver Creek,Chautauqua
Van Buren Point,Chautauqua
Jamestown,Chautauqua
Jamestown,Chautauqua
Ashville,Chautauqua
Bemus Point,Chautauqua
Brocton,Chautauqua
Cassadaga,Chautauqua
Celoron,Chautauqua
Chautauqua,Chautauqua
Cherry Creek,Chautauqua
Clymer,Chautauqua
Dewittville,Chautauqua
Ellington,Chautauqua
Falconer,Chautauqua
Findley Lake,Chautauqua
Frewsburg,Chautauqua
Gerry,Chautauqua
Greenhurst,Chautauqua
Kennedy,Chautauqua
Lakewood,Chautauqua
Lily Dale,Chautauqua
Maple Springs,Chautauqua
Mayville,Chautauqua
Niobe,Chautauqua
Panama,Chautauqua
Portland,Chautauqua
Ripley,Chautauqua
Sherman,Chautauqua
Sinclairville,Chautauqua
Stockton,Chautauqua
Stow,Chautauqua
Westfield,Chautauqua
Big Flats,Chemung
Breesport,Chemung
Chemung,Chemung
Erin,Chemung
Horseheads,Chemung
Lowman,Chemung
Millport,Chemung
Pine City,Chemung
Pine Valley,Chemung
Van Etten,Chemung
Wellsburg,Chemung
Elmira,Chemung
Elmira,Chemung
Elmira,Chemung
Elmira,Chemung
Elmira,Chemung
North Pitcher,Chenango
Pitcher,Chenango
South Otselic,Chenango
Earlville,Chenango
New Berlin,Chenango
Sherburne,Chenango
Smyrna,Chenango
Afton,Chenango
Bainbridge,Chenango
East Pharsalia,Chenango
Greene,Chenango
Guilford,Chenango
Mc Donough,Chenango
Mount Upton,Chenango
North Norwich,Chenango
Norwich,Chenango
Oxford,Chenango
Plymouth,Chenango
Smithville Flats,Chenango
South New Berlin,Chenango
South Plymouth,Chenango
Plattsburgh,Clinton
Plattsburgh,Clinton
Altona,Clinton
Keeseville,Clinton
Au Sable Forks,Clinton
Cadyville,Clinton
Champlain,Clinton
Chazy,Clinton
Churubusco,Clinton
Keeseville,Clinton
Dannemora,Clinton
Ellenburg,Clinton
Ellenburg Center,Clinton
Ellenburg Depot,Clinton
Lyon Mountain,Clinton
Lyon Mountain,Clinton
Mooers,Clinton
Mooers Forks,Clinton
Morrisonville,Clinton
Peru,Clinton
Redford,Clinton
Rouses Point,Clinton
Saranac,Clinton
Schuyler Falls,Clinton
West Chazy,Clinton
Austerlitz,Columbia
Canaan,Columbia
Chatham,Columbia
Columbiaville,Columbia
East Chatham,Columbia
Ghent,Columbia
Kinderhook,Columbia
Malden Bridge,Columbia
New Lebanon,Columbia
Niverville,Columbia
North Chatham,Columbia
Old Chatham,Columbia
Spencertown,Columbia
Stottville,Columbia
Stuyvesant,Columbia
Stuyvesant Falls,Columbia
Valatie,Columbia
West Lebanon,Columbia
Ancram,Columbia
Ancramdale,Columbia
Claverack,Columbia
Copake,Columbia
Copake Falls,Columbia
Craryville,Columbia
Elizaville,Columbia
Germantown,Columbia
Hillsdale,Columbia
Hollowville,Columbia
Hudson,Columbia
Livingston,Columbia
Mellenville,Columbia
Philmont,Columbia
Cincinnatus,Cortland
Cortland,Cortland
East Homer,Cortland
Homer,Cortland
Little York,Cortland
Mc Graw,Cortland
Preble,Cortland
Truxton,Cortland
Blodgett Mills,Cortland
Harford,Cortland
Marathon,Cortland
Willet,Cortland
Stamford,Delaware
Arkville,Delaware
Denver,Delaware
Fleischmanns,Delaware
Grand Gorge,Delaware
Halcottsville,Delaware
Margaretville,Delaware
New Kingston,Delaware
Roxbury,Delaware
Andes,Delaware
Bloomville,Delaware
Bovina Center,Delaware
Davenport,Delaware
Davenport Center,Delaware
Delancey,Delaware
Delhi,Delaware
Downsville,Delaware
East Branch,Delaware
East Meredith,Delaware
Fishs Eddy,Delaware
Franklin,Delaware
Hamden,Delaware
Hancock,Delaware
Harpersfield,Delaware
Hobart,Delaware
Masonville,Delaware
Meridale,Delaware
Sidney,Delaware
Sidney Center,Delaware
South Kortright,Delaware
Treadwell,Delaware
Trout Creek,Delaware
Walton,Delaware
West Davenport,Delaware
Amenia,Dutchess
Annandale On Hudson,Dutchess
Bangall,Dutchess
Barrytown,Dutchess
Beacon,Dutchess
Billings,Dutchess
Castle Point,Dutchess
Chelsea,Dutchess
Clinton Corners,Dutchess
Dover Plains,Dutchess
Fishkill,Dutchess
Glenham,Dutchess
Holmes,Dutchess
Hopewell Junction,Dutchess
Hughsonville,Dutchess
Hyde Park,Dutchess
Lagrangeville,Dutchess
Millbrook,Dutchess
Millerton,Dutchess
Pawling,Dutchess
Pine Plains,Dutchess
Pleasant Valley,Dutchess
Poughquag,Dutchess
Red Hook,Dutchess
Rhinebeck,Dutchess
Rhinecliff,Dutchess
Salt Point,Dutchess
Staatsburg,Dutchess
Stanfordville,Dutchess
Stormville,Dutchess
Tivoli,Dutchess
Verbank,Dutchess
Wappingers Falls,Dutchess
Wassaic,Dutchess
Wingdale,Dutchess
Poughkeepsie,Dutchess
Poughkeepsie,Dutchess
Poughkeepsie,Dutchess
Poughkeepsie,Dutchess
Akron,Erie
Alden,Erie
Angola,Erie
Athol Springs,Erie
Boston,Erie
Bowmansville,Erie
Brant,Erie
Chaffee,Erie
Clarence,Erie
Clarence Center,Erie
Colden,Erie
Collins,Erie
Collins Center,Erie
Crittenden,Erie
Depew,Erie
Derby,Erie
East Amherst,Erie
East Aurora,Erie
East Concord,Erie
Eden,Erie
Elma,Erie
Farnham,Erie
Getzville,Erie
Glenwood,Erie
Grand Island,Erie
Hamburg,Erie
Holland,Erie
Lake View,Erie
Lancaster,Erie
Lawtons,Erie
Marilla,Erie
North Boston,Erie
North Collins,Erie
North Evans,Erie
Orchard Park,Erie
Sardinia,Erie
South Wales,Erie
Spring Brook,Erie
Springville,Erie
Tonawanda,Erie
Tonawanda,Erie
Wales Center,Erie
West Falls,Erie
Buffalo,Erie
Buffalo,Erie
Buffalo,Erie
Buffalo,Erie
Buffalo,Erie
Buffalo,Erie
Buffalo,Erie
Buffalo,Erie
Buffalo,Erie
Buffalo,Erie
Buffalo,Erie
Buffalo,Erie
Buffalo,Erie
Buffalo,Erie
Buffalo,Erie
Buffalo,Erie
Buffalo,Erie
Buffalo,Erie
Buffalo,Erie
Buffalo,Erie
Buffalo,Erie
Buffalo,Erie
Buffalo,Erie
Buffalo,Erie
Buffalo,Erie
Buffalo,Erie
Buffalo,Erie
Buffalo,Erie
Buffalo,Erie
Buffalo,Erie
Buffalo,Erie
Buffalo,Erie
Buffalo,Erie
Buffalo,Erie
Buffalo,Erie
Buffalo,Erie
Buffalo,Erie
Buffalo,Erie
Buffalo,Erie
Buffalo,Erie
Buffalo,Erie
Buffalo,Erie
Buffalo,Erie
Buffalo,Erie
Minerva,Essex
Newcomb,Essex
North Hudson,Essex
Olmstedville,Essex
Paradox,Essex
Schroon Lake,Essex
Severance,Essex
Newcomb,Essex
Ticonderoga,Essex
Bloomingdale,Essex
Crown Point,Essex
Elizabethtown,Essex
Essex,Essex
Jay,Essex
Keene,Essex
Keene Valley,Essex
Keeseville,Essex
Lake Placid,Essex
Lewis,Essex
Mineville,Essex
Moriah,Essex
Moriah Center,Essex
New Russia,Essex
Port Henry,Essex
Port Kent,Essex
Ray Brook,Essex
Upper Jay,Essex
Westport,Essex
Willsboro,Essex
Wilmington,Essex
Witherbee,Essex
Bombay,Franklin
Brainardsville,Franklin
Brushton,Franklin
Burke,Franklin
Chateaugay,Franklin
Constable,Franklin
Dickinson Center,Franklin
Fort Covington,Franklin
Gabriels,Franklin
Lake Clear,Franklin
Malone,Franklin
Moira,Franklin
North Bangor,Franklin
Owls Head,Franklin
Paul Smiths,Franklin
Rainbow Lake,Franklin
Saint Regis Falls,Franklin
Saranac Lake,Franklin
Tupper Lake,Franklin
Vermontville,Franklin
Whippleville,Franklin
Hogansburg,Franklin
Broadalbin,Fulton
Caroga Lake,Fulton
Gloversville,Fulton
Johnstown,Fulton
Mayfield,Fulton
Northville,Fulton
Stratford,Fulton
Alexander,Genesee
Basom,Genesee
Batavia,Genesee
Batavia,Genesee
Corfu,Genesee
Darien Center,Genesee
East Bethany,Genesee
East Pembroke,Genesee
Elba,Genesee
Oakfield,Genesee
Stafford,Genesee
Bergen,Genesee
Byron,Genesee
Le Roy,Genesee
Linwood,Genesee
Pavilion,Genesee
South Byron,Genesee
Athens,Greene
Climax,Greene
Coxsackie,Greene
Earlton,Greene
Greenville,Greene
Hannacroix,Greene
New Baltimore,Greene
Surprise,Greene
West Coxsackie,Greene
Acra,Greene
Ashland,Greene
Cairo,Greene
Catskill,Greene
Cornwallville,Greene
Durham,Greene
East Durham,Greene
East Jewett,Greene
Elka Park,Greene
Freehold,Greene
Haines Falls,Greene
Hensonville,Greene
Hunter,Greene
Jewett,Greene
Lanesville,Greene
Leeds,Greene
Lexington,Greene
Maplecrest,Greene
Oak Hill,Greene
Palenville,Greene
Prattsville,Greene
Purling,Greene
Round Top,Greene
South Cairo,Greene
Tannersville,Greene
West Kill,Greene
Windham,Greene
Lake Pleasant,Hamilton
Piseco,Hamilton
Speculator,Hamilton
Wells,Hamilton
Blue Mountain Lake,Hamilton
Indian Lake,Hamilton
Long Lake,Hamilton
Sabael,Hamilton
Hoffmeister,Hamilton
Inlet,Hamilton
Raquette Lake,Hamilton
Cold Brook,Herkimer
Dolgeville,Herkimer
Eagle Bay,Herkimer
Frankfort,Herkimer
Herkimer,Herkimer
Ilion,Herkimer
Jordanville,Herkimer
Little Falls,Herkimer
Middleville,Herkimer
Mohawk,Herkimer
Newport,Herkimer
Old Forge,Herkimer
Poland,Herkimer
Salisbury Center,Herkimer
Thendara,Herkimer
Van Hornesville,Herkimer
West Winfield,Herkimer
Watertown,Jefferson
Fort Drum,Jefferson
Watertown,Jefferson
Adams,Jefferson
Adams Center,Jefferson
Alexandria Bay,Jefferson
Antwerp,Jefferson
Belleville,Jefferson
Black River,Jefferson
Brownville,Jefferson
Calcium,Jefferson
Cape Vincent,Jefferson
Carthage,Jefferson
Chaumont,Jefferson
Clayton,Jefferson
Deferiet,Jefferson
Depauville,Jefferson
Dexter,Jefferson
Ellisburg,Jefferson
Evans Mills,Jefferson
Felts Mills,Jefferson
Wellesley Island,Jefferson
Fishers Landing,Jefferson
Great Bend,Jefferson
Henderson,Jefferson
Henderson Harbor,Jefferson
La Fargeville,Jefferson
Limerick,Jefferson
Lorraine,Jefferson
Mannsville,Jefferson
Natural Bridge,Jefferson
Oxbow,Jefferson
Philadelphia,Jefferson
Pierrepont Manor,Jefferson
Plessis,Jefferson
Redwood,Jefferson
Rodman,Jefferson
Sackets Harbor,Jefferson
Theresa,Jefferson
Thousand Island Park,Jefferson
Three Mile Bay,Jefferson
Brooklyn,Kings
Brooklyn,Kings
Brooklyn,Kings
Brooklyn,Kings
Brooklyn,Kings
Brooklyn,Kings
Brooklyn,Kings
Brooklyn,Kings
Brooklyn,Kings
Brooklyn,Kings
Brooklyn,Kings
Brooklyn,Kings
Brooklyn,Kings
Brooklyn,Kings
Brooklyn,Kings
Brooklyn,Kings
Brooklyn,Kings
Brooklyn,Kings
Brooklyn,Kings
Brooklyn,Kings
Brooklyn,Kings
Brooklyn,Kings
Brooklyn,Kings
Brooklyn,Kings
Brooklyn,Kings
Brooklyn,Kings
Brooklyn,Kings
Brooklyn,Kings
Brooklyn,Kings
Brooklyn,Kings
Brooklyn,Kings
Brooklyn,Kings
Brooklyn,Kings
Brooklyn,Kings
Brooklyn,Kings
Brooklyn,Kings
Brooklyn,Kings
Brooklyn,Kings
Brooklyn,Kings
Brooklyn,Kings
Brooklyn,Kings
Brooklyn,Kings
Brooklyn,Kings
Brooklyn,Kings
Brooklyn,Kings
Brooklyn,Kings
Brooklyn,Kings
Beaver Falls,Lewis
Brantingham,Lewis
Constableville,Lewis
Croghan,Lewis
Glenfield,Lewis
Greig,Lewis
Lowville,Lewis
Lyons Falls,Lewis
Martinsburg,Lewis
Port Leyden,Lewis
Turin,Lewis
West Leyden,Lewis
Castorland,Lewis
Copenhagen,Lewis
Deer River,Lewis
Denmark,Lewis
Harrisville,Lewis
Avon,Livingston
Caledonia,Livingston
Conesus,Livingston
Dansville,Livingston
Geneseo,Livingston
Groveland,Livingston
Hemlock,Livingston
Lakeville,Livingston
Leicester,Livingston
Lima,Livingston
Livonia,Livingston
Livonia Center,Livingston
Mount Morris,Livingston
Nunda,Livingston
Piffard,Livingston
Retsof,Livingston
Scottsburg,Livingston
Sonyea,Livingston
South Lima,Livingston
Springwater,Livingston
York,Livingston
Dalton,Livingston
Hunt,Livingston
Canastota,Madison
Cazenovia,Madison
Chittenango,Madison
Clockville,Madison
De Ruyter,Madison
Erieville,Madison
Georgetown,Madison
New Woodstock,Madison
Peterboro,Madison
Wampsville,Madison
Bouckville,Madison
Brookfield,Madison
Eaton,Madison
Hamilton,Madison
Hubbardsville,Madison
Leonardsville,Madison
Madison,Madison
Morrisville,Madison
Munnsville,Madison
North Brookfield,Madison
Oneida,Madison
Solsville,Madison
West Eaton,Madison
Adams Basin,Monroe
Brockport,Monroe
Churchville,Monroe
Clarkson,Monroe
East Rochester,Monroe
Fairport,Monroe
Hamlin,Monroe
Henrietta,Monroe
Hilton,Monroe
Honeoye Falls,Monroe
Mendon,Monroe
Mumford,Monroe
North Chili,Monroe
North Greece,Monroe
Penfield,Monroe
Pittsford,Monroe
Rush,Monroe
Scottsville,Monroe
Spencerport,Monroe
Webster,Monroe
West Henrietta,Monroe
Rochester,Monroe
Rochester,Monroe
Rochester,Monroe
Rochester,Monroe
Rochester,Monroe
Rochester,Monroe
Rochester,Monroe
Rochester,Monroe
Rochester,Monroe
Rochester,Monroe
Rochester,Monroe
Rochester,Monroe
Rochester,Monroe
Rochester,Monroe
Rochester,Monroe
Rochester,Monroe
Rochester,Monroe
Rochester,Monroe
Rochester,Monroe
Rochester,Monroe
Rochester,Monroe
Rochester,Monroe
Rochester,Monroe
Rochester,Monroe
Rochester,Monroe
Rochester,Monroe
Rochester,Monroe
Rochester,Monroe
Rochester,Monroe
Rochester,Monroe
Rochester,Monroe
Rochester,Monroe
Rochester,Monroe
Rochester,Monroe
Rochester,Monroe
Rochester,Monroe
Rochester,Monroe
Rochester,Monroe
Rochester,Monroe
Rochester,Monroe
Amsterdam,Montgomery
Auriesville,Montgomery
Esperance,Montgomery
Fonda,Montgomery
Fort Hunter,Montgomery
Fort Johnson,Montgomery
Fultonville,Montgomery
Hagaman,Montgomery
Sprakers,Montgomery
Tribes Hill,Montgomery
Canajoharie,Montgomery
Fort Plain,Montgomery
Nelliston,Montgomery
Palatine Bridge,Montgomery
Saint Johnsville,Montgomery
Floral Park,Nassau
Floral Park,Nassau
Elmont,Nassau
Franklin Square,Nassau
Great Neck,Nassau
Great Neck,Nassau
Great Neck,Nassau
Great Neck,Nassau
Great Neck,Nassau
Great Neck,Nassau
Great Neck,Nassau
Manhasset,Nassau
New Hyde Park,Nassau
New Hyde Park,Nassau
Port Washington,Nassau
Port Washington,Nassau
Port Washington,Nassau
Port Washington,Nassau
Port Washington,Nassau
Port Washington,Nassau
Inwood,Nassau
Mineola,Nassau
Albertson,Nassau
Atlantic Beach,Nassau
Baldwin,Nassau
Carle Place,Nassau
Cedarhurst,Nassau
East Rockaway,Nassau
Freeport,Nassau
Garden City,Nassau
Garden City,Nassau
Glen Cove,Nassau
Glen Head,Nassau
Glenwood Landing,Nassau
Greenvale,Nassau
Hempstead,Nassau
Hempstead,Nassau
Hempstead,Nassau
West Hempstead,Nassau
Uniondale,Nassau
East Meadow,Nassau
Uniondale,Nassau
Uniondale,Nassau
Hewlett,Nassau
Island Park,Nassau
Lawrence,Nassau
Locust Valley,Nassau
Long Beach,Nassau
Lynbrook,Nassau
Malverne,Nassau
Merrick,Nassau
Old Westbury,Nassau
Point Lookout,Nassau
Rockville Centre,Nassau
Rockville Centre,Nassau
Oceanside,Nassau
Roosevelt,Nassau
Roslyn,Nassau
Roslyn Heights,Nassau
Sea Cliff,Nassau
Valley Stream,Nassau
Valley Stream,Nassau
Valley Stream,Nassau
Westbury,Nassau
Williston Park,Nassau
Woodmere,Nassau
Garden City,Nassau
Bayville,Nassau
Bellmore,Nassau
Bethpage,Nassau
East Norwich,Nassau
Farmingdale,Nassau
Farmingdale,Nassau
Jericho,Nassau
Levittown,Nassau
Massapequa,Nassau
Massapequa Park,Nassau
Mill Neck,Nassau
Oyster Bay,Nassau
Syosset,Nassau
Seaford,Nassau
Syosset,Nassau
Wantagh,Nassau
Woodbury,Nassau
Hicksville,Nassau
Hicksville,Nassau
Plainview,Nassau
Old Bethpage,Nassau
Hicksville,Nassau
Hicksville,Nassau
Jericho,Nassau
New York,New York
New York,New York
New York,New York
New York,New York
New York,New York
New York,New York
New York,New York
New York,New York
New York,New York
New York,New York
New York,New York
New York,New York
New York,New York
New York,New York
New York,New York
New York,New York
New York,New York
New York,New York
New York,New York
New York,New York
New York,New York
New York,New York
New York,New York
New York,New York
New York,New York
New York,New York
New York,New York
New York,New York
New York,New York
New York,New York
New York,New York
New York,New York
New York,New York
New York,New York
New York,New York
New York,New York
New York,New York
New York,New York
New York,New York
New York,New York
New York,New York
New York,New York
New York,New York
New York,New York
New York,New York
New York,New York
New York,New York
New York,New York
New York,New York
New York,New York
New York,New York
New York,New York
New York,New York
New York,New York
New York,New York
New York,New York
New York,New York
New York,New York
New York,New York
New York,New York
New York,New York
New York,New York
New York,New York
New York,New York
New York,New York
New York,New York
New York,New York
New York,New York
New York,New York
New York,New York
New York,New York
New York,New York
New York,New York
New York,New York
New York,New York
New York,New York
New York,New York
New York,New York
New York,New York
New York,New York
New York,New York
New York,New York
New York,New York
New York,New York
New York,New York
New York,New York
New York,New York
New York,New York
New York,New York
New York,New York
New York,New York
New York,New York
New York,New York
New York,New York
New York,New York
New York,New York
New York,New York
New York,New York
New York,New York
New York,New York
New York,New York
New York,New York
New York,New York
New York,New York
New York,New York
New York,New York
New York,New York
New York,New York
New York,New York
New York,New York
New York,New York
New York,New York
New York,New York
New York,New York
New York,New York
New York,New York
New York,New York
New York,New York
New York,New York
New York,New York
New York,New York
New York,New York
New York,New York
New York,New York
New York,New York
New York,New York
New York,New York
New York,New York
New York,New York
New York,New York
New York,New York
New York,New York
New York,New York
New York,New York
New York,New York
New York,New York
New York,New York
New York,New York
New York,New York
New York,New York
New York,New York
New York,New York
New York,New York
New York,New York
New York,New York
New York,New York
Appleton,Niagara
Barker,Niagara
Burt,Niagara
Gasport,Niagara
Lewiston,Niagara
Lockport,Niagara
Lockport,Niagara
Middleport,Niagara
Model City,Niagara
Newfane,Niagara
Niagara University,Niagara
North Tonawanda,Niagara
Olcott,Niagara
Ransomville,Niagara
Sanborn,Niagara
Stella Niagara,Niagara
Wilson,Niagara
Youngstown,Niagara
Niagara Falls,Niagara
Niagara Falls,Niagara
Niagara Falls,Niagara
Niagara Falls,Niagara
Niagara Falls,Niagara
Durhamville,Oneida
North Bay,Oneida
Sylvan Beach,Oneida
Verona Beach,Oneida
Alder Creek,Oneida
Ava,Oneida
Barneveld,Oneida
Blossvale,Oneida
Boonville,Oneida
Bridgewater,Oneida
Camden,Oneida
Cassville,Oneida
Chadwicks,Oneida
Clark Mills,Oneida
Clayville,Oneida
Clinton,Oneida
Deansboro,Oneida
Forestport,Oneida
Franklin Springs,Oneida
Hinckley,Oneida
Holland Patent,Oneida
Knoxboro,Oneida
Lee Center,Oneida
Mc Connellsville,Oneida
Marcy,Oneida
New Hartford,Oneida
New York Mills,Oneida
Oriskany,Oneida
Oriskany Falls,Oneida
Prospect,Oneida
Remsen,Oneida
Rome,Oneida
Rome,Oneida
Rome,Oneida
Rome,Oneida
Sangerfield,Oneida
Sauquoit,Oneida
Sherrill,Oneida
Stittville,Oneida
Taberg,Oneida
Vernon,Oneida
Vernon Center,Oneida
Verona,Oneida
Washington Mills,Oneida
Waterville,Oneida
Westdale,Oneida
Westernville,Oneida
Westmoreland,Oneida
Whitesboro,Oneida
Woodgate,Oneida
Yorkville,Oneida
Utica,Oneida
Utica,Oneida
Utica,Oneida
Utica,Oneida
Utica,Oneida
Utica,Oneida
Apulia Station,Onondaga
Baldwinsville,Onondaga
Brewerton,Onondaga
Bridgeport,Onondaga
Camillus,Onondaga
Cicero,Onondaga
Clay,Onondaga
Delphi Falls,Onondaga
East Syracuse,Onondaga
Elbridge,Onondaga
Fabius,Onondaga
Fayetteville,Onondaga
Jamesville,Onondaga
Jordan,Onondaga
Kirkville,Onondaga
La Fayette,Onondaga
Liverpool,Onondaga
Liverpool,Onondaga
Liverpool,Onondaga
Manlius,Onondaga
Marcellus,Onondaga
Marietta,Onondaga
Memphis,Onondaga
Minoa,Onondaga
Mottville,Onondaga
Nedrow,Onondaga
Plainville,Onondaga
Pompey,Onondaga
Skaneateles,Onondaga
Skaneateles Falls,Onondaga
Tully,Onondaga
Warners,Onondaga
Syracuse,Onondaga
Syracuse,Onondaga
Syracuse,Onondaga
Syracuse,Onondaga
Syracuse,Onondaga
Syracuse,Onondaga
Syracuse,Onondaga
Syracuse,Onondaga
Syracuse,Onondaga
Syracuse,Onondaga
Syracuse,Onondaga
Syracuse,Onondaga
Syracuse,Onondaga
Syracuse,Onondaga
Syracuse,Onondaga
Syracuse,Onondaga
Syracuse,Onondaga
Syracuse,Onondaga
Syracuse,Onondaga
Syracuse,Onondaga
Syracuse,Onondaga
Syracuse,Onondaga
Syracuse,Onondaga
Syracuse,Onondaga
Syracuse,Onondaga
Syracuse,Onondaga
Syracuse,Onondaga
Syracuse,Onondaga
Canandaigua,Ontario
Farmington,Ontario
Clifton Springs,Ontario
East Bloomfield,Ontario
Fishers,Ontario
Geneva,Ontario
Gorham,Ontario
Hall,Ontario
Bloomfield,Ontario
Honeoye,Ontario
Ionia,Ontario
Manchester,Ontario
Naples,Ontario
Oaks Corners,Ontario
Phelps,Ontario
Port Gibson,Ontario
Seneca Castle,Ontario
Shortsville,Ontario
Stanley,Ontario
Victor,Ontario
West Bloomfield,Ontario
Arden,Orange
Bellvale,Orange
Blooming Grove,Orange
Bullville,Orange
Campbell Hall,Orange
Central Valley,Orange
Chester,Orange
Circleville,Orange
Florida,Orange
Fort Montgomery,Orange
Goshen,Orange
Greenwood Lake,Orange
Harriman,Orange
Highland Falls,Orange
Highland Mills,Orange
Howells,Orange
Johnson,Orange
Middletown,Orange
Middletown,Orange
Monroe,Orange
Monroe,Orange
Mountainville,Orange
New Hampton,Orange
New Milford,Orange
Otisville,Orange
Pine Island,Orange
Slate Hill,Orange
Southfields,Orange
Sterling Forest,Orange
Sugar Loaf,Orange
Thompson Ridge,Orange
Tuxedo Park,Orange
Unionville,Orange
Warwick,Orange
Washingtonville,Orange
West Point,Orange
West Point,Orange
Westtown,Orange
Cornwall,Orange
Cornwall On Hudson,Orange
Maybrook,Orange
Montgomery,Orange
Newburgh,Orange
Newburgh,Orange
Newburgh,Orange
New Windsor,Orange
Newburgh,Orange
Pine Bush,Orange
Rock Tavern,Orange
Salisbury Mills,Orange
Vails Gate,Orange
Walden,Orange
Cuddebackville,Orange
Huguenot,Orange
Port Jervis,Orange
Sparrow Bush,Orange
Lyndonville,Orleans
Medina,Orleans
Albion,Orleans
Clarendon,Orleans
Fancher,Orleans
Holley,Orleans
Kendall,Orleans
Kent,Orleans
Knowlesville,Orleans
Morton,Orleans
Waterport,Orleans
Bernhards Bay,Oswego
Central Square,Oswego
Cleveland,Oswego
Constantia,Oswego
Fair Haven,Oswego
Fulton,Oswego
Hannibal,Oswego
Hastings,Oswego
Lacona,Oswego
Lycoming,Oswego
Mallory,Oswego
Maple View,Oswego
Mexico,Oswego
Minetto,Oswego
New Haven,Oswego
Oswego,Oswego
Parish,Oswego
Pennellville,Oswego
Phoenix,Oswego
Pulaski,Oswego
Richland,Oswego
Sandy Creek,Oswego
West Monroe,Oswego
Altmar,Oswego
Orwell,Oswego
Redfield,Oswego
Williamstown,Oswego
East Worcester,Otsego
Maryland,Otsego
Schenevus,Otsego
Worcester,Otsego
Burlington Flats,Otsego
Cherry Valley,Otsego
Cooperstown,Otsego
East Springfield,Otsego
Edmeston,Otsego
Fly Creek,Otsego
Garrattsville,Otsego
Hartwick,Otsego
New Lisbon,Otsego
Richfield Springs,Otsego
Roseboom,Otsego
Schuyler Lake,Otsego
Springfield Center,Otsego
West Burlington,Otsego
West Edmeston,Otsego
Westford,Otsego
Colliersville,Otsego
Gilbertsville,Otsego
Laurens,Otsego
Milford,Otsego
Morris,Otsego
Mount Vision,Otsego
Oneonta,Otsego
Otego,Otsego
Portlandville,Otsego
Unadilla,Otsego
Wells Bridge,Otsego
West Oneonta,Otsego
Brewster,Putnam
Carmel,Putnam
Cold Spring,Putnam
Garrison,Putnam
Lake Peekskill,Putnam
Mahopac,Putnam
Mahopac Falls,Putnam
Putnam Valley,Putnam
Patterson,Putnam
Glen Oaks,Queens
Floral Park,Queens
Long Island City,Queens
Astoria,Queens
Astoria,Queens
Sunnyside,Queens
Astoria,Queens
Astoria,Queens
Long Island City,Queens
Long Island City,Queens
Flushing,Queens
Flushing,Queens
Flushing,Queens
Flushing,Queens
College Point,Queens
Whitestone,Queens
Flushing,Queens
Bayside,Queens
Bayside,Queens
Bayside,Queens
Little Neck,Queens
Little Neck,Queens
Oakland Gardens,Queens
Fresh Meadows,Queens
Fresh Meadows,Queens
Flushing,Queens
Corona,Queens
East Elmhurst,Queens
East Elmhurst,Queens
Flushing,Queens
Jackson Heights,Queens
Elmhurst,Queens
Rego Park,Queens
Forest Hills,Queens
Woodside,Queens
Maspeth,Queens
Middle Village,Queens
Elmhurst,Queens
Flushing,Queens
Ridgewood,Queens
Ridgewood,Queens
Jamaica,Queens
Cambria Heights,Queens
Saint Albans,Queens
Springfield Gardens,Queens
Howard Beach,Queens
Kew Gardens,Queens
Ozone Park,Queens
Ozone Park,Queens
Richmond Hill,Queens
South Richmond Hill,Queens
South Ozone Park,Queens
Woodhaven,Queens
Rosedale,Queens
Hollis,Queens
Jamaica,Queens
Jamaica,Queens
Bellerose,Queens
Queens Village,Queens
Queens Village,Queens
Queens Village,Queens
Jamaica,Queens
Jamaica,Queens
Jamaica,Queens
Jamaica,Queens
Jamaica,Queens
Jamaica,Queens
Jamaica,Queens
Jamaica,Queens
Jamaica,Queens
Jamaica,Queens
Jamaica,Queens
Far Rockaway,Queens
Far Rockaway,Queens
Arverne,Queens
Far Rockaway,Queens
Rockaway Park,Queens
Far Rockaway,Queens
Breezy Point,Queens
Averill Park,Rensselaer
Berlin,Rensselaer
Brainard,Rensselaer
Buskirk,Rensselaer
Castleton On Hudson,Rensselaer
Cherry Plain,Rensselaer
Cropseyville,Rensselaer
East Greenbush,Rensselaer
East Nassau,Rensselaer
East Schodack,Rensselaer
Grafton,Rensselaer
Hoosick,Rensselaer
Hoosick Falls,Rensselaer
Johnsonville,Rensselaer
Melrose,Rensselaer
Nassau,Rensselaer
North Hoosick,Rensselaer
Petersburg,Rensselaer
Poestenkill,Rensselaer
Rensselaer,Rensselaer
Sand Lake,Rensselaer
Schaghticoke,Rensselaer
Schodack Landing,Rensselaer
Stephentown,Rensselaer
Stephentown,Rensselaer
Troy,Rensselaer
Troy,Rensselaer
Troy,Rensselaer
Valley Falls,Rensselaer
West Sand Lake,Rensselaer
Wynantskill,Rensselaer
Staten Island,Richmond
Staten Island,Richmond
Staten Island,Richmond
Staten Island,Richmond
Staten Island,Richmond
Staten Island,Richmond
Staten Island,Richmond
Staten Island,Richmond
Staten Island,Richmond
Staten Island,Richmond
Staten Island,Richmond
Staten Island,Richmond
Staten Island,Richmond
Staten Island,Richmond
Suffern,Rockland
Bear Mountain,Rockland
Blauvelt,Rockland
Congers,Rockland
Garnerville,Rockland
Haverstraw,Rockland
Hillburn,Rockland
Monsey,Rockland
Nanuet,Rockland
New City,Rockland
Nyack,Rockland
Orangeburg,Rockland
Palisades,Rockland
Pearl River,Rockland
Piermont,Rockland
Pomona,Rockland
Sloatsburg,Rockland
Sparkill,Rockland
Spring Valley,Rockland
Stony Point,Rockland
Tallman,Rockland
Tappan,Rockland
Thiells,Rockland
Tomkins Cove,Rockland
Valley Cottage,Rockland
West Haverstraw,Rockland
West Nyack,Rockland
Childwold,St. Lawrence
Cranberry Lake,St. Lawrence
Lawrenceville,St. Lawrence
Nicholville,St. Lawrence
North Lawrence,St. Lawrence
Piercefield,St. Lawrence
Brasher Falls,St. Lawrence
Brier Hill,St. Lawrence
Canton,St. Lawrence
Chase Mills,St. Lawrence
Chippewa Bay,St. Lawrence
Colton,St. Lawrence
De Kalb Junction,St. Lawrence
De Peyster,St. Lawrence
Edwards,St. Lawrence
Fine,St. Lawrence
Gouverneur,St. Lawrence
Hailesboro,St. Lawrence
Hammond,St. Lawrence
Hannawa Falls,St. Lawrence
Helena,St. Lawrence
Hermon,St. Lawrence
Heuvelton,St. Lawrence
Lisbon,St. Lawrence
Madrid,St. Lawrence
Massena,St. Lawrence
Morristown,St. Lawrence
Newton Falls,St. Lawrence
Norfolk,St. Lawrence
Norwood,St. Lawrence
Ogdensburg,St. Lawrence
Oswegatchie,St. Lawrence
Parishville,St. Lawrence
Potsdam,St. Lawrence
Pyrites,St. Lawrence
Raymondville,St. Lawrence
Rensselaer Falls,St. Lawrence
Richville,St. Lawrence
Rooseveltown,St. Lawrence
Russell,St. Lawrence
South Colton,St. Lawrence
Star Lake,St. Lawrence
Waddington,St. Lawrence
Wanakena,St. Lawrence
West Stockholm,St. Lawrence
Winthrop,St. Lawrence
Potsdam,St. Lawrence
Ballston Lake,Saratoga
Ballston Spa,Saratoga
Burnt Hills,Saratoga
Clifton Park,Saratoga
Galway,Saratoga
Mechanicville,Saratoga
Rexford,Saratoga
Round Lake,Saratoga
Stillwater,Saratoga
Waterford,Saratoga
South Glens Falls,Saratoga
Corinth,Saratoga
Gansevoort,Saratoga
Greenfield Center,Saratoga
Hadley,Saratoga
Middle Grove,Saratoga
Porter Corners,Saratoga
Rock City Falls,Saratoga
Saratoga Springs,Saratoga
Schuylerville,Saratoga
Victory Mills,Saratoga
Alplaus,Schenectady
Delanson,Schenectady
Duanesburg,Schenectady
Pattersonville,Schenectady
Quaker Street,Schenectady
Rotterdam Junction,Schenectady
Schenectady,Schenectady
Schenectady,Schenectady
Schenectady,Schenectady
Schenectady,Schenectady
Schenectady,Schenectady
Schenectady,Schenectady
Schenectady,Schenectady
Schenectady,Schenectady
Schenectady,Schenectady
Schenectady,Schenectady
Schenectady,Schenectady
Carlisle,Schoharie
Central Bridge,Schoharie
Charlotteville,Schoharie
Cobleskill,Schoharie
Fultonham,Schoharie
Gallupville,Schoharie
Gilboa,Schoharie
Howes Cave,Schoharie
Jefferson,Schoharie
Middleburgh,Schoharie
North Blenheim,Schoharie
Richmondville,Schoharie
Schoharie,Schoharie
Sloansville,Schoharie
Summit,Schoharie
Warnerville,Schoharie
West Fulton,Schoharie
Sharon Springs,Schoharie
Alpine,Schuyler
Beaver Dams,Schuyler
Burdett,Schuyler
Cayuta,Schuyler
Hector,Schuyler
Mecklenburg,Schuyler
Montour Falls,Schuyler
Odessa,Schuyler
Reading Center,Schuyler
Tyrone,Schuyler
Watkins Glen,Schuyler
Wayne,Schuyler
Fayette,Seneca
Seneca Falls,Seneca
Waterloo,Seneca
Ovid,Seneca
Romulus,Seneca
Willard,Seneca
Interlaken,Seneca
Lodi,Seneca
Perkinsville,Steuben
Wayland,Steuben
Addison,Steuben
Arkport,Steuben
Atlanta,Steuben
Avoca,Steuben
Bath,Steuben
Bradford,Steuben
Cameron,Steuben
Cameron Mills,Steuben
Campbell,Steuben
Canisteo,Steuben
Cohocton,Steuben
Coopers Plains,Steuben
Corning,Steuben
Corning,Steuben
Greenwood,Steuben
Hammondsport,Steuben
Hornell,Steuben
Jasper,Steuben
Kanona,Steuben
Lindley,Steuben
Painted Post,Steuben
Prattsburgh,Steuben
Pulteney,Steuben
Rexville,Steuben
Savona,Steuben
Troupsburg,Steuben
Woodhull,Steuben
Holtsville,Suffolk
Holtsville,Suffolk
Fishers Island,Suffolk
Amityville,Suffolk
Babylon,Suffolk
North Babylon,Suffolk
West Babylon,Suffolk
Bayport,Suffolk
Bay Shore,Suffolk
West Babylon,Suffolk
Bellport,Suffolk
Blue Point,Suffolk
Bohemia,Suffolk
Brentwood,Suffolk
Brightwaters,Suffolk
Brookhaven,Suffolk
Centereach,Suffolk
Centerport,Suffolk
Central Islip,Suffolk
Cold Spring Harbor,Suffolk
Commack,Suffolk
Copiague,Suffolk
Coram,Suffolk
Deer Park,Suffolk
East Islip,Suffolk
East Northport,Suffolk
East Setauket,Suffolk
Farmingville,Suffolk
Great River,Suffolk
Greenlawn,Suffolk
Holbrook,Suffolk
Holtsville,Suffolk
Huntington,Suffolk
Huntington Station,Suffolk
Melville,Suffolk
Islandia,Suffolk
Islip,Suffolk
Islip Terrace,Suffolk
Kings Park,Suffolk
Lake Grove,Suffolk
Lindenhurst,Suffolk
Melville,Suffolk
Medford,Suffolk
Miller Place,Suffolk
Mount Sinai,Suffolk
Nesconset,Suffolk
Northport,Suffolk
Oakdale,Suffolk
Ocean Beach,Suffolk
Patchogue,Suffolk
Melville,Suffolk
Port Jefferson Station,Suffolk
Port Jefferson,Suffolk
Rocky Point,Suffolk
Ronkonkoma,Suffolk
Saint James,Suffolk
Sayville,Suffolk
Selden,Suffolk
Shoreham,Suffolk
Smithtown,Suffolk
Hauppauge,Suffolk
Sound Beach,Suffolk
Stony Brook,Suffolk
Wading River,Suffolk
Stony Brook,Suffolk
West Islip,Suffolk
West Sayville,Suffolk
Wyandanch,Suffolk
Riverhead,Suffolk
Amagansett,Suffolk
Aquebogue,Suffolk
Bridgehampton,Suffolk
Calverton,Suffolk
Center Moriches,Suffolk
Cutchogue,Suffolk
East Hampton,Suffolk
East Marion,Suffolk
East Moriches,Suffolk
Eastport,Suffolk
East Quogue,Suffolk
Greenport,Suffolk
Hampton Bays,Suffolk
Jamesport,Suffolk
Laurel,Suffolk
Manorville,Suffolk
Mastic,Suffolk
Mastic Beach,Suffolk
Mattituck,Suffolk
Middle Island,Suffolk
Montauk,Suffolk
Moriches,Suffolk
New Suffolk,Suffolk
Orient,Suffolk
Peconic,Suffolk
Quogue,Suffolk
Remsenburg,Suffolk
Ridge,Suffolk
Sagaponack,Suffolk
Sag Harbor,Suffolk
Shelter Island,Suffolk
Shelter Island Heights,Suffolk
Shirley,Suffolk
Southampton,Suffolk
Southampton,Suffolk
South Jamesport,Suffolk
Southold,Suffolk
Speonk,Suffolk
Upton,Suffolk
Wainscott,Suffolk
Water Mill,Suffolk
Westhampton,Suffolk
Westhampton Beach,Suffolk
Yaphank,Suffolk
Monticello,Sullivan
Barryville,Sullivan
Bethel,Sullivan
Bloomingburg,Sullivan
Burlingham,Sullivan
Callicoon,Sullivan
Callicoon Center,Sullivan
Claryville,Sullivan
Cochecton,Sullivan
Cochecton Center,Sullivan
Eldred,Sullivan
Fallsburg,Sullivan
Ferndale,Sullivan
Fremont Center,Sullivan
Glen Spey,Sullivan
Glen Wild,Sullivan
Grahamsville,Sullivan
Hankins,Sullivan
Harris,Sullivan
Highland Lake,Sullivan
Hortonville,Sullivan
Hurleyville,Sullivan
Jeffersonville,Sullivan
Kauneonga Lake,Sullivan
Kenoza Lake,Sullivan
Kiamesha Lake,Sullivan
Lake Huntington,Sullivan
Liberty,Sullivan
Livingston Manor,Sullivan
Loch Sheldrake,Sullivan
Long Eddy,Sullivan
Mongaup Valley,Sullivan
Mountain Dale,Sullivan
Narrowsburg,Sullivan
Neversink,Sullivan
North Branch,Sullivan
Obernburg,Sullivan
Parksville,Sullivan
Phillipsport,Sullivan
Pond Eddy,Sullivan
Rock Hill,Sullivan
Roscoe,Sullivan
Forestburgh,Sullivan
Smallwood,Sullivan
South Fallsburg,Sullivan
Summitville,Sullivan
Swan Lake,Sullivan
Thompsonville,Sullivan
Westbrookville,Sullivan
White Lake,Sullivan
White Sulphur Springs,Sullivan
Woodbourne,Sullivan
Woodridge,Sullivan
Wurtsboro,Sullivan
Youngsville,Sullivan
Yulan,Sullivan
Apalachin,Tioga
Barton,Tioga
Berkshire,Tioga
Candor,Tioga
Newark Valley,Tioga
Nichols,Tioga
Owego,Tioga
Richford,Tioga
Smithboro,Tioga
Tioga Center,Tioga
Willseyville,Tioga
Lockwood,Tioga
Spencer,Tioga
Waverly,Tioga
Dryden,Tompkins
Etna,Tompkins
Freeville,Tompkins
Groton,Tompkins
Mc Lean,Tompkins
Brooktondale,Tompkins
Ithaca,Tompkins
Ithaca,Tompkins
Ithaca,Tompkins
Ithaca,Tompkins
Jacksonville,Tompkins
Newfield,Tompkins
Slaterville Springs,Tompkins
Lansing,Tompkins
Trumansburg,Tompkins
Kingston,Ulster
Kingston,Ulster
Accord,Ulster
Bearsville,Ulster
Big Indian,Ulster
Bloomington,Ulster
Boiceville,Ulster
Chichester,Ulster
Connelly,Ulster
Cottekill,Ulster
Cragsmoor,Ulster
Ellenville,Ulster
Esopus,Ulster
Glasco,Ulster
Glenford,Ulster
Greenfield Park,Ulster
High Falls,Ulster
Highmount,Ulster
Hurley,Ulster
Kerhonkson,Ulster
Lake Hill,Ulster
Lake Katrine,Ulster
Malden On Hudson,Ulster
Mount Marion,Ulster
Mount Tremper,Ulster
Napanoch,Ulster
Olivebridge,Ulster
Phoenicia,Ulster
Pine Hill,Ulster
Port Ewen,Ulster
Rifton,Ulster
Rosendale,Ulster
Ruby,Ulster
Saugerties,Ulster
Shandaken,Ulster
Shokan,Ulster
Spring Glen,Ulster
Stone Ridge,Ulster
Tillson,Ulster
Ulster Park,Ulster
Wawarsing,Ulster
West Camp,Ulster
West Hurley,Ulster
West Park,Ulster
West Shokan,Ulster
Willow,Ulster
Woodstock,Ulster
Clintondale,Ulster
Gardiner,Ulster
Highland,Ulster
Marlboro,Ulster
Milton,Ulster
Modena,Ulster
New Paltz,Ulster
Plattekill,Ulster
Walker Valley,Ulster
Wallkill,Ulster
Glens Falls,Warren
Queensbury,Warren
Adirondack,Warren
Athol,Warren
Bakers Mills,Warren
Bolton Landing,Warren
Brant Lake,Warren
Chestertown,Warren
Cleverdale,Warren
Diamond Point,Warren
Hague,Warren
Johnsburg,Warren
Kattskill Bay,Warren
Lake George,Warren
Lake Luzerne,Warren
North Creek,Warren
North River,Warren
Pottersville,Warren
Riparius,Warren
Silver Bay,Warren
Stony Creek,Warren
Warrensburg,Warren
Wevertown,Warren
Eagle Bridge,Washington
Argyle,Washington
Cambridge,Washington
Clemons,Washington
Comstock,Washington
Cossayuna,Washington
Fort Ann,Washington
Fort Edward,Washington
Granville,Washington
Greenwich,Washington
Hampton,Washington
Hartford,Washington
Hudson Falls,Washington
Huletts Landing,Washington
Middle Falls,Washington
Middle Granville,Washington
North Granville,Washington
Putnam Station,Washington
Salem,Washington
Shushan,Washington
Whitehall,Washington
Red Creek,Wayne
Savannah,Wayne
South Butler,Wayne
Alton,Wayne
Clyde,Wayne
East Williamson,Wayne
Lyons,Wayne
Macedon,Wayne
Marion,Wayne
Newark,Wayne
North Rose,Wayne
Ontario,Wayne
Ontario Center,Wayne
Palmyra,Wayne
Pultneyville,Wayne
Rose,Wayne
Sodus,Wayne
Sodus Point,Wayne
Union Hill,Wayne
Walworth,Wayne
Williamson,Wayne
Wolcott,Wayne
Amawalk,Westchester
Ardsley,Westchester
Ardsley On Hudson,Westchester
Armonk,Westchester
Baldwin Place,Westchester
Bedford,Westchester
Bedford Hills,Westchester
Briarcliff Manor,Westchester
Buchanan,Westchester
Chappaqua,Westchester
Crompond,Westchester
Cross River,Westchester
Croton Falls,Westchester
Croton On Hudson,Westchester
Croton On Hudson,Westchester
Dobbs Ferry,Westchester
Elmsford,Westchester
Goldens Bridge,Westchester
Granite Springs,Westchester
Harrison,Westchester
Hartsdale,Westchester
Hawthorne,Westchester
Irvington,Westchester
Jefferson Valley,Westchester
Katonah,Westchester
Larchmont,Westchester
Lincolndale,Westchester
Mamaroneck,Westchester
Maryknoll,Westchester
Millwood,Westchester
Mohegan Lake,Westchester
Montrose,Westchester
Mount Kisco,Westchester
Mount Vernon,Westchester
Mount Vernon,Westchester
Mount Vernon,Westchester
Mount Vernon,Westchester
North Salem,Westchester
Ossining,Westchester
Peekskill,Westchester
Cortlandt Manor,Westchester
Pleasantville,Westchester
Port Chester,Westchester
Pound Ridge,Westchester
Purchase,Westchester
Purdys,Westchester
Rye,Westchester
Scarsdale,Westchester
Shenorock,Westchester
Shrub Oak,Westchester
Somers,Westchester
South Salem,Westchester
Tarrytown,Westchester
Thornwood,Westchester
Valhalla,Westchester
Verplanck,Westchester
Waccabuc,Westchester
Yorktown Heights,Westchester
White Plains,Westchester
White Plains,Westchester
White Plains,Westchester
West Harrison,Westchester
White Plains,Westchester
White Plains,Westchester
White Plains,Westchester
White Plains,Westchester
Yonkers,Westchester
Yonkers,Westchester
Yonkers,Westchester
Yonkers,Westchester
Yonkers,Westchester
Hastings On Hudson,Westchester
Tuckahoe,Westchester
Bronxville,Westchester
Eastchester,Westchester
Yonkers,Westchester
New Rochelle,Westchester
New Rochelle,Westchester
Pelham,Westchester
New Rochelle,Westchester
New Rochelle,Westchester
Arcade,Wyoming
Attica,Wyoming
Bliss,Wyoming
Cowlesville,Wyoming
Dale,Wyoming
Gainesville,Wyoming
Java Center,Wyoming
Java Village,Wyoming
North Java,Wyoming
Pike,Wyoming
Strykersville,Wyoming
Varysburg,Wyoming
Castile,Wyoming
Perry,Wyoming
Portageville,Wyoming
Silver Lake,Wyoming
Silver Springs,Wyoming
Warsaw,Wyoming
Wyoming,Wyoming
Bellona,Yates
Branchport,Yates
Dresden,Yates
Keuka Park,Yates
Middlesex,Yates
Penn Yan,Yates
Rushville,Yates
Dundee,Yates
Himrod,Yates
Lakemont,Yates
Rock Stream,Yates
Bentonville,Adams
Manchester,Adams
Blue Creek,Adams
Cherry Fork,Adams
Lynx,Adams
Peebles,Adams
Seaman,Adams
West Union,Adams
Winchester,Adams
Lima,Allen
Lima,Allen
Lima,Allen
Lima,Allen
Lima,Allen
Beaverdam,Allen
Gomer,Allen
Bluffton,Allen
Cairo,Allen
Delphos,Allen
Harrod,Allen
Lafayette,Allen
Spencerville,Allen
Ashland,Ashland
Hayesville,Ashland
Jeromesville,Ashland
Loudonville,Ashland
Nankin,Ashland
Nova,Ashland
Perrysville,Ashland
Polk,Ashland
Savannah,Ashland
Sullivan,Ashland
Andover,Ashtabula
Ashtabula,Ashtabula
Ashtabula,Ashtabula
Austinburg,Ashtabula
Conneaut,Ashtabula
Dorset,Ashtabula
Geneva,Ashtabula
Jefferson,Ashtabula
Kingsville,Ashtabula
North Kingsville,Ashtabula
Orwell,Ashtabula
Pierpont,Ashtabula
Rock Creek,Ashtabula
Rome,Ashtabula
Unionville,Ashtabula
Williamsfield,Ashtabula
Windsor,Ashtabula
Athens,Athens
Albany,Athens
Amesville,Athens
Buchtel,Athens
Carbondale,Athens
Chauncey,Athens
Coolville,Athens
Glouster,Athens
Guysville,Athens
Hockingport,Athens
Jacksonville,Athens
Millfield,Athens
Nelsonville,Athens
New Marshfield,Athens
Shade,Athens
Sharpsburg,Athens
Stewart,Athens
The Plains,Athens
Trimble,Athens
Lima,Auglaize
Buckland,Auglaize
Minster,Auglaize
New Bremen,Auglaize
New Hampshire,Auglaize
New Knoxville,Auglaize
Saint Johns,Auglaize
Saint Marys,Auglaize
Uniopolis,Auglaize
Wapakoneta,Auglaize
Waynesfield,Auglaize
Barnesville,Belmont
Belmont,Belmont
Bethesda,Belmont
Morristown,Belmont
Alledonia,Belmont
Barton,Belmont
Bellaire,Belmont
Blaine,Belmont
Bridgeport,Belmont
Colerain,Belmont
Fairpoint,Belmont
Glencoe,Belmont
Jacobsburg,Belmont
Lansing,Belmont
Martins Ferry,Belmont
Maynard,Belmont
Neffs,Belmont
Powhatan Point,Belmont
Shadyside,Belmont
Saint Clairsville,Belmont
Lafferty,Belmont
Warnock,Belmont
Bannock,Belmont
Flushing,Belmont
Piedmont,Belmont
Holloway,Belmont
Aberdeen,Brown
Decatur,Brown
Fayetteville,Brown
Feesburg,Brown
Georgetown,Brown
Hamersville,Brown
Higginsport,Brown
Mount Orab,Brown
Ripley,Brown
Russellville,Brown
Sardinia,Brown
Cincinnati,Brown
College Corner,Butler
Collinsville,Butler
Hamilton,Butler
Hamilton,Butler
Hamilton,Butler
Fairfield,Butler
Hamilton,Butler
Fairfield,Butler
Middletown,Butler
Middletown,Butler
Monroe,Butler
Okeana,Butler
Overpeck,Butler
Oxford,Butler
Ross,Butler
Seven Mile,Butler
Shandon,Butler
Somerville,Butler
Trenton,Butler
West Chester,Butler
West Chester,Butler
Augusta,Carroll
Carrollton,Carroll
Dellroy,Carroll
Leesville,Carroll
Malvern,Carroll
Mechanicstown,Carroll
Sherrodsville,Carroll
Cable,Champaign
Mechanicsburg,Champaign
Mingo,Champaign
North Lewisburg,Champaign
Rosewood,Champaign
Saint Paris,Champaign
Urbana,Champaign
Westville,Champaign
Woodstock,Champaign
Christiansburg,Champaign
Catawba,Clark
Donnelsville,Clark
Enon,Clark
Medway,Clark
New Carlisle,Clark
North Hampton,Clark
South Charleston,Clark
South Vienna,Clark
Tremont City,Clark
Springfield,Clark
Springfield,Clark
Springfield,Clark
Springfield,Clark
Springfield,Clark
Springfield,Clark
Amelia,Clermont
Batavia,Clermont
Bethel,Clermont
Chilo,Clermont
Felicity,Clermont
Goshen,Clermont
Loveland,Clermont
Miamiville,Clermont
Milford,Clermont
Moscow,Clermont
Neville,Clermont
New Richmond,Clermont
Newtonsville,Clermont
Owensville,Clermont
Williamsburg,Clermont
Cincinnati,Clermont
Blanchester,Clinton
Clarksville,Clinton
Cuba,Clinton
Martinsville,Clinton
Midland,Clinton
New Vienna,Clinton
Port William,Clinton
Reesville,Clinton
Sabina,Clinton
Wilmington,Clinton
East Liverpool,Columbiana
Salineville,Columbiana
Summitville,Columbiana
Wellsville,Columbiana
Columbiana,Columbiana
East Palestine,Columbiana
Elkton,Columbiana
Hanoverton,Columbiana
Kensington,Columbiana
Leetonia,Columbiana
Lisbon,Columbiana
Negley,Columbiana
New Waterford,Columbiana
Rogers,Columbiana
Salem,Columbiana
Washingtonville,Columbiana
West Point,Columbiana
Winona,Columbiana
East Rochester,Columbiana
Homeworth,Columbiana
North Georgetown,Columbiana
Bakersville,Coshocton
Blissfield,Coshocton
Conesville,Coshocton
Coshocton,Coshocton
Fresno,Coshocton
Keene,Coshocton
Plainfield,Coshocton
Walhonding,Coshocton
Warsaw,Coshocton
West Lafayette,Coshocton
Bucyrus,Crawford
Chatfield,Crawford
Crestline,Crawford
Galion,Crawford
New Washington,Crawford
North Robinson,Crawford
Oceola,Crawford
Sulphur Springs,Crawford
Tiro,Crawford
Berea,Cuyahoga
Chagrin Falls,Cuyahoga
Gates Mills,Cuyahoga
North Olmsted,Cuyahoga
Cleveland,Cuyahoga
Cleveland,Cuyahoga
Cleveland,Cuyahoga
Cleveland,Cuyahoga
Cleveland,Cuyahoga
Cleveland,Cuyahoga
Lakewood,Cuyahoga
Cleveland,Cuyahoga
Cleveland,Cuyahoga
Cleveland,Cuyahoga
Cleveland,Cuyahoga
Cleveland,Cuyahoga
Cleveland,Cuyahoga
Cleveland,Cuyahoga
Cleveland,Cuyahoga
Rocky River,Cuyahoga
Euclid,Cuyahoga
Cleveland,Cuyahoga
Cleveland,Cuyahoga
Cleveland,Cuyahoga
Cleveland,Cuyahoga
Beachwood,Cuyahoga
Euclid,Cuyahoga
Cleveland,Cuyahoga
Cleveland,Cuyahoga
Cleveland,Cuyahoga
Cleveland,Cuyahoga
Cleveland,Cuyahoga
Cleveland,Cuyahoga
Cleveland,Cuyahoga
Independence,Cuyahoga
Euclid,Cuyahoga
North Royalton,Cuyahoga
Cleveland,Cuyahoga
Cleveland,Cuyahoga
Strongsville,Cuyahoga
Maple Heights,Cuyahoga
Olmsted Falls,Cuyahoga
Solon,Cuyahoga
Bay Village,Cuyahoga
Brecksville,Cuyahoga
Brookpark,Cuyahoga
Cleveland,Cuyahoga
Cleveland,Cuyahoga
Westlake,Cuyahoga
Bedford,Cuyahoga
Broadview Heights,Cuyahoga
Cleveland,Cuyahoga
Cleveland,Cuyahoga
Cleveland,Cuyahoga
Cleveland,Cuyahoga
Cleveland,Cuyahoga
Cleveland,Cuyahoga
Cleveland,Cuyahoga
Cleveland,Cuyahoga
Cleveland,Cuyahoga
Cleveland,Cuyahoga
Cleveland,Cuyahoga
Ansonia,Darke
Arcanum,Darke
Gettysburg,Darke
Greenville,Darke
Hollansburg,Darke
New Madison,Darke
New Weston,Darke
North Star,Darke
Osgood,Darke
Palestine,Darke
Pitsburg,Darke
Rossburg,Darke
Versailles,Darke
Yorkshire,Darke
Union City,Darke
Defiance,Defiance
Evansport,Defiance
Farmer,Defiance
Hicksville,Defiance
Jewell,Defiance
Mark Center,Defiance
Ney,Defiance
Sherwood,Defiance
Ashley,Delaware
Delaware,Delaware
Galena,Delaware
Kilbourne,Delaware
Lewis Center,Delaware
Ostrander,Delaware
Powell,Delaware
Radnor,Delaware
Sunbury,Delaware
Westerville,Delaware
Kelleys Island,Erie
Vermilion,Erie
Berlin Heights,Erie
Birmingham,Erie
Castalia,Erie
Huron,Erie
Milan,Erie
Sandusky,Erie
Sandusky,Erie
Millersport,Fairfield
Amanda,Fairfield
Baltimore,Fairfield
Bremen,Fairfield
Canal Winchester,Fairfield
Carroll,Fairfield
Lancaster,Fairfield
Lithopolis,Fairfield
Pickerington,Fairfield
Pleasantville,Fairfield
Rushville,Fairfield
Stoutsville,Fairfield
Sugar Grove,Fairfield
Thurston,Fairfield
Bloomingburg,Fayette
Jeffersonville,Fayette
Milledgeville,Fayette
Washington Court House,Fayette
Amlin,Franklin
Blacklick,Franklin
Dublin,Franklin
Dublin,Franklin
Hilliard,Franklin
New Albany,Franklin
Reynoldsburg,Franklin
Reynoldsburg,Franklin
Westerville,Franklin
Columbus,Franklin
Westerville,Franklin
Brice,Franklin
Galloway,Franklin
Grove City,Franklin
Groveport,Franklin
Harrisburg,Franklin
Lockbourne,Franklin
Groveport,Franklin
Groveport,Franklin
Columbus,Franklin
Columbus,Franklin
Columbus,Franklin
Columbus,Franklin
Columbus,Franklin
Columbus,Franklin
Columbus,Franklin
Columbus,Franklin
Columbus,Franklin
Columbus,Franklin
Columbus,Franklin
Columbus,Franklin
Columbus,Franklin
Columbus,Franklin
Columbus,Franklin
Columbus,Franklin
Columbus,Franklin
Columbus,Franklin
Columbus,Franklin
Columbus,Franklin
Columbus,Franklin
Columbus,Franklin
Columbus,Franklin
Columbus,Franklin
Columbus,Franklin
Columbus,Franklin
Columbus,Franklin
Columbus,Franklin
Columbus,Franklin
Columbus,Franklin
Columbus,Franklin
Columbus,Franklin
Columbus,Franklin
Columbus,Franklin
Columbus,Franklin
Columbus,Franklin
Columbus,Franklin
Columbus,Franklin
Columbus,Franklin
Columbus,Franklin
Columbus,Franklin
Columbus,Franklin
Columbus,Franklin
Columbus,Franklin
Archbold,Fulton
Delta,Fulton
Fayette,Fulton
Lyons,Fulton
Metamora,Fulton
Pettisville,Fulton
Swanton,Fulton
Wauseon,Fulton
Bidwell,Gallia
Cheshire,Gallia
Crown City,Gallia
Gallipolis,Gallia
Kerr,Gallia
Patriot,Gallia
Rio Grande,Gallia
Thurman,Gallia
Vinton,Gallia
Burton,Geauga
Chagrin Falls,Geauga
Chardon,Geauga
Chesterland,Geauga
East Claridon,Geauga
Huntsburg,Geauga
Middlefield,Geauga
Montville,Geauga
Newbury,Geauga
Novelty,Geauga
Novelty,Geauga
Parkman,Geauga
Thompson,Geauga
Alpha,Greene
Bellbrook,Greene
Bowersville,Greene
Cedarville,Greene
Clifton,Greene
Fairborn,Greene
Jamestown,Greene
Spring Valley,Greene
Wilberforce,Greene
Xenia,Greene
Yellow Springs,Greene
Dayton,Greene
Dayton,Greene
Buffalo,Guernsey
Byesville,Guernsey
Cambridge,Guernsey
Cumberland,Guernsey
Derwent,Guernsey
Fairview,Guernsey
Kimbolton,Guernsey
Kipling,Guernsey
Lore City,Guernsey
Old Washington,Guernsey
Pleasant City,Guernsey
Quaker City,Guernsey
Salesville,Guernsey
Senecaville,Guernsey
Addyston,Hamilton
Cleves,Hamilton
Harrison,Hamilton
Hooven,Hamilton
Miamitown,Hamilton
Mount Saint Joseph,Hamilton
North Bend,Hamilton
Camp Dennison,Hamilton
Terrace Park,Hamilton
Cincinnati,Hamilton
Cincinnati,Hamilton
Cincinnati,Hamilton
Cincinnati,Hamilton
Cincinnati,Hamilton
Cincinnati,Hamilton
Cincinnati,Hamilton
Cincinnati,Hamilton
Cincinnati,Hamilton
Cincinnati,Hamilton
Cincinnati,Hamilton
Cincinnati,Hamilton
Cincinnati,Hamilton
Cincinnati,Hamilton
Cincinnati,Hamilton
Cincinnati,Hamilton
Cincinnati,Hamilton
Cincinnati,Hamilton
Cincinnati,Hamilton
Cincinnati,Hamilton
Cincinnati,Hamilton
Cincinnati,Hamilton
Cincinnati,Hamilton
Cincinnati,Hamilton
Cincinnati,Hamilton
Cincinnati,Hamilton
Cincinnati,Hamilton
Cincinnati,Hamilton
Cincinnati,Hamilton
Cincinnati,Hamilton
Cincinnati,Hamilton
Cincinnati,Hamilton
Cincinnati,Hamilton
Cincinnati,Hamilton
Cincinnati,Hamilton
Cincinnati,Hamilton
Cincinnati,Hamilton
Cincinnati,Hamilton
Cincinnati,Hamilton
Cincinnati,Hamilton
Cincinnati,Hamilton
Cincinnati,Hamilton
Cincinnati,Hamilton
Cincinnati,Hamilton
Cincinnati,Hamilton
Cincinnati,Hamilton
Cincinnati,Hamilton
Cincinnati,Hamilton
Cincinnati,Hamilton
Cincinnati,Hamilton
Cincinnati,Hamilton
Cincinnati,Hamilton
Cincinnati,Hamilton
Cincinnati,Hamilton
Cincinnati,Hamilton
Cincinnati,Hamilton
Cincinnati,Hamilton
Cincinnati,Hamilton
Cincinnati,Hamilton
Cincinnati,Hamilton
Cincinnati,Hamilton
Cincinnati,Hamilton
Cincinnati,Hamilton
Cincinnati,Hamilton
Cincinnati,Hamilton
Cincinnati,Hamilton
Cincinnati,Hamilton
Cincinnati,Hamilton
Cincinnati,Hamilton
Arcadia,Hancock
Arlington,Hancock
Benton Ridge,Hancock
Findlay,Hancock
Findlay,Hancock
Jenera,Hancock
Mc Comb,Hancock
Mount Blanchard,Hancock
Mount Cory,Hancock
Rawson,Hancock
Van Buren,Hancock
Vanlue,Hancock
Williamstown,Hancock
Kenton,Hardin
Mount Victory,Hardin
Ridgeway,Hardin
Roundhead,Hardin
Ada,Hardin
Alger,Hardin
Dola,Hardin
Dunkirk,Hardin
Forest,Hardin
Mc Guffey,Hardin
Cadiz,Harrison
Freeport,Harrison
Harrisville,Harrison
Hopedale,Harrison
New Athens,Harrison
New Rumley,Harrison
Jewett,Harrison
Scio,Harrison
Deersville,Harrison
Bowerston,Harrison
Tippecanoe,Harrison
Colton,Henry
Deshler,Henry
Grelton,Henry
Hamler,Henry
Holgate,Henry
Liberty Center,Henry
Mc Clure,Henry
Malinta,Henry
Napoleon,Henry
New Bavaria,Henry
Okolona,Henry
Ridgeville Corners,Henry
Greenfield,Highland
Highland,Highland
Hillsboro,Highland
Leesburg,Highland
Lynchburg,Highland
Mowrystown,Highland
Sinking Spring,Highland
Carbon Hill,Hocking
Haydenville,Hocking
Laurelville,Hocking
Logan,Hocking
Murray City,Hocking
Rockbridge,Hocking
South Bloomingville,Hocking
Union Furnace,Hocking
Berlin,Holmes
Big Prairie,Holmes
Charm,Holmes
Glenmont,Holmes
Holmesville,Holmes
Killbuck,Holmes
Lakeville,Holmes
Millersburg,Holmes
Mount Hope,Holmes
Nashville,Holmes
Walnut Creek,Holmes
Winesburg,Holmes
Bellevue,Huron
Collins,Huron
Greenwich,Huron
Monroeville,Huron
New Haven,Huron
New London,Huron
North Fairfield,Huron
Norwalk,Huron
Willard,Huron
Wakeman,Huron
Willard,Huron
Coalton,Jackson
Jackson,Jackson
Oak Hill,Jackson
Wellston,Jackson
Adena,Jefferson
Amsterdam,Jefferson
Bergholz,Jefferson
Bloomingdale,Jefferson
Brilliant,Jefferson
Dillonvale,Jefferson
East Springfield,Jefferson
Empire,Jefferson
Hammondsville,Jefferson
Irondale,Jefferson
Mingo Junction,Jefferson
Mount Pleasant,Jefferson
Piney Fork,Jefferson
Rayland,Jefferson
Richmond,Jefferson
Smithfield,Jefferson
Steubenville,Jefferson
Steubenville,Jefferson
Stratton,Jefferson
Tiltonsville,Jefferson
Toronto,Jefferson
Wolf Run,Jefferson
Yorkville,Jefferson
Bladensburg,Knox
Brinkhaven,Knox
Centerburg,Knox
Danville,Knox
Fredericktown,Knox
Gambier,Knox
Howard,Knox
Martinsburg,Knox
Mount Liberty,Knox
Mount Vernon,Knox
Grand River,Lake
Madison,Lake
Mentor,Lake
Mentor,Lake
Painesville,Lake
Perry,Lake
Wickliffe,Lake
Willoughby,Lake
Eastlake,Lake
Willoughby,Lake
Eastlake,Lake
Chesapeake,Lawrence
Ironton,Lawrence
Kitts Hill,Lawrence
Pedro,Lawrence
Proctorville,Lawrence
Rock Camp,Lawrence
Scottown,Lawrence
South Point,Lawrence
Waterloo,Lawrence
Willow Wood,Lawrence
Alexandria,Licking
Buckeye Lake,Licking
Croton,Licking
Etna,Licking
Granville,Licking
Hebron,Licking
Homer,Licking
Jacksontown,Licking
Johnstown,Licking
Kirkersville,Licking
Newark,Licking
Heath,Licking
Newark,Licking
Pataskala,Licking
Saint Louisville,Licking
Summit Station,Licking
Utica,Licking
Newark,Licking
Brownsville,Licking
Gratiot,Licking
Belle Center,Logan
Bellefontaine,Logan
De Graff,Logan
East Liberty,Logan
Huntsville,Logan
Lakeview,Logan
Lewistown,Logan
Middleburg,Logan
Quincy,Logan
Rushsylvania,Logan
Russells Point,Logan
West Liberty,Logan
West Mansfield,Logan
Zanesfield,Logan
Amherst,Lorain
Avon,Lorain
Avon Lake,Lorain
Columbia Station,Lorain
Elyria,Lorain
Elyria,Lorain
North Ridgeville,Lorain
Grafton,Lorain
Kipton,Lorain
Lagrange,Lorain
Lorain,Lorain
Lorain,Lorain
Sheffield Lake,Lorain
Lorain,Lorain
Oberlin,Lorain
Wellington,Lorain
Harbor View,Lucas
Berkey,Lucas
Holland,Lucas
Maumee,Lucas
Monclova,Lucas
Neapolis,Lucas
Sylvania,Lucas
Waterville,Lucas
Whitehouse,Lucas
Toledo,Lucas
Toledo,Lucas
Toledo,Lucas
Toledo,Lucas
Toledo,Lucas
Toledo,Lucas
Toledo,Lucas
Toledo,Lucas
Toledo,Lucas
Toledo,Lucas
Toledo,Lucas
Toledo,Lucas
Toledo,Lucas
Toledo,Lucas
Oregon,Lucas
Toledo,Lucas
Toledo,Lucas
Toledo,Lucas
Toledo,Lucas
Toledo,Lucas
Toledo,Lucas
Toledo,Lucas
Toledo,Lucas
Toledo,Lucas
Toledo,Lucas
Toledo,Lucas
Toledo,Lucas
Toledo,Lucas
Toledo,Lucas
Toledo,Lucas
Toledo,Lucas
Toledo,Lucas
Plain City,Madison
London,Madison
Mount Sterling,Madison
Sedalia,Madison
South Solon,Madison
West Jefferson,Madison
Berlin Center,Mahoning
Campbell,Mahoning
Canfield,Mahoning
Ellsworth,Mahoning
Greenford,Mahoning
Lake Milton,Mahoning
Lowellville,Mahoning
New Middletown,Mahoning
New Springfield,Mahoning
North Benton,Mahoning
North Jackson,Mahoning
North Lima,Mahoning
Petersburg,Mahoning
Struthers,Mahoning
Youngstown,Mahoning
Youngstown,Mahoning
Youngstown,Mahoning
Youngstown,Mahoning
Youngstown,Mahoning
Youngstown,Mahoning
Youngstown,Mahoning
Youngstown,Mahoning
Youngstown,Mahoning
Youngstown,Mahoning
Youngstown,Mahoning
Youngstown,Mahoning
Youngstown,Mahoning
Youngstown,Mahoning
Youngstown,Mahoning
Beloit,Mahoning
Damascus,Mahoning
Sebring,Mahoning
Marion,Marion
Marion,Marion
Caledonia,Marion
Green Camp,Marion
La Rue,Marion
Martel,Marion
Morral,Marion
New Bloomington,Marion
Prospect,Marion
Waldo,Marion
Strongsville,Medina
Brunswick,Medina
Chippewa Lake,Medina
Hinckley,Medina
Homerville,Medina
Westfield Center,Medina
Litchfield,Medina
Lodi,Medina
Medina,Medina
Medina,Medina
Seville,Medina
Sharon Center,Medina
Spencer,Medina
Valley City,Medina
Wadsworth,Medina
Wadsworth,Medina
Chester,Meigs
Langsville,Meigs
Long Bottom,Meigs
Middleport,Meigs
Pomeroy,Meigs
Portland,Meigs
Racine,Meigs
Reedsville,Meigs
Rutland,Meigs
Syracuse,Meigs
Tuppers Plains,Meigs
Burkettsville,Mercer
Celina,Mercer
Chickasaw,Mercer
Coldwater,Mercer
Fort Recovery,Mercer
Maria Stein,Mercer
Mendon,Mercer
Montezuma,Mercer
Rockford,Mercer
Saint Henry,Mercer
Bradford,Miami
Casstown,Miami
Conover,Miami
Covington,Miami
Fletcher,Miami
Laura,Miami
Ludlow Falls,Miami
Piqua,Miami
Pleasant Hill,Miami
Potsdam,Miami
Tipp City,Miami
Troy,Miami
Troy,Miami
West Milton,Miami
Beallsville,Monroe
Jerusalem,Monroe
Laings,Monroe
Lewisville,Monroe
Malaga,Monroe
Stafford,Monroe
Woodsfield,Monroe
Cameron,Monroe
Clarington,Monroe
Hannibal,Monroe
Sardis,Monroe
Graysville,Monroe
Brookville,Montgomery
Clayton,Montgomery
Englewood,Montgomery
Farmersville,Montgomery
Germantown,Montgomery
Miamisburg,Montgomery
Miamisburg,Montgomery
New Lebanon,Montgomery
Phillipsburg,Montgomery
Vandalia,Montgomery
Dayton,Montgomery
Dayton,Montgomery
Dayton,Montgomery
Dayton,Montgomery
Dayton,Montgomery
Dayton,Montgomery
Dayton,Montgomery
Dayton,Montgomery
Dayton,Montgomery
Dayton,Montgomery
Dayton,Montgomery
Dayton,Montgomery
Dayton,Montgomery
Dayton,Montgomery
Dayton,Montgomery
Dayton,Montgomery
Dayton,Montgomery
Dayton,Montgomery
Dayton,Montgomery
Dayton,Montgomery
Dayton,Montgomery
Dayton,Montgomery
Dayton,Montgomery
Dayton,Montgomery
Dayton,Montgomery
Dayton,Montgomery
Dayton,Montgomery
Dayton,Montgomery
Dayton,Montgomery
Dayton,Montgomery
Dayton,Montgomery
Dayton,Montgomery
Dayton,Montgomery
Dayton,Montgomery
Dayton,Montgomery
Dayton,Montgomery
Dayton,Montgomery
Dayton,Montgomery
Dayton,Montgomery
Dayton,Montgomery
Dayton,Montgomery
Chesterhill,Morgan
Mcconnelsville,Morgan
Malta,Morgan
Stockport,Morgan
Cardington,Morrow
Chesterville,Morrow
Edison,Morrow
Fulton,Morrow
Iberia,Morrow
Marengo,Morrow
Mount Gilead,Morrow
Shauck,Morrow
Sparta,Morrow
Zanesville,Muskingum
Zanesville,Muskingum
Blue Rock,Muskingum
Chandlersville,Muskingum
Duncan Falls,Muskingum
East Fultonham,Muskingum
Fultonham,Muskingum
Hopewell,Muskingum
New Concord,Muskingum
Norwich,Muskingum
Philo,Muskingum
Roseville,Muskingum
White Cottage,Muskingum
Adamsville,Muskingum
Dresden,Muskingum
Frazeysburg,Muskingum
Nashport,Muskingum
Trinway,Muskingum
Ava,Noble
Belle Valley,Noble
Caldwell,Noble
Sarahsville,Noble
Summerfield,Noble
Dexter City,Noble
Clay Center,Ottawa
Curtice,Ottawa
Elmore,Ottawa
Genoa,Ottawa
Graytown,Ottawa
Gypsum,Ottawa
Isle Saint George,Ottawa
Lacarne,Ottawa
Lakeside Marblehead,Ottawa
Martin,Ottawa
Middle Bass,Ottawa
Oak Harbor,Ottawa
Port Clinton,Ottawa
Put In Bay,Ottawa
Rocky Ridge,Ottawa
Williston,Ottawa
Antwerp,Paulding
Cecil,Paulding
Grover Hill,Paulding
Haviland,Paulding
Latty,Paulding
Melrose,Paulding
Oakwood,Paulding
Paulding,Paulding
Payne,Paulding
Thornville,Perry
Corning,Perry
Crooksville,Perry
Glenford,Perry
Junction City,Perry
Mount Perry,Perry
Moxahala,Perry
New Lexington,Perry
New Straitsville,Perry
Shawnee,Perry
Somerset,Perry
Ashville,Pickaway
Circleville,Pickaway
Commercial Point,Pickaway
Derby,Pickaway
Lockbourne,Pickaway
New Holland,Pickaway
Orient,Pickaway
Tarlton,Pickaway
Williamsport,Pickaway
Beaver,Pike
Cynthiana,Pike
Jasper,Pike
Latham,Pike
Piketon,Pike
Stockdale,Pike
Wakefield,Pike
Waverly,Pike
Atwater,Portage
Aurora,Portage
Brady Lake,Portage
Garrettsville,Portage
Hiram,Portage
Kent,Portage
Streetsboro,Portage
Kent,Portage
Kent,Portage
Mantua,Portage
Randolph,Portage
Ravenna,Portage
Rootstown,Portage
Wayland,Portage
Windham,Portage
Deerfield,Portage
Diamond,Portage
West Elkton,Preble
Camden,Preble
Eaton,Preble
Eldorado,Preble
Gratis,Preble
Lewisburg,Preble
New Paris,Preble
Verona,Preble
West Alexandria,Preble
West Manchester,Preble
Belmore,Putnam
Cloverdale,Putnam
Columbus Grove,Putnam
Continental,Putnam
Dupont,Putnam
Fort Jennings,Putnam
Glandorf,Putnam
Kalida,Putnam
Leipsic,Putnam
Miller City,Putnam
Ottawa,Putnam
Ottoville,Putnam
Pandora,Putnam
Vaughnsville,Putnam
Bellville,Richland
Butler,Richland
Lucas,Richland
Ontario,Richland
Plymouth,Richland
Shelby,Richland
Shiloh,Richland
Mansfield,Richland
Mansfield,Richland
Mansfield,Richland
Mansfield,Richland
Mansfield,Richland
Mansfield,Richland
Mansfield,Richland
Adelphi,Ross
Clarksburg,Ross
Chillicothe,Ross
Bainbridge,Ross
Bourneville,Ross
Frankfort,Ross
Hallsville,Ross
Kingston,Ross
Londonderry,Ross
Richmond Dale,Ross
South Salem,Ross
Burgoon,Sandusky
Clyde,Sandusky
Fremont,Sandusky
Gibsonburg,Sandusky
Helena,Sandusky
Lindsey,Sandusky
Vickery,Sandusky
Woodville,Sandusky
Franklin Furnace,Scioto
Friendship,Scioto
Haverhill,Scioto
Lucasville,Scioto
Mc Dermott,Scioto
Minford,Scioto
Otway,Scioto
Portsmouth,Scioto
West Portsmouth,Scioto
Rarden,Scioto
Scioto Furnace,Scioto
South Webster,Scioto
Stout,Scioto
Wheelersburg,Scioto
Lucasville,Scioto
Alvada,Seneca
Attica,Seneca
Bascom,Seneca
Bettsville,Seneca
Bloomville,Seneca
Flat Rock,Seneca
Fostoria,Seneca
Green Springs,Seneca
Kansas,Seneca
Melmore,Seneca
New Riegel,Seneca
Old Fort,Seneca
Republic,Seneca
Tiffin,Seneca
Anna,Shelby
Botkins,Shelby
Houston,Shelby
Jackson Center,Shelby
Kettlersville,Shelby
Maplewood,Shelby
Pemberton,Shelby
Port Jefferson,Shelby
Russia,Shelby
Sidney,Shelby
Sidney,Shelby
Fort Loramie,Shelby
Alliance,Stark
Beach City,Stark
Brewster,Stark
Canal Fulton,Stark
East Sparta,Stark
Greentown,Stark
Hartville,Stark
Limaville,Stark
Louisville,Stark
Magnolia,Stark
Massillon,Stark
Massillon,Stark
Massillon,Stark
Maximo,Stark
Middlebranch,Stark
Minerva,Stark
Navarre,Stark
North Lawrence,Stark
Paris,Stark
Robertsville,Stark
Waynesburg,Stark
Wilmot,Stark
Canton,Stark
Canton,Stark
Canton,Stark
Canton,Stark
Canton,Stark
Canton,Stark
Canton,Stark
Canton,Stark
Canton,Stark
Canton,Stark
Canton,Stark
Canton,Stark
Canton,Stark
North Canton,Stark
Canton,Stark
East Canton,Stark
Canton,Stark
Canton,Stark
Canton,Stark
Canton,Stark
Macedonia,Summit
Northfield,Summit
Twinsburg,Summit
Barberton,Summit
Bath,Summit
Clinton,Summit
Cuyahoga Falls,Summit
Cuyahoga Falls,Summit
Cuyahoga Falls,Summit
Stow,Summit
Green,Summit
Hudson,Summit
Hudson,Summit
Lakemore,Summit
Mogadore,Summit
Munroe Falls,Summit
Peninsula,Summit
Tallmadge,Summit
Richfield,Summit
Akron,Summit
Akron,Summit
Akron,Summit
Akron,Summit
Akron,Summit
Akron,Summit
Akron,Summit
Akron,Summit
Akron,Summit
Akron,Summit
Akron,Summit
Akron,Summit
Akron,Summit
Akron,Summit
Akron,Summit
Akron,Summit
Akron,Summit
Akron,Summit
Akron,Summit
Akron,Summit
Akron,Summit
Akron,Summit
Akron,Summit
Akron,Summit
Fairlawn,Summit
Akron,Summit
Akron,Summit
Akron,Summit
Uniontown,Summit
Bristolville,Trumbull
Brookfield,Trumbull
Burghill,Trumbull
Cortland,Trumbull
Farmdale,Trumbull
Fowler,Trumbull
Girard,Trumbull
Hartford,Trumbull
Hubbard,Trumbull
Kinsman,Trumbull
Leavittsburg,Trumbull
Mc Donald,Trumbull
Masury,Trumbull
Mesopotamia,Trumbull
Mineral Ridge,Trumbull
Newton Falls,Trumbull
Niles,Trumbull
North Bloomfield,Trumbull
Orangeville,Trumbull
Southington,Trumbull
Vienna,Trumbull
Warren,Trumbull
Warren,Trumbull
Warren,Trumbull
Warren,Trumbull
Warren,Trumbull
Warren,Trumbull
West Farmington,Trumbull
Baltic,Tuscarawas
Newcomerstown,Tuscarawas
Port Washington,Tuscarawas
Stone Creek,Tuscarawas
Bolivar,Tuscarawas
Dennison,Tuscarawas
Dover,Tuscarawas
Dundee,Tuscarawas
Gnadenhutten,Tuscarawas
Midvale,Tuscarawas
Mineral City,Tuscarawas
New Philadelphia,Tuscarawas
Sandyville,Tuscarawas
Somerdale,Tuscarawas
Stillwater,Tuscarawas
Strasburg,Tuscarawas
Sugarcreek,Tuscarawas
Tuscarawas,Tuscarawas
Uhrichsville,Tuscarawas
Zoar,Tuscarawas
Broadway,Union
Irwin,Union
Magnetic Springs,Union
Marysville,Union
Marysville,Union
Milford Center,Union
Raymond,Union
Unionville Center,Union
Richwood,Union
Convoy,Van Wert
Elgin,Van Wert
Middle Point,Van Wert
Ohio City,Van Wert
Scott,Van Wert
Van Wert,Van Wert
Venedocia,Van Wert
Willshire,Van Wert
Wren,Van Wert
Creola,Vinton
Hamden,Vinton
Mc Arthur,Vinton
New Plymouth,Vinton
Ray,Vinton
Wilkesville,Vinton
Zaleski,Vinton
Franklin,Warren
Harveysburg,Warren
Kings Mills,Warren
Lebanon,Warren
Maineville,Warren
Mason,Warren
Oregonia,Warren
South Lebanon,Warren
Springboro,Warren
Waynesville,Warren
Morrow,Warren
Pleasant Plain,Warren
Barlow,Washington
Bartlett,Washington
Belpre,Washington
Beverly,Washington
Coal Run,Washington
Cutler,Washington
Fleming,Washington
Little Hocking,Washington
Lowell,Washington
Lower Salem,Washington
Macksburg,Washington
Marietta,Washington
New Matamoras,Washington
Newport,Washington
Reno,Washington
Vincent,Washington
Waterford,Washington
Watertown,Washington
Whipple,Washington
Wingett Run,Washington
Burbank,Wayne
Creston,Wayne
Doylestown,Wayne
Rittman,Wayne
Sterling,Wayne
West Salem,Wayne
Apple Creek,Wayne
Dalton,Wayne
Fredericksburg,Wayne
Kidron,Wayne
Marshallville,Wayne
Mount Eaton,Wayne
Orrville,Wayne
Shreve,Wayne
Smithville,Wayne
Wooster,Wayne
Alvordton,Williams
Blakeslee,Williams
Bryan,Williams
Edgerton,Williams
Edon,Williams
Kunkle,Williams
Montpelier,Williams
Pioneer,Williams
Stryker,Williams
West Unity,Williams
Bowling Green,Wood
Bowling Green,Wood
Bradner,Wood
Cygnet,Wood
Dunbridge,Wood
Jerry City,Wood
Lemoyne,Wood
Luckey,Wood
Millbury,Wood
Pemberville,Wood
Portage,Wood
Risingsun,Wood
Rossford,Wood
Rudolph,Wood
Stony Ridge,Wood
Walbridge,Wood
Wayne,Wood
West Millgrove,Wood
Custar,Wood
Grand Rapids,Wood
Haskins,Wood
Hoytville,Wood
Milton Center,Wood
Perrysburg,Wood
Perrysburg,Wood
Tontogany,Wood
Weston,Wood
Northwood,Wood
Bloomdale,Wood
North Baltimore,Wood
Carey,Wyandot
Harpster,Wyandot
Kirby,Wyandot
Upper Sandusky,Wyandot
Wharton,Wyandot
Mc Cutchenville,Wyandot
Nevada,Wyandot
Sycamore,Wyandot
Proctor,Adair
Bunch,Adair
Stilwell,Adair
Watts,Adair
Westville,Adair
Aline,Alfalfa
Amorita,Alfalfa
Burlington,Alfalfa
Carmen,Alfalfa
Cherokee,Alfalfa
Goltry,Alfalfa
Helena,Alfalfa
Jet,Alfalfa
Atoka,Atoka
Caney,Atoka
Daisy,Atoka
Lane,Atoka
Stringtown,Atoka
Gate,Beaver
Balko,Beaver
Beaver,Beaver
Forgan,Beaver
Turpin,Beaver
Carter,Beckham
Elk City,Beckham
Erick,Beckham
Elk City,Beckham
Sayre,Beckham
Texola,Beckham
Geary,Blaine
Greenfield,Blaine
Canton,Blaine
Hitchcock,Blaine
Longdale,Blaine
Okeene,Blaine
Southard,Blaine
Watonga,Blaine
Mead,Bryan
Durant,Bryan
Durant,Bryan
Achille,Bryan
Albany,Bryan
Bennington,Bryan
Bokchito,Bryan
Caddo,Bryan
Calera,Bryan
Cartwright,Bryan
Colbert,Bryan
Hendrix,Bryan
Kemp,Bryan
Kenefic,Bryan
Platter,Bryan
Albert,Caddo
Anadarko,Caddo
Apache,Caddo
Binger,Caddo
Carnegie,Caddo
Cement,Caddo
Cyril,Caddo
Eakly,Caddo
Fort Cobb,Caddo
Gracemont,Caddo
Hinton,Caddo
Hydro,Caddo
Lookeba,Caddo
Calumet,Canadian
Concho,Canadian
El Reno,Canadian
Mustang,Canadian
Piedmont,Canadian
Yukon,Canadian
Union City,Canadian
Yukon,Canadian
Ardmore,Carter
Ardmore,Carter
Ardmore,Carter
Fox,Carter
Gene Autry,Carter
Graham,Carter
Healdton,Carter
Lone Grove,Carter
Springer,Carter
Wilson,Carter
Ratliff City,Carter
Tatums,Carter
Tussy,Carter
Cookson,Cherokee
Hulbert,Cherokee
Moodys,Cherokee
Park Hill,Cherokee
Peggs,Cherokee
Tahlequah,Cherokee
Tahlequah,Cherokee
Welling,Cherokee
Boswell,Choctaw
Fort Towson,Choctaw
Grant,Choctaw
Hugo,Choctaw
Sawyer,Choctaw
Soper,Choctaw
Spencerville,Choctaw
Swink,Choctaw
Boise City,Cimarron
Felt,Cimarron
Kenton,Cimarron
Keyes,Cimarron
Norman,Cleveland
Norman,Cleveland
Lexington,Cleveland
Noble,Cleveland
Norman,Cleveland
Norman,Cleveland
Norman,Cleveland
Norman,Cleveland
Oklahoma City,Cleveland
Oklahoma City,Cleveland
Oklahoma City,Cleveland
Oklahoma City,Cleveland
Oklahoma City,Cleveland
Centrahoma,Coal
Clarita,Coal
Coalgate,Coal
Lehigh,Coal
Tupelo,Coal
Lawton,Comanche
Lawton,Comanche
Fort Sill,Comanche
Lawton,Comanche
Lawton,Comanche
Lawton,Comanche
Cache,Comanche
Chattanooga,Comanche
Elgin,Comanche
Faxon,Comanche
Fletcher,Comanche
Geronimo,Comanche
Indiahoma,Comanche
Medicine Park,Comanche
Meers,Comanche
Sterling,Comanche
Devol,Cotton
Randlett,Cotton
Temple,Cotton
Walters,Cotton
Vinita,Craig
Big Cabin,Craig
Bluejacket,Craig
Welch,Craig
Bristow,Creek
Depew,Creek
Drumright,Creek
Kellyville,Creek
Kiefer,Creek
Mannford,Creek
Milfay,Creek
Mounds,Creek
Oilton,Creek
Sapulpa,Creek
Sapulpa,Creek
Shamrock,Creek
Slick,Creek
Tulsa,Creek
Weatherford,Custer
Clinton,Custer
Arapaho,Custer
Butler,Custer
Custer City,Custer
Thomas,Custer
Colcord,Delaware
Eucha,Delaware
Grove,Delaware
Grove,Delaware
Jay,Delaware
Kansas,Delaware
Oaks,Delaware
Twin Oaks,Delaware
Fay,Dewey
Leedey,Dewey
Oakwood,Dewey
Putnam,Dewey
Seiling,Dewey
Taloga,Dewey
Camargo,Dewey
Vici,Dewey
Arnett,Ellis
Fargo,Ellis
Gage,Ellis
Shattuck,Ellis
Enid,Garfield
Enid,Garfield
Enid,Garfield
Enid,Garfield
Enid,Garfield
Bison,Garfield
Carrier,Garfield
Covington,Garfield
Douglas,Garfield
Drummond,Garfield
Fairmont,Garfield
Garber,Garfield
Hillsdale,Garfield
Kremlin,Garfield
Lahoma,Garfield
Waukomis,Garfield
Hunter,Garfield
Lindsay,Garvin
Maysville,Garvin
Paoli,Garvin
Pauls Valley,Garvin
Wynnewood,Garvin
Elmore City,Garvin
Hennepin,Garvin
Stratford,Garvin
Alex,Grady
Amber,Grady
Bradley,Grady
Chickasha,Grady
Chickasha,Grady
Minco,Grady
Ninnekah,Grady
Pocasset,Grady
Rush Springs,Grady
Tuttle,Grady
Verden,Grady
Manchester,Grant
Medford,Grant
Nash,Grant
Pond Creek,Grant
Wakita,Grant
Deer Creek,Grant
Lamont,Grant
Granite,Greer
Mangum,Greer
Willow,Greer
Gould,Harmon
Hollis,Harmon
Vinson,Harmon
Buffalo,Harper
Laverne,Harper
May,Harper
Rosston,Harper
Hoyt,Haskell
Stigler,Haskell
Whitefield,Haskell
Kinta,Haskell
Keota,Haskell
Lequire,Haskell
Mccurtain,Haskell
Calvin,Hughes
Stuart,Hughes
Atwood,Hughes
Dustin,Hughes
Holdenville,Hughes
Lamar,Hughes
Wetumka,Hughes
Altus,Jackson
Altus,Jackson
Altus Afb,Jackson
Blair,Jackson
Duke,Jackson
Eldorado,Jackson
Elmer,Jackson
Headrick,Jackson
Martha,Jackson
Olustee,Jackson
Ringling,Jefferson
Addington,Jefferson
Hastings,Jefferson
Oscar,Jefferson
Ryan,Jefferson
Terral,Jefferson
Waurika,Jefferson
Coleman,Johnston
Mannsville,Johnston
Milburn,Johnston
Ravia,Johnston
Tishomingo,Johnston
Wapanucka,Johnston
Bromide,Johnston
Connerville,Johnston
Mill Creek,Johnston
Ponca City,Kay
Ponca City,Kay
Ponca City,Kay
Blackwell,Kay
Braman,Kay
Kaw City,Kay
Nardin,Kay
Newkirk,Kay
Tonkawa,Kay
Cashion,Kingfisher
Dover,Kingfisher
Hennessey,Kingfisher
Kingfisher,Kingfisher
Loyal,Kingfisher
Okarche,Kingfisher
Omega,Kingfisher
Gotebo,Kiowa
Mountain View,Kiowa
Mountain Park,Kiowa
Roosevelt,Kiowa
Snyder,Kiowa
Hobart,Kiowa
Lone Wolf,Kiowa
Gowen,Latimer
Panola,Latimer
Red Oak,Latimer
Wilburton,Latimer
Honobia,Le Flore
Talihina,Le Flore
Whitesboro,Le Flore
Arkoma,Le Flore
Pocola,Le Flore
Bokoshe,Le Flore
Cameron,Le Flore
Fanshawe,Le Flore
Heavener,Le Flore
Hodgen,Le Flore
Howe,Le Flore
Leflore,Le Flore
Monroe,Le Flore
Muse,Le Flore
Panama,Le Flore
Poteau,Le Flore
Shady Point,Le Flore
Spiro,Le Flore
Wister,Le Flore
Davenport,Lincoln
Stroud,Lincoln
Agra,Lincoln
Carney,Lincoln
Chandler,Lincoln
Meeker,Lincoln
Prague,Lincoln
Sparks,Lincoln
Tryon,Lincoln
Wellston,Lincoln
Coyle,Logan
Crescent,Logan
Guthrie,Logan
Langston,Logan
Marshall,Logan
Meridian,Logan
Mulhall,Logan
Orlando,Logan
Burneyville,Love
Leon,Love
Marietta,Love
Overbrook,Love
Thackerville,Love
Blanchard,McClain
Dibble,McClain
Newcastle,McClain
Purcell,McClain
Washington,McClain
Wayne,McClain
Byars,McClain
Battiest,McCurtain
Bethel,McCurtain
Broken Bow,McCurtain
Eagletown,McCurtain
Garvin,McCurtain
Golden,McCurtain
Haworth,McCurtain
Idabel,McCurtain
Millerton,McCurtain
Pickens,McCurtain
Ringold,McCurtain
Rufe,McCurtain
Valliant,McCurtain
Wright City,McCurtain
Smithville,McCurtain
Watson,McCurtain
Checotah,McIntosh
Eufaula,McIntosh
Hitchita,McIntosh
Rentiesville,McIntosh
Stidham,McIntosh
Hanna,McIntosh
Ames,Major
Cleo Springs,Major
Fairview,Major
Isabella,Major
Meno,Major
Ringwood,Major
Chester,Major
Kingston,Marshall
Lebanon,Marshall
Madill,Marshall
Adair,Mayes
Chouteau,Mayes
Disney,Mayes
Ketchum,Mayes
Langley,Mayes
Locust Grove,Mayes
Pryor,Mayes
Pryor,Mayes
Rose,Mayes
Salina,Mayes
Spavinaw,Mayes
Strang,Mayes
Davis,Murray
Dougherty,Murray
Sulphur,Murray
Muskogee,Muskogee
Muskogee,Muskogee
Muskogee,Muskogee
Boynton,Muskogee
Braggs,Muskogee
Council Hill,Muskogee
Fort Gibson,Muskogee
Haskell,Muskogee
Braggs,Muskogee
Oktaha,Muskogee
Porum,Muskogee
Taft,Muskogee
Wainwright,Muskogee
Warner,Muskogee
Webbers Falls,Muskogee
Morrison,Noble
Perry,Noble
Lucien,Noble
Billings,Noble
Marland,Noble
Red Rock,Noble
Delaware,Nowata
Lenapah,Nowata
Nowata,Nowata
S Coffeyville,Nowata
Wann,Nowata
Boley,Okfuskee
Castle,Okfuskee
Okemah,Okfuskee
Paden,Okfuskee
Weleetka,Okfuskee
Edmond,Oklahoma
Arcadia,Oklahoma
Bethany,Oklahoma
Edmond,Oklahoma
Edmond,Oklahoma
Choctaw,Oklahoma
Edmond,Oklahoma
Edmond,Oklahoma
Davis,Oklahoma
Harrah,Oklahoma
Jones,Oklahoma
Luther,Oklahoma
Nicoma Park,Oklahoma
Edmond,Oklahoma
Spencer,Oklahoma
Wheatland,Oklahoma
Oklahoma City,Oklahoma
Oklahoma City,Oklahoma
Oklahoma City,Oklahoma
Oklahoma City,Oklahoma
Oklahoma City,Oklahoma
Oklahoma City,Oklahoma
Oklahoma City,Oklahoma
Oklahoma City,Oklahoma
Oklahoma City,Oklahoma
Oklahoma City,Oklahoma
Oklahoma City,Oklahoma
Oklahoma City,Oklahoma
Oklahoma City,Oklahoma
Oklahoma City,Oklahoma
Oklahoma City,Oklahoma
Oklahoma City,Oklahoma
Oklahoma City,Oklahoma
Oklahoma City,Oklahoma
Oklahoma City,Oklahoma
Oklahoma City,Oklahoma
Oklahoma City,Oklahoma
Oklahoma City,Oklahoma
Oklahoma City,Oklahoma
Oklahoma City,Oklahoma
Oklahoma City,Oklahoma
Oklahoma City,Oklahoma
Oklahoma City,Oklahoma
Oklahoma City,Oklahoma
Oklahoma City,Oklahoma
Oklahoma City,Oklahoma
Oklahoma City,Oklahoma
Oklahoma City,Oklahoma
Oklahoma City,Oklahoma
Oklahoma City,Oklahoma
Oklahoma City,Oklahoma
Oklahoma City,Oklahoma
Oklahoma City,Oklahoma
Oklahoma City,Oklahoma
Oklahoma City,Oklahoma
Oklahoma City,Oklahoma
Oklahoma City,Oklahoma
Oklahoma City,Oklahoma
Oklahoma City,Oklahoma
Oklahoma City,Oklahoma
Oklahoma City,Oklahoma
Oklahoma City,Oklahoma
Oklahoma City,Oklahoma
Oklahoma City,Oklahoma
Oklahoma City,Oklahoma
Oklahoma City,Oklahoma
Oklahoma City,Oklahoma
Oklahoma City,Oklahoma
Oklahoma City,Oklahoma
Oklahoma City,Oklahoma
Oklahoma City,Oklahoma
Oklahoma City,Oklahoma
Oklahoma City,Oklahoma
Oklahoma City,Oklahoma
Oklahoma City,Oklahoma
Oklahoma City,Oklahoma
Oklahoma City,Oklahoma
Oklahoma City,Oklahoma
Oklahoma City,Oklahoma
Oklahoma City,Oklahoma
Oklahoma City,Oklahoma
Oklahoma City,Oklahoma
Oklahoma City,Oklahoma
Oklahoma City,Oklahoma
Oklahoma City,Oklahoma
Oklahoma City,Oklahoma
Newalla,Oklahoma
Beggs,Okmulgee
Dewar,Okmulgee
Henryetta,Okmulgee
Morris,Okmulgee
Okmulgee,Okmulgee
Preston,Okmulgee
Schulter,Okmulgee
Avant,Osage
Barnsdall,Osage
Hominy,Osage
Osage,Osage
Pawhuska,Osage
Prue,Osage
Skiatook,Osage
Wynona,Osage
Tulsa,Osage
Burbank,Osage
Fairfax,Osage
Shidler,Osage
Afton,Ottawa
Cardin,Ottawa
Commerce,Ottawa
Fairland,Ottawa
Miami,Ottawa
Miami,Ottawa
North Miami,Ottawa
Picher,Ottawa
Quapaw,Ottawa
Wyandotte,Ottawa
Cleveland,Pawnee
Hallett,Pawnee
Jennings,Pawnee
Maramec,Pawnee
Pawnee,Pawnee
Terlton,Pawnee
Ralston,Pawnee
Cushing,Payne
Glencoe,Payne
Perkins,Payne
Ripley,Payne
Stillwater,Payne
Stillwater,Payne
Stillwater,Payne
Stillwater,Payne
Stillwater,Payne
Yale,Payne
Canadian,Pittsburg
Crowder,Pittsburg
Indianola,Pittsburg
Mcalester,Pittsburg
Mcalester,Pittsburg
Alderson,Pittsburg
Blanco,Pittsburg
Blocker,Pittsburg
Haileyville,Pittsburg
Hartshorne,Pittsburg
Kiowa,Pittsburg
Krebs,Pittsburg
Pittsburg,Pittsburg
Quinton,Pittsburg
Savanna,Pittsburg
Wardville,Pittsburg
Ada,Pontotoc
Ada,Pontotoc
Allen,Pontotoc
Fittstown,Pontotoc
Fitzhugh,Pontotoc
Francis,Pontotoc
Roff,Pontotoc
Stonewall,Pontotoc
Shawnee,Pottawatomie
Shawnee,Pottawatomie
Shawnee,Pottawatomie
Asher,Pottawatomie
Earlsboro,Pottawatomie
Mcloud,Pottawatomie
Macomb,Pottawatomie
Maud,Pottawatomie
Saint Louis,Pottawatomie
Tecumseh,Pottawatomie
Wanette,Pottawatomie
Albion,Pushmataha
Antlers,Pushmataha
Clayton,Pushmataha
Finley,Pushmataha
Moyers,Pushmataha
Nashoba,Pushmataha
Rattan,Pushmataha
Snow,Pushmataha
Tuskahoma,Pushmataha
Cheyenne,Roger Mills
Crawford,Roger Mills
Durham,Roger Mills
Hammon,Roger Mills
Reydon,Roger Mills
Sweetwater,Roger Mills
Catoosa,Rogers
Chelsea,Rogers
Claremore,Rogers
Claremore,Rogers
Foyil,Rogers
Inola,Rogers
Oologah,Rogers
Talala,Rogers
Seminole,Seminole
Bowlegs,Seminole
Cromwell,Seminole
Konawa,Seminole
Sasakwa,Seminole
Seminole,Seminole
Wewoka,Seminole
Gore,Sequoyah
Gans,Sequoyah
Marble City,Sequoyah
Moffett,Sequoyah
Muldrow,Sequoyah
Roland,Sequoyah
Sallisaw,Sequoyah
Vian,Sequoyah
Marlow,Stephens
Countyline,Stephens
Foster,Stephens
Loco,Stephens
Velma,Stephens
Comanche,Stephens
Duncan,Stephens
Duncan,Stephens
Duncan,Stephens
Adams,Texas
Goodwell,Texas
Guymon,Texas
Hardesty,Texas
Hooker,Texas
Texhoma,Texas
Tyrone,Texas
Davidson,Tillman
Frederick,Tillman
Grandfield,Tillman
Hollister,Tillman
Loveland,Tillman
Manitou,Tillman
Tipton,Tillman
Bixby,Tulsa
Broken Arrow,Tulsa
Broken Arrow,Tulsa
Broken Arrow,Tulsa
Collinsville,Tulsa
Glenpool,Tulsa
Jenks,Tulsa
Leonard,Tulsa
Oakhurst,Tulsa
Owasso,Tulsa
Sand Springs,Tulsa
Sperry,Tulsa
Tulsa,Tulsa
Tulsa,Tulsa
Tulsa,Tulsa
Tulsa,Tulsa
Tulsa,Tulsa
Tulsa,Tulsa
Tulsa,Tulsa
Tulsa,Tulsa
Tulsa,Tulsa
Tulsa,Tulsa
Tulsa,Tulsa
Tulsa,Tulsa
Tulsa,Tulsa
Tulsa,Tulsa
Tulsa,Tulsa
Tulsa,Tulsa
Tulsa,Tulsa
Tulsa,Tulsa
Tulsa,Tulsa
Tulsa,Tulsa
Tulsa,Tulsa
Tulsa,Tulsa
Tulsa,Tulsa
Tulsa,Tulsa
Tulsa,Tulsa
Tulsa,Tulsa
Tulsa,Tulsa
Tulsa,Tulsa
Tulsa,Tulsa
Tulsa,Tulsa
Tulsa,Tulsa
Tulsa,Tulsa
Tulsa,Tulsa
Tulsa,Tulsa
Tulsa,Tulsa
Tulsa,Tulsa
Tulsa,Tulsa
Tulsa,Tulsa
Tulsa,Tulsa
Tulsa,Tulsa
Tulsa,Tulsa
Tulsa,Tulsa
Tulsa,Tulsa
Tulsa,Tulsa
Tulsa,Tulsa
Tulsa,Tulsa
Tulsa,Tulsa
Tulsa,Tulsa
Tulsa,Tulsa
Tulsa,Tulsa
Broken Arrow,Wagoner
Claremore,Wagoner
Coweta,Wagoner
Okay,Wagoner
Porter,Wagoner
Redbird,Wagoner
Wagoner,Wagoner
Wagoner,Wagoner
Bartlesville,Washington
Bartlesville,Washington
Bartlesville,Washington
Bartlesville,Washington
Copan,Washington
Dewey,Washington
Ochelata,Washington
Ramona,Washington
Vera,Washington
Colony,Washita
Corn,Washita
Bessie,Washita
Burns Flat,Washita
Canute,Washita
Cordell,Washita
Dill City,Washita
Foss,Washita
Rocky,Washita
Sentinel,Washita
Alva,Woods
Dacoma,Woods
Hopeton,Woods
Freedom,Woods
Waynoka,Woods
Woodward,Woodward
Woodward,Woodward
Fort Supply,Woodward
Mooreland,Woodward
Mutual,Woodward
Sharon,Woodward
Baker City,Baker
Bridgeport,Baker
Haines,Baker
Halfway,Baker
Hereford,Baker
Oxbow,Baker
Richland,Baker
Sumpter,Baker
Unity,Baker
Durkee,Baker
Huntington,Baker
Alsea,Benton
Blodgett,Benton
Corvallis,Benton
Corvallis,Benton
Corvallis,Benton
Corvallis,Benton
Philomath,Benton
Monroe,Benton
Beavercreek,Clackamas
Boring,Clackamas
Brightwood,Clackamas
Canby,Clackamas
Clackamas,Clackamas
Colton,Clackamas
Eagle Creek,Clackamas
Estacada,Clackamas
Gladstone,Clackamas
Government Camp,Clackamas
Lake Oswego,Clackamas
Lake Oswego,Clackamas
Marylhurst,Clackamas
Molalla,Clackamas
Mulino,Clackamas
Oregon City,Clackamas
Rhododendron,Clackamas
Sandy,Clackamas
Welches,Clackamas
West Linn,Clackamas
Wilsonville,Clackamas
Damascus,Clackamas
Portland,Clackamas
Portland,Clackamas
Portland,Clackamas
Portland,Clackamas
Arch Cape,Clatsop
Astoria,Clatsop
Cannon Beach,Clatsop
Hammond,Clatsop
Seaside,Clatsop
Tolovana Park,Clatsop
Warrenton,Clatsop
Clatskanie,Columbia
Columbia City,Columbia
Rainier,Columbia
Saint Helens,Columbia
Warren,Columbia
Deer Island,Columbia
Scappoose,Columbia
Vernonia,Columbia
Allegany,Coos
Bandon,Coos
Broadbent,Coos
Coos Bay,Coos
Coquille,Coos
Lakeside,Coos
Myrtle Point,Coos
North Bend,Coos
Powers,Coos
Paulina,Crook
Post,Crook
Powell Butte,Crook
Prineville,Crook
Agness,Curry
Brookings,Curry
Gold Beach,Curry
Langlois,Curry
Ophir,Curry
Port Orford,Curry
Sixes,Curry
Wedderburn,Curry
Bend,Deschutes
Bend,Deschutes
Bend,Deschutes
Bend,Deschutes
Bend,Deschutes
Bend,Deschutes
Brothers,Deschutes
La Pine,Deschutes
Redmond,Deschutes
Sisters,Deschutes
Terrebonne,Deschutes
Azalea,Douglas
Camas Valley,Douglas
Canyonville,Douglas
Days Creek,Douglas
Dillard,Douglas
Drain,Douglas
Elkton,Douglas
Gardiner,Douglas
Glendale,Douglas
Glide,Douglas
Idleyld Park,Douglas
Myrtle Creek,Douglas
Oakland,Douglas
Reedsport,Douglas
Riddle,Douglas
Roseburg,Douglas
Roseburg,Douglas
Scottsburg,Douglas
Sutherlin,Douglas
Tenmile,Douglas
Tiller,Douglas
Umpqua,Douglas
Wilbur,Douglas
Winchester,Douglas
Winston,Douglas
Yoncalla,Douglas
Arlington,Gilliam
Condon,Gilliam
Mikkalo,Gilliam
Bates,Grant
Canyon City,Grant
Dayville,Grant
John Day,Grant
Kimberly,Grant
Long Creek,Grant
Monument,Grant
Mount Vernon,Grant
Prairie City,Grant
Seneca,Grant
Fields,Harney
Burns,Harney
Princeton,Harney
Diamond,Harney
Crane,Harney
Frenchglen,Harney
Hines,Harney
Riley,Harney
Drewsey,Harney
Cascade Locks,Hood River
Hood River,Hood River
Mount Hood Parkdale,Hood River
Odell,Hood River
Medford,Jackson
Central Point,Jackson
White City,Jackson
Medford,Jackson
Ashland,Jackson
Butte Falls,Jackson
Eagle Point,Jackson
Gold Hill,Jackson
Jacksonville,Jackson
Phoenix,Jackson
Prospect,Jackson
Rogue River,Jackson
Shady Cove,Jackson
Talent,Jackson
Trail,Jackson
Ashwood,Jefferson
Camp Sherman,Jefferson
Culver,Jefferson
Madras,Jefferson
Warm Springs,Jefferson
Wolf Creek,Josephine
Cave Junction,Josephine
Grants Pass,Josephine
Grants Pass,Josephine
Grants Pass,Josephine
Kerby,Josephine
Merlin,Josephine
Murphy,Josephine
O Brien,Josephine
Selma,Josephine
Wilderville,Josephine
Williams,Josephine
Klamath Falls,Klamath
Klamath Falls,Klamath
Klamath Falls,Klamath
Crater Lake,Klamath
Beatty,Klamath
Bly,Klamath
Bonanza,Klamath
Chiloquin,Klamath
Dairy,Klamath
Fort Klamath,Klamath
Keno,Klamath
Malin,Klamath
Merrill,Klamath
Midland,Klamath
Sprague River,Klamath
Chemult,Klamath
Crescent,Klamath
Gilchrist,Klamath
Adel,Lake
Lakeview,Lake
New Pine Creek,Lake
Paisley,Lake
Plush,Lake
Silver Lake,Lake
Summer Lake,Lake
Christmas Valley,Lake
Fort Rock,Lake
Eugene,Lane
Eugene,Lane
Eugene,Lane
Eugene,Lane
Eugene,Lane
Eugene,Lane
Alvadore,Lane
Blachly,Lane
Blue River,Lane
Cheshire,Lane
Cottage Grove,Lane
Creswell,Lane
Deadwood,Lane
Dexter,Lane
Dorena,Lane
Elmira,Lane
Fall Creek,Lane
Florence,Lane
Eugene,Lane
Junction City,Lane
Lorane,Lane
Lowell,Lane
Mapleton,Lane
Marcola,Lane
Pleasant Hill,Lane
Noti,Lane
Oakridge,Lane
Springfield,Lane
Springfield,Lane
Springfield,Lane
Swisshome,Lane
Veneta,Lane
Vida,Lane
Walterville,Lane
Walton,Lane
Westfir,Lane
Westlake,Lane
Depoe Bay,Lincoln
Eddyville,Lincoln
Logsden,Lincoln
Neotsu,Lincoln
Newport,Lincoln
South Beach,Lincoln
Lincoln City,Lincoln
Otis,Lincoln
Otter Rock,Lincoln
Seal Rock,Lincoln
Siletz,Lincoln
Gleneden Beach,Lincoln
Tidewater,Lincoln
Toledo,Lincoln
Waldport,Lincoln
Yachats,Lincoln
Albany,Linn
Albany,Linn
Brownsville,Linn
Cascadia,Linn
Crabtree,Linn
Crawfordsville,Linn
Foster,Linn
Halsey,Linn
Lebanon,Linn
Lyons,Linn
Mill City,Linn
Scio,Linn
Shedd,Linn
Sweet Home,Linn
Tangent,Linn
Harrisburg,Linn
Adrian,Malheur
Arock,Malheur
Brogan,Malheur
Harper,Malheur
Ironside,Malheur
Jamieson,Malheur
Jordan Valley,Malheur
Juntura,Malheur
Nyssa,Malheur
Ontario,Malheur
Riverside,Malheur
Vale,Malheur
Westfall,Malheur
Aurora,Marion
Donald,Marion
Gervais,Marion
Hubbard,Marion
Woodburn,Marion
Saint Paul,Marion
Salem,Marion
Salem,Marion
Salem,Marion
Salem,Marion
Salem,Marion
Keizer,Marion
Salem,Marion
Salem,Marion
Salem,Marion
Salem,Marion
Salem,Marion
Salem,Marion
Salem,Marion
Salem,Marion
Aumsville,Marion
Detroit,Marion
Gates,Marion
Idanha,Marion
Jefferson,Marion
Mount Angel,Marion
Saint Benedict,Marion
Scotts Mills,Marion
Silverton,Marion
Stayton,Marion
Mehama,Marion
Sublimity,Marion
Turner,Marion
Boardman,Morrow
Heppner,Morrow
Lexington,Morrow
Ione,Morrow
Irrigon,Morrow
Bridal Veil,Multnomah
Corbett,Multnomah
Fairview,Multnomah
Gresham,Multnomah
Troutdale,Multnomah
Gresham,Multnomah
Happy Valley,Multnomah
Portland,Multnomah
Portland,Multnomah
Portland,Multnomah
Portland,Multnomah
Portland,Multnomah
Portland,Multnomah
Portland,Multnomah
Portland,Multnomah
Portland,Multnomah
Portland,Multnomah
Portland,Multnomah
Portland,Multnomah
Portland,Multnomah
Portland,Multnomah
Portland,Multnomah
Portland,Multnomah
Portland,Multnomah
Portland,Multnomah
Portland,Multnomah
Portland,Multnomah
Portland,Multnomah
Portland,Multnomah
Portland,Multnomah
Portland,Multnomah
Portland,Multnomah
Portland,Multnomah
Portland,Multnomah
Portland,Multnomah
Portland,Multnomah
Portland,Multnomah
Portland,Multnomah
Portland,Multnomah
Portland,Multnomah
Portland,Multnomah
Portland,Multnomah
Portland,Multnomah
Portland,Multnomah
Portland,Multnomah
Portland,Multnomah
Portland,Multnomah
Portland,Multnomah
Portland,Multnomah
Portland,Multnomah
Portland,Multnomah
Portland,Multnomah
Portland,Multnomah
Portland,Multnomah
Portland,Multnomah
Portland,Multnomah
Salem,Polk
Dallas,Polk
Falls City,Polk
Grand Ronde,Polk
Independence,Polk
Monmouth,Polk
Rickreall,Polk
Grass Valley,Sherman
Kent,Sherman
Moro,Sherman
Rufus,Sherman
Wasco,Sherman
Bay City,Tillamook
Beaver,Tillamook
Cloverdale,Tillamook
Garibaldi,Tillamook
Hebo,Tillamook
Manzanita,Tillamook
Nehalem,Tillamook
Oceanside,Tillamook
Pacific City,Tillamook
Rockaway Beach,Tillamook
Tillamook,Tillamook
Netarts,Tillamook
Wheeler,Tillamook
Neskowin,Tillamook
Pendleton,Umatilla
Adams,Umatilla
Athena,Umatilla
Echo,Umatilla
Helix,Umatilla
Hermiston,Umatilla
Meacham,Umatilla
Milton Freewater,Umatilla
Pilot Rock,Umatilla
Stanfield,Umatilla
Ukiah,Umatilla
Umatilla,Umatilla
Weston,Umatilla
Cove,Union
Elgin,Union
Imbler,Union
La Grande,Union
North Powder,Union
Summerville,Union
Union,Union
Enterprise,Wallowa
Imnaha,Wallowa
Joseph,Wallowa
Lostine,Wallowa
Wallowa,Wallowa
Antelope,Wasco
Dufur,Wasco
Maupin,Wasco
Mosier,Wasco
Shaniko,Wasco
The Dalles,Wasco
Tygh Valley,Wasco
Beaverton,Washington
Beaverton,Washington
Beaverton,Washington
Beaverton,Washington
Beaverton,Washington
Tualatin,Washington
Beaverton,Washington
Beaverton,Washington
Beaverton,Washington
Beaverton,Washington
Beaverton,Washington
Banks,Washington
Buxton,Washington
Cornelius,Washington
Forest Grove,Washington
Gales Creek,Washington
Gaston,Washington
Hillsboro,Washington
Hillsboro,Washington
Manning,Washington
Hillsboro,Washington
North Plains,Washington
Sherwood,Washington
Timber,Washington
Portland,Washington
Portland,Washington
Portland,Washington
Portland,Washington
Portland,Washington
Portland,Washington
Portland,Washington
Mitchell,Wheeler
Fossil,Wheeler
Spray,Wheeler
Amity,Yamhill
Carlton,Yamhill
Dayton,Yamhill
Dundee,Yamhill
Lafayette,Yamhill
Mcminnville,Yamhill
Newberg,Yamhill
Yamhill,Yamhill
Sheridan,Yamhill
Willamina,Yamhill
Abbottstown,Adams
Arendtsville,Adams
Aspers,Adams
Bendersville,Adams
Biglerville,Adams
Cashtown,Adams
East Berlin,Adams
Fairfield,Adams
Gardners,Adams
Gettysburg,Adams
Idaville,Adams
Littlestown,Adams
Mc Knightstown,Adams
Mc Sherrystown,Adams
New Oxford,Adams
Orrtanna,Adams
York Springs,Adams
Peach Glen,Adams
Bairdford,Allegheny
Bakerstown,Allegheny
Brackenridge,Allegheny
Bradfordwoods,Allegheny
Bridgeville,Allegheny
Buena Vista,Allegheny
Bunola,Allegheny
Cheswick,Allegheny
Clairton,Allegheny
Clinton,Allegheny
Coulters,Allegheny
Creighton,Allegheny
Cuddy,Allegheny
Curtisville,Allegheny
Dravosburg,Allegheny
East Mc Keesport,Allegheny
Elizabeth,Allegheny
Gibsonia,Allegheny
Glassport,Allegheny
Crescent,Allegheny
Greenock,Allegheny
Harwick,Allegheny
Indianola,Allegheny
Leetsdale,Allegheny
Morgan,Allegheny
Natrona Heights,Allegheny
Oakdale,Allegheny
Rural Ridge,Allegheny
Russellton,Allegheny
Sturgeon,Allegheny
Tarentum,Allegheny
Warrendale,Allegheny
West Elizabeth,Allegheny
Wexford,Allegheny
Wildwood,Allegheny
Warrendale,Allegheny
Warrendale,Allegheny
Allison Park,Allegheny
Bethel Park,Allegheny
Braddock,Allegheny
Carnegie,Allegheny
Coraopolis,Allegheny
Duquesne,Allegheny
East Pittsburgh,Allegheny
Glenshaw,Allegheny
Homestead,Allegheny
West Mifflin,Allegheny
West Mifflin,Allegheny
Imperial,Allegheny
Ingomar,Allegheny
South Park,Allegheny
Mckeesport,Allegheny
Mckeesport,Allegheny
Mckeesport,Allegheny
Mckeesport,Allegheny
Mckeesport,Allegheny
Mc Kees Rocks,Allegheny
North Versailles,Allegheny
Oakmont,Allegheny
Pitcairn,Allegheny
Presto,Allegheny
Sewickley,Allegheny
Springdale,Allegheny
Turtle Creek,Allegheny
Monroeville,Allegheny
Verona,Allegheny
Wilmerding,Allegheny
Pittsburgh,Allegheny
Pittsburgh,Allegheny
Pittsburgh,Allegheny
Pittsburgh,Allegheny
Pittsburgh,Allegheny
Pittsburgh,Allegheny
Pittsburgh,Allegheny
Pittsburgh,Allegheny
Pittsburgh,Allegheny
Pittsburgh,Allegheny
Pittsburgh,Allegheny
Pittsburgh,Allegheny
Pittsburgh,Allegheny
Pittsburgh,Allegheny
Pittsburgh,Allegheny
Pittsburgh,Allegheny
Pittsburgh,Allegheny
Pittsburgh,Allegheny
Pittsburgh,Allegheny
Pittsburgh,Allegheny
Pittsburgh,Allegheny
Pittsburgh,Allegheny
Pittsburgh,Allegheny
Pittsburgh,Allegheny
Pittsburgh,Allegheny
Pittsburgh,Allegheny
Pittsburgh,Allegheny
Pittsburgh,Allegheny
Pittsburgh,Allegheny
Pittsburgh,Allegheny
Pittsburgh,Allegheny
Pittsburgh,Allegheny
Pittsburgh,Allegheny
Pittsburgh,Allegheny
Pittsburgh,Allegheny
Pittsburgh,Allegheny
Pittsburgh,Allegheny
Pittsburgh,Allegheny
Pittsburgh,Allegheny
Pittsburgh,Allegheny
Pittsburgh,Allegheny
Pittsburgh,Allegheny
Pittsburgh,Allegheny
Pittsburgh,Allegheny
Pittsburgh,Allegheny
Pittsburgh,Allegheny
Pittsburgh,Allegheny
Pittsburgh,Allegheny
Pittsburgh,Allegheny
Pittsburgh,Allegheny
Pittsburgh,Allegheny
Pittsburgh,Allegheny
Pittsburgh,Allegheny
Pittsburgh,Allegheny
Pittsburgh,Allegheny
Pittsburgh,Allegheny
Pittsburgh,Allegheny
Pittsburgh,Allegheny
Pittsburgh,Allegheny
Pittsburgh,Allegheny
Pittsburgh,Allegheny
Pittsburgh,Allegheny
Pittsburgh,Allegheny
Pittsburgh,Allegheny
Pittsburgh,Allegheny
Pittsburgh,Allegheny
Pittsburgh,Allegheny
Pittsburgh,Allegheny
Pittsburgh,Allegheny
Pittsburgh,Allegheny
Pittsburgh,Allegheny
Pittsburgh,Allegheny
Pittsburgh,Allegheny
Pittsburgh,Allegheny
Pittsburgh,Allegheny
Leechburg,Armstrong
North Apollo,Armstrong
Schenley,Armstrong
Spring Church,Armstrong
Elderton,Armstrong
Shelocta,Armstrong
Parker,Armstrong
Kittanning,Armstrong
Adrian,Armstrong
Cadogan,Armstrong
Cowansville,Armstrong
Dayton,Armstrong
Distant,Armstrong
Ford City,Armstrong
Ford Cliff,Armstrong
Freeport,Armstrong
Mc Grann,Armstrong
Manorville,Armstrong
Nu Mine,Armstrong
Oak Ridge,Armstrong
Rural Valley,Armstrong
Sagamore,Armstrong
Seminole,Armstrong
Templeton,Armstrong
Widnoon,Armstrong
Worthington,Armstrong
Yatesboro,Armstrong
Aliquippa,Beaver
Ambridge,Beaver
Baden,Beaver
Beaver,Beaver
Beaver Falls,Beaver
Conway,Beaver
Freedom,Beaver
Georgetown,Beaver
Hookstown,Beaver
Industry,Beaver
Midland,Beaver
Monaca,Beaver
New Brighton,Beaver
Rochester,Beaver
Shippingport,Beaver
South Heights,Beaver
Darlington,Beaver
Fombell,Beaver
Koppel,Beaver
New Galilee,Beaver
Alum Bank,Bedford
Bedford,Bedford
Breezewood,Bedford
Buffalo Mills,Bedford
Clearville,Bedford
Everett,Bedford
Fishertown,Bedford
Hyndman,Bedford
Manns Choice,Bedford
New Paris,Bedford
Schellsburg,Bedford
Defiance,Bedford
Hopewell,Bedford
Imler,Bedford
Loysburg,Bedford
New Enterprise,Bedford
Osterburg,Bedford
Queen,Bedford
Riddlesburg,Bedford
Saxton,Bedford
Six Mile Run,Bedford
Wood,Bedford
Woodbury,Bedford
Artemas,Bedford
Hereford,Berks
Bally,Berks
Barto,Berks
Bechtelsville,Berks
Bernville,Berks
Bethel,Berks
Birdsboro,Berks
Blandon,Berks
Bowers,Berks
Boyertown,Berks
Centerport,Berks
Douglassville,Berks
Earlville,Berks
Fleetwood,Berks
Geigertown,Berks
Hamburg,Berks
Kempton,Berks
Kutztown,Berks
Leesport,Berks
Lenhartsville,Berks
Limekiln,Berks
Lyon Station,Berks
Maxatawny,Berks
Mertztown,Berks
Mohnton,Berks
Mohrsville,Berks
Morgantown,Berks
Mount Aetna,Berks
New Berlinville,Berks
Oley,Berks
Pine Forge,Berks
Rehrersburg,Berks
Robesonia,Berks
Shartlesville,Berks
Shoemakersville,Berks
Strausstown,Berks
Temple,Berks
Topton,Berks
Virginville,Berks
Wernersville,Berks
Womelsdorf,Berks
Reading,Berks
Reading,Berks
Reading,Berks
Reading,Berks
Reading,Berks
Reading,Berks
Reading,Berks
Reading,Berks
Reading,Berks
Reading,Berks
Reading,Berks
Reading,Berks
Altoona,Blair
Altoona,Blair
Altoona,Blair
Bellwood,Blair
Claysburg,Blair
Curryville,Blair
Duncansville,Blair
East Freedom,Blair
Hollidaysburg,Blair
Martinsburg,Blair
Newry,Blair
Roaring Spring,Blair
Sproul,Blair
Tipton,Blair
Tyrone,Blair
Williamsburg,Blair
Alba,Bradford
Columbia Cross Roads,Bradford
Gillett,Bradford
Granville Summit,Bradford
Sylvania,Bradford
Troy,Bradford
Canton,Bradford
Grover,Bradford
Athens,Bradford
Burlington,Bradford
Camptown,Bradford
East Smithfield,Bradford
Le Raysville,Bradford
Milan,Bradford
Monroeton,Bradford
New Albany,Bradford
Rome,Bradford
Sayre,Bradford
Stevensville,Bradford
Sugar Run,Bradford
Towanda,Bradford
Ulster,Bradford
Warren Center,Bradford
Wyalusing,Bradford
Wysox,Bradford
Durham,Bucks
Riegelsville,Bucks
Springtown,Bucks
Doylestown,Bucks
Doylestown,Bucks
Bedminster,Bucks
Blooming Glen,Bucks
Buckingham,Bucks
Carversville,Bucks
Chalfont,Bucks
Danboro,Bucks
Dublin,Bucks
Erwinna,Bucks
Ferndale,Bucks
Forest Grove,Bucks
Fountainville,Bucks
Furlong,Bucks
Hilltown,Bucks
Holicong,Bucks
Jamison,Bucks
Kintnersville,Bucks
Lahaska,Bucks
Line Lexington,Bucks
Lumberville,Bucks
Mechanicsville,Bucks
Milford Square,Bucks
New Hope,Bucks
Newtown,Bucks
Ottsville,Bucks
Penns Park,Bucks
Perkasie,Bucks
Pineville,Bucks
Pipersville,Bucks
Plumsteadville,Bucks
Point Pleasant,Bucks
Quakertown,Bucks
Revere,Bucks
Richboro,Bucks
Richlandtown,Bucks
Rushland,Bucks
Sellersville,Bucks
Silverdale,Bucks
Solebury,Bucks
Southampton,Bucks
Spinnerstown,Bucks
Trumbauersville,Bucks
Upper Black Eddy,Bucks
Warminster,Bucks
Warrington,Bucks
Washington Crossing,Bucks
Wycombe,Bucks
Zionhill,Bucks
Warminster,Bucks
Bristol,Bucks
Bensalem,Bucks
Croydon,Bucks
Fairless Hills,Bucks
Langhorne,Bucks
Langhorne,Bucks
Langhorne,Bucks
Feasterville Trevose,Bucks
Levittown,Bucks
Levittown,Bucks
Levittown,Bucks
Levittown,Bucks
Levittown,Bucks
Morrisville,Bucks
Butler,Butler
Butler,Butler
Butler,Butler
Boyers,Butler
Boyers,Butler
Boyers,Butler
Boyers,Butler
Branchton,Butler
Bruin,Butler
Cabot,Butler
Callery,Butler
Chicora,Butler
Connoquenessing,Butler
East Butler,Butler
Eau Claire,Butler
Evans City,Butler
Fenelton,Butler
Forestville,Butler
Harmony,Butler
Harrisville,Butler
Herman,Butler
Hilliards,Butler
Karns City,Butler
Lyndora,Butler
Mars,Butler
North Washington,Butler
Petrolia,Butler
Portersville,Butler
Prospect,Butler
Renfrew,Butler
Sarver,Butler
Saxonburg,Butler
Slippery Rock,Butler
Valencia,Butler
West Sunbury,Butler
Zelienople,Butler
Cranberry Township,Butler
Northern Cambria,Cambria
Carrolltown,Cambria
Elmora,Cambria
Emeigh,Cambria
Marsteller,Cambria
Nicktown,Cambria
Saint Benedict,Cambria
Spangler,Cambria
Johnstown,Cambria
Johnstown,Cambria
Johnstown,Cambria
Johnstown,Cambria
Johnstown,Cambria
Johnstown,Cambria
Johnstown,Cambria
Johnstown,Cambria
Beaverdale,Cambria
Belsano,Cambria
Cassandra,Cambria
Colver,Cambria
Dunlo,Cambria
Ebensburg,Cambria
Elton,Cambria
Lilly,Cambria
Loretto,Cambria
Mineral Point,Cambria
Nanty Glo,Cambria
Parkhill,Cambria
Portage,Cambria
Revloc,Cambria
Saint Michael,Cambria
Salix,Cambria
Sidman,Cambria
South Fork,Cambria
Summerhill,Cambria
Twin Rocks,Cambria
Vintondale,Cambria
Wilmore,Cambria
Ashville,Cambria
Blandburg,Cambria
Chest Springs,Cambria
Coupon,Cambria
Cresson,Cambria
Dysart,Cambria
Fallentimber,Cambria
Flinton,Cambria
Gallitzin,Cambria
Glasgow,Cambria
Hastings,Cambria
Patton,Cambria
Saint Boniface,Cambria
Cresson,Cambria
Driftwood,Cameron
Emporium,Cameron
Sinnamahoning,Cameron
Aquashicola,Carbon
Bowmanstown,Carbon
Palmerton,Carbon
Albrightsville,Carbon
Ashfield,Carbon
Beaver Meadows,Carbon
Jim Thorpe,Carbon
Junedale,Carbon
Lansford,Carbon
Lehighton,Carbon
Nesquehoning,Carbon
Parryville,Carbon
Summit Hill,Carbon
Tresckow,Carbon
Weatherly,Carbon
Lake Harmony,Carbon
Sandy Ridge,Centre
State College,Centre
University Park,Centre
State College,Centre
State College,Centre
State College,Centre
Aaronsburg,Centre
Bellefonte,Centre
Blanchard,Centre
Boalsburg,Centre
Centre Hall,Centre
Clarence,Centre
Coburn,Centre
Fleming,Centre
Howard,Centre
Julian,Centre
Lemont,Centre
Madisonburg,Centre
Milesburg,Centre
Millheim,Centre
Mingoville,Centre
Moshannon,Centre
Orviston,Centre
Pennsylvania Furnace,Centre
Philipsburg,Centre
Pine Grove Mills,Centre
Port Matilda,Centre
Rebersburg,Centre
Snow Shoe,Centre
Spring Mills,Centre
Woodward,Centre
Paoli,Chester
Atglen,Chester
Avondale,Chester
Berwyn,Chester
Brandamore,Chester
Chatham,Chester
Coatesville,Chester
Cochranville,Chester
Devon,Chester
Downingtown,Chester
Exton,Chester
Glenmoore,Chester
Honey Brook,Chester
Immaculata,Chester
Kelton,Chester
Kemblesville,Chester
Kennett Square,Chester
Landenberg,Chester
Lewisville,Chester
Lincoln University,Chester
Lionville,Chester
Lyndell,Chester
Malvern,Chester
Mendenhall,Chester
Modena,Chester
New London,Chester
Nottingham,Chester
Oxford,Chester
Parkesburg,Chester
Pocopson,Chester
Pomeroy,Chester
Sadsburyville,Chester
Suplee,Chester
Thorndale,Chester
Toughkenamon,Chester
Unionville,Chester
Wagontown,Chester
West Chester,Chester
West Chester,Chester
West Chester,Chester
West Chester,Chester
West Grove,Chester
Westtown,Chester
Southeastern,Chester
Southeastern,Chester
Southeastern,Chester
Birchrunville,Chester
Chester Springs,Chester
Devault,Chester
Kimberton,Chester
Parker Ford,Chester
Phoenixville,Chester
Pottstown,Chester
Saint Peters,Chester
Spring City,Chester
Uwchland,Chester
Valley Forge,Chester
Valley Forge,Chester
Valley Forge,Chester
Valley Forge,Chester
Valley Forge,Chester
Valley Forge,Chester
Elverson,Chester
East Brady,Clarion
Foxburg,Clarion
Saint Petersburg,Clarion
Turkey City,Clarion
Callensburg,Clarion
Clarion,Clarion
Crown,Clarion
Curllsville,Clarion
Fairmount City,Clarion
Fisher,Clarion
Hawthorn,Clarion
Knox,Clarion
Leeper,Clarion
Limestone,Clarion
Lucinda,Clarion
Mayport,Clarion
New Bethlehem,Clarion
Rimersburg,Clarion
Shippenville,Clarion
Sligo,Clarion
Snydersburg,Clarion
Strattanville,Clarion
Vowinckel,Clarion
Fryburg,Clarion
Kossuth,Clarion
Lickingville,Clarion
Marble,Clarion
Tylersburg,Clarion
Lamartine,Clarion
Burnside,Clearfield
La Jose,Clearfield
Mahaffey,Clearfield
Du Bois,Clearfield
Luthersburg,Clearfield
Penfield,Clearfield
Rockton,Clearfield
Troutville,Clearfield
Beccaria,Clearfield
Brisbin,Clearfield
Coalport,Clearfield
Glen Hope,Clearfield
Houtzdale,Clearfield
Irvona,Clearfield
Madera,Clearfield
Morann,Clearfield
Osceola Mills,Clearfield
Ramey,Clearfield
Smithmill,Clearfield
Smokerun,Clearfield
Westover,Clearfield
Houtzdale,Clearfield
Allport,Clearfield
Bigler,Clearfield
Clearfield,Clearfield
Curwensville,Clearfield
Drifting,Clearfield
Frenchville,Clearfield
Glen Richey,Clearfield
Grampian,Clearfield
Grassflat,Clearfield
Hawk Run,Clearfield
Hyde,Clearfield
Karthaus,Clearfield
Kylertown,Clearfield
Lanse,Clearfield
Lecontes Mills,Clearfield
Mineral Springs,Clearfield
Morrisdale,Clearfield
Munson,Clearfield
New Millport,Clearfield
Olanta,Clearfield
Pottersdale,Clearfield
Shawville,Clearfield
Wallaceton,Clearfield
West Decatur,Clearfield
Winburne,Clearfield
Woodland,Clearfield
Beech Creek,Clinton
Lamar,Clinton
Avis,Clinton
Castanea,Clinton
Lock Haven,Clinton
Loganton,Clinton
Mc Elhattan,Clinton
Mackeyville,Clinton
Mill Hall,Clinton
North Bend,Clinton
Renovo,Clinton
Westport,Clinton
Woolrich,Clinton
Benton,Columbia
Bloomsburg,Columbia
Catawissa,Columbia
Millville,Columbia
Numidia,Columbia
Orangeville,Columbia
Stillwater,Columbia
Wilburton,Columbia
Aristes,Columbia
Berwick,Columbia
Mifflinville,Columbia
Adamsville,Crawford
Atlantic,Crawford
Hartstown,Crawford
Cochranton,Crawford
Conneaut Lake,Crawford
Guys Mills,Crawford
Hydetown,Crawford
Meadville,Crawford
Titusville,Crawford
Townville,Crawford
Meadville,Crawford
Cambridge Springs,Crawford
Centerville,Crawford
Conneautville,Crawford
Harmonsburg,Crawford
Linesville,Crawford
Riceville,Crawford
Saegertown,Crawford
Spartansburg,Crawford
Springboro,Crawford
Venango,Crawford
Camp Hill,Cumberland
Boiling Springs,Cumberland
Camp Hill,Cumberland
Camp Hill,Cumberland
Carlisle,Cumberland
Carlisle,Cumberland
Enola,Cumberland
Grantham,Cumberland
Lemoyne,Cumberland
Mechanicsburg,Cumberland
Mechanicsburg,Cumberland
Mount Holly Springs,Cumberland
New Cumberland,Cumberland
New Kingstown,Cumberland
Plainfield,Cumberland
Camp Hill,Cumberland
Summerdale,Cumberland
Newburg,Cumberland
Newville,Cumberland
Shippensburg,Cumberland
Walnut Bottom,Cumberland
Berrysburg,Dauphin
Dauphin,Dauphin
Elizabethville,Dauphin
Grantville,Dauphin
Gratz,Dauphin
Halifax,Dauphin
Hershey,Dauphin
Highspire,Dauphin
Hummelstown,Dauphin
Lykens,Dauphin
Middletown,Dauphin
Millersburg,Dauphin
Pillow,Dauphin
Wiconisco,Dauphin
Williamstown,Dauphin
Harrisburg,Dauphin
Harrisburg,Dauphin
Harrisburg,Dauphin
Harrisburg,Dauphin
Harrisburg,Dauphin
Harrisburg,Dauphin
Harrisburg,Dauphin
Harrisburg,Dauphin
Harrisburg,Dauphin
Harrisburg,Dauphin
Harrisburg,Dauphin
Harrisburg,Dauphin
Harrisburg,Dauphin
Harrisburg,Dauphin
Harrisburg,Dauphin
Harrisburg,Dauphin
Harrisburg,Dauphin
Harrisburg,Dauphin
Harrisburg,Dauphin
Harrisburg,Dauphin
Harrisburg,Dauphin
Harrisburg,Dauphin
Harrisburg,Dauphin
Harrisburg,Dauphin
Harrisburg,Dauphin
Harrisburg,Dauphin
Ardmore,Delaware
Broomall,Delaware
Bryn Mawr,Delaware
Chester,Delaware
Aston,Delaware
Brookhaven,Delaware
Chester,Delaware
Chester Heights,Delaware
Clifton Heights,Delaware
Crum Lynne,Delaware
Darby,Delaware
Drexel Hill,Delaware
Edgemont,Delaware
Essington,Delaware
Folcroft,Delaware
Folsom,Delaware
Glenolden,Delaware
Glen Riddle Lima,Delaware
Gradyville,Delaware
Haverford,Delaware
Holmes,Delaware
Lansdowne,Delaware
Lenni,Delaware
Garnet Valley,Delaware
Marcus Hook,Delaware
Media,Delaware
Springfield,Delaware
Media,Delaware
Morton,Delaware
Newtown Square,Delaware
Norwood,Delaware
Prospect Park,Delaware
Ridley Park,Delaware
Sharon Hill,Delaware
Wayne,Delaware
Swarthmore,Delaware
Upper Darby,Delaware
Havertown,Delaware
Villanova,Delaware
Wallingford,Delaware
Wayne,Delaware
Wayne,Delaware
Wayne,Delaware
Media,Delaware
Woodlyn,Delaware
Holmes,Delaware
Philadelphia,Delaware
Chadds Ford,Delaware
Cheyney,Delaware
Concordville,Delaware
Concordville,Delaware
Concordville,Delaware
Glen Mills,Delaware
Thornton,Delaware
Benezett,Elk
Brandy Camp,Elk
Brockport,Elk
Byrnedale,Elk
Dagus Mines,Elk
Force,Elk
Johnsonburg,Elk
Kersey,Elk
Ridgway,Elk
Saint Marys,Elk
Weedville,Elk
Wilcox,Elk
De Young,Elk
James City,Elk
Albion,Erie
Corry,Erie
Cranesville,Erie
East Springfield,Erie
Edinboro,Erie
Elgin,Erie
Fairview,Erie
Girard,Erie
Harborcreek,Erie
Lake City,Erie
Mc Kean,Erie
Mill Village,Erie
North East,Erie
North Springfield,Erie
Union City,Erie
Waterford,Erie
Wattsburg,Erie
West Springfield,Erie
Edinboro,Erie
Albion,Erie
Erie,Erie
Erie,Erie
Erie,Erie
Erie,Erie
Erie,Erie
Erie,Erie
Erie,Erie
Erie,Erie
Erie,Erie
Erie,Erie
Erie,Erie
Erie,Erie
Erie,Erie
Erie,Erie
Erie,Erie
Erie,Erie
Erie,Erie
Erie,Erie
Erie,Erie
Erie,Erie
Erie,Erie
Erie,Erie
Erie,Erie
Erie,Erie
Erie,Erie
Erie,Erie
Belle Vernon,Fayette
Uniontown,Fayette
Adah,Fayette
Allison,Fayette
Brier Hill,Fayette
Brownfield,Fayette
Brownsville,Fayette
Cardale,Fayette
Chalk Hill,Fayette
Chestnut Ridge,Fayette
Connellsville,Fayette
Dawson,Fayette
Dickerson Run,Fayette
Dunbar,Fayette
East Millsboro,Fayette
Fairbank,Fayette
Fairchance,Fayette
Farmington,Fayette
Fayette City,Fayette
Gans,Fayette
Gibbon Glade,Fayette
Grindstone,Fayette
Hibbs,Fayette
Hiller,Fayette
Hopwood,Fayette
Indian Head,Fayette
Isabella,Fayette
Keisterville,Fayette
La Belle,Fayette
Lake Lynn,Fayette
Leckrone,Fayette
Leisenring,Fayette
Lemont Furnace,Fayette
Mc Clellandtown,Fayette
Markleysburg,Fayette
Martin,Fayette
Masontown,Fayette
Melcroft,Fayette
Merrittstown,Fayette
Mill Run,Fayette
Mount Braddock,Fayette
Newell,Fayette
New Geneva,Fayette
New Salem,Fayette
Normalville,Fayette
Ohiopyle,Fayette
Oliver,Fayette
Perryopolis,Fayette
Point Marion,Fayette
Republic,Fayette
Ronco,Fayette
Smithfield,Fayette
Smock,Fayette
Star Junction,Fayette
Uledi,Fayette
Vanderbilt,Fayette
Waltersburg,Fayette
West Leisenring,Fayette
White,Fayette
Wickhaven,Fayette
Everson,Fayette
Clarington,Forest
Cooksburg,Forest
Marienville,Forest
East Hickory,Forest
Endeavor,Forest
Tionesta,Forest
West Hickory,Forest
Chambersburg,Franklin
Chambersburg,Franklin
Amberson,Franklin
Blue Ridge Summit,Franklin
Concord,Franklin
Doylesburg,Franklin
Dry Run,Franklin
Fannettsburg,Franklin
Fayetteville,Franklin
Fort Loudon,Franklin
Greencastle,Franklin
Lemasters,Franklin
Lurgan,Franklin
Marion,Franklin
Mercersburg,Franklin
Mont Alto,Franklin
Orrstown,Franklin
Pleasant Hall,Franklin
Quincy,Franklin
Rouzerville,Franklin
Roxbury,Franklin
Saint Thomas,Franklin
Scotland,Franklin
Shady Grove,Franklin
South Mountain,Franklin
Spring Run,Franklin
State Line,Franklin
Upperstrasburg,Franklin
Waynesboro,Franklin
Willow Hill,Franklin
Zullinger,Franklin
Crystal Spring,Fulton
Waterfall,Fulton
Wells Tannery,Fulton
Big Cove Tannery,Fulton
Burnt Cabins,Fulton
Fort Littleton,Fulton
Harrisonville,Fulton
Hustontown,Fulton
Mc Connellsburg,Fulton
Needmore,Fulton
Warfordsburg,Fulton
Aleppo,Greene
Bobtown,Greene
Brave,Greene
Carmichaels,Greene
Clarksville,Greene
Crucible,Greene
Dilliner,Greene
Garards Fort,Greene
Graysville,Greene
Greensboro,Greene
Holbrook,Greene
Jefferson,Greene
Mather,Greene
Mount Morris,Greene
Nemacolin,Greene
New Freeport,Greene
Nineveh,Greene
Rices Landing,Greene
Rogersville,Greene
Spraggs,Greene
Sycamore,Greene
Waynesburg,Greene
Wind Ridge,Greene
Alexandria,Huntingdon
Broad Top,Huntingdon
Calvin,Huntingdon
Cassville,Huntingdon
Dudley,Huntingdon
Entriken,Huntingdon
Hesston,Huntingdon
Huntingdon,Huntingdon
Huntingdon,Huntingdon
James Creek,Huntingdon
Mc Connellstown,Huntingdon
Petersburg,Huntingdon
Robertsdale,Huntingdon
Spruce Creek,Huntingdon
Todd,Huntingdon
Warriors Mark,Huntingdon
Mapleton Depot,Huntingdon
Mill Creek,Huntingdon
Mount Union,Huntingdon
Blairs Mills,Huntingdon
Neelyton,Huntingdon
Orbisonia,Huntingdon
Rockhill Furnace,Huntingdon
Saltillo,Huntingdon
Shade Gap,Huntingdon
Shirleysburg,Huntingdon
Three Springs,Huntingdon
Saltsburg,Indiana
Indiana,Indiana
Indiana,Indiana
Alverda,Indiana
Arcadia,Indiana
Aultman,Indiana
Black Lick,Indiana
Blairsville,Indiana
Brush Valley,Indiana
Chambersville,Indiana
Cherry Tree,Indiana
Clarksburg,Indiana
Clune,Indiana
Clymer,Indiana
Commodore,Indiana
Coral,Indiana
Creekside,Indiana
Dixonville,Indiana
Ernest,Indiana
Gipsy,Indiana
Glen Campbell,Indiana
Heilwood,Indiana
Hillsdale,Indiana
Home,Indiana
Homer City,Indiana
Josephine,Indiana
Kent,Indiana
Lucernemines,Indiana
Mc Intyre,Indiana
Marchand,Indiana
Marion Center,Indiana
Mentcle,Indiana
Northpoint,Indiana
Penn Run,Indiana
Rochester Mills,Indiana
Rossiter,Indiana
Starford,Indiana
West Lebanon,Indiana
Armagh,Indiana
Dilltown,Indiana
Robinson,Indiana
Strongstown,Indiana
Beyer,Indiana
Plumville,Indiana
Smicksburg,Indiana
Anita,Jefferson
Big Run,Jefferson
Coolspring,Jefferson
De Lancey,Jefferson
Hamilton,Jefferson
Oliveburg,Jefferson
Punxsutawney,Jefferson
Ringgold,Jefferson
Sprankle Mills,Jefferson
Timblin,Jefferson
Valier,Jefferson
Walston,Jefferson
Worthville,Jefferson
Brockway,Jefferson
Brookville,Jefferson
Corsica,Jefferson
Falls Creek,Jefferson
Knox Dale,Jefferson
Reynoldsville,Jefferson
Sigel,Jefferson
Stump Creek,Jefferson
Summerville,Jefferson
Sykesville,Jefferson
Cocolamus,Juniata
East Waterford,Juniata
Honey Grove,Juniata
Mc Alisterville,Juniata
Mexico,Juniata
Mifflin,Juniata
Mifflintown,Juniata
Oakland Mills,Juniata
Port Royal,Juniata
Richfield,Juniata
Thompsontown,Juniata
Archbald,Lackawanna
Carbondale,Lackawanna
Chinchilla,Lackawanna
Clarks Summit,Lackawanna
Dalton,Lackawanna
Elmhurst,Lackawanna
Fleetville,Lackawanna
Jermyn,Lackawanna
Jessup,Lackawanna
La Plume,Lackawanna
Moscow,Lackawanna
Olyphant,Lackawanna
Olyphant,Lackawanna
Peckville,Lackawanna
Waverly,Lackawanna
Scranton,Lackawanna
Scranton,Lackawanna
Scranton,Lackawanna
Scranton,Lackawanna
Scranton,Lackawanna
Moosic,Lackawanna
Scranton,Lackawanna
Scranton,Lackawanna
Scranton,Lackawanna
Scranton,Lackawanna
Scranton,Lackawanna
Taylor,Lackawanna
Old Forge,Lackawanna
Scranton,Lackawanna
Scranton,Lackawanna
Scranton,Lackawanna
Ransom,Lackawanna
Elizabethtown,Lancaster
Akron,Lancaster
Bainbridge,Lancaster
Bart,Lancaster
Bausman,Lancaster
Bird In Hand,Lancaster
Blue Ball,Lancaster
Bowmansville,Lancaster
Brownstown,Lancaster
Christiana,Lancaster
Columbia,Lancaster
Conestoga,Lancaster
Denver,Lancaster
Drumore,Lancaster
East Earl,Lancaster
East Petersburg,Lancaster
Elm,Lancaster
Ephrata,Lancaster
Gap,Lancaster
Goodville,Lancaster
Gordonville,Lancaster
Holtwood,Lancaster
Hopeland,Lancaster
Intercourse,Lancaster
Kinzers,Lancaster
Kirkwood,Lancaster
Lampeter,Lancaster
Landisville,Lancaster
Leola,Lancaster
Lititz,Lancaster
Manheim,Lancaster
Marietta,Lancaster
Martindale,Lancaster
Maytown,Lancaster
Millersville,Lancaster
Mount Joy,Lancaster
Mountville,Lancaster
Narvon,Lancaster
New Holland,Lancaster
New Providence,Lancaster
Paradise,Lancaster
Peach Bottom,Lancaster
Penryn,Lancaster
Pequea,Lancaster
Quarryville,Lancaster
Reamstown,Lancaster
Refton,Lancaster
Reinholds,Lancaster
Rheems,Lancaster
Ronks,Lancaster
Ronks,Lancaster
Silver Spring,Lancaster
Smoketown,Lancaster
Stevens,Lancaster
Strasburg,Lancaster
Talmage,Lancaster
Terre Hill,Lancaster
Washington Boro,Lancaster
West Willow,Lancaster
Willow Street,Lancaster
Witmer,Lancaster
Lancaster,Lancaster
Lancaster,Lancaster
Lancaster,Lancaster
Lancaster,Lancaster
Lancaster,Lancaster
Lancaster,Lancaster
Lancaster,Lancaster
Lancaster,Lancaster
Lancaster,Lancaster
Lancaster,Lancaster
Lancaster,Lancaster
Adamstown,Lancaster
New Castle,Lawrence
New Castle,Lawrence
New Castle,Lawrence
New Castle,Lawrence
New Castle,Lawrence
New Castle,Lawrence
Bessemer,Lawrence
Edinburg,Lawrence
Ellwood City,Lawrence
Enon Valley,Lawrence
Hillsville,Lawrence
New Bedford,Lawrence
New Wilmington,Lawrence
Pulaski,Lawrence
Villa Maria,Lawrence
Volant,Lawrence
Wampum,Lawrence
West Pittsburg,Lawrence
New Wilmington,Lawrence
Annville,Lebanon
Campbelltown,Lebanon
Cornwall,Lebanon
Fredericksburg,Lebanon
Jonestown,Lebanon
Kleinfeltersville,Lebanon
Lawn,Lebanon
Lebanon,Lebanon
Lebanon,Lebanon
Mount Gretna,Lebanon
Myerstown,Lebanon
Newmanstown,Lebanon
Ono,Lebanon
Palmyra,Lebanon
Quentin,Lebanon
Rexmont,Lebanon
Richland,Lebanon
Schaefferstown,Lebanon
Alburtis,Lehigh
Bethlehem,Lehigh
Breinigsville,Lehigh
Catasauqua,Lehigh
Center Valley,Lehigh
Coopersburg,Lehigh
Coplay,Lehigh
East Texas,Lehigh
Emmaus,Lehigh
Fogelsville,Lehigh
Whitehall,Lehigh
Germansville,Lehigh
Laurys Station,Lehigh
Limeport,Lehigh
Macungie,Lehigh
Neffs,Lehigh
New Tripoli,Lehigh
Old Zionsville,Lehigh
Orefield,Lehigh
Schnecksville,Lehigh
Slatedale,Lehigh
Slatington,Lehigh
Trexlertown,Lehigh
Zionsville,Lehigh
Emmaus,Lehigh
Emmaus,Lehigh
Allentown,Lehigh
Allentown,Lehigh
Allentown,Lehigh
Allentown,Lehigh
Allentown,Lehigh
Allentown,Lehigh
Allentown,Lehigh
Allentown,Lehigh
Hazleton,Luzerne
Hazleton,Luzerne
Conyngham,Luzerne
Drifton,Luzerne
Drums,Luzerne
Ebervale,Luzerne
Freeland,Luzerne
Harleigh,Luzerne
Lattimer Mines,Luzerne
Milnesville,Luzerne
Rock Glen,Luzerne
Saint Johns,Luzerne
Sugarloaf,Luzerne
Sybertsville,Luzerne
Weston,Luzerne
Beach Haven,Luzerne
Bear Creek,Luzerne
Cambra,Luzerne
Dallas,Luzerne
Glen Lyon,Luzerne
Harveys Lake,Luzerne
Hunlock Creek,Luzerne
Huntington Mills,Luzerne
Lehman,Luzerne
Nanticoke,Luzerne
Nescopeck,Luzerne
Pittston,Luzerne
Pittston,Luzerne
Duryea,Luzerne
Pittston,Luzerne
Wyoming,Luzerne
Plymouth,Luzerne
Shawanese,Luzerne
Shickshinny,Luzerne
Sweet Valley,Luzerne
Wapwallopen,Luzerne
White Haven,Luzerne
Dallas,Luzerne
Wilkes Barre,Luzerne
Wilkes Barre,Luzerne
Wilkes Barre,Luzerne
Kingston,Luzerne
Wilkes Barre,Luzerne
Wilkes Barre,Luzerne
Mountain Top,Luzerne
Shavertown,Luzerne
Luzerne,Luzerne
Wilkes Barre,Luzerne
Wilkes Barre,Luzerne
Wilkes Barre,Luzerne
Wilkes Barre,Luzerne
Wilkes Barre,Luzerne
Wilkes Barre,Luzerne
Wilkes Barre,Luzerne
Wilkes Barre,Luzerne
Wilkes Barre,Luzerne
Williamsport,Lycoming
Williamsport,Lycoming
Williamsport,Lycoming
Williamsport,Lycoming
Antes Fort,Lycoming
Jersey Shore,Lycoming
Cedar Run,Lycoming
Cogan Station,Lycoming
Hughesville,Lycoming
Jersey Mills,Lycoming
Jersey Shore,Lycoming
Lairdsville,Lycoming
Linden,Lycoming
Montgomery,Lycoming
Montoursville,Lycoming
Muncy,Lycoming
Picture Rocks,Lycoming
Ralston,Lycoming
Slate Run,Lycoming
Trout Run,Lycoming
Unityville,Lycoming
Waterville,Lycoming
Ludlow,McKean
Bradford,McKean
Crosby,McKean
Custer City,McKean
Cyclone,McKean
Derrick City,McKean
Duke Center,McKean
East Smethport,McKean
Eldred,McKean
Gifford,McKean
Hazel Hurst,McKean
Kane,McKean
Lewis Run,McKean
Mount Jewett,McKean
Port Allegany,McKean
Rew,McKean
Rixford,McKean
Smethport,McKean
Turtlepoint,McKean
Clark,Mercer
Clarks Mills,Mercer
Farrell,Mercer
Fredonia,Mercer
Greenville,Mercer
Grove City,Mercer
Hadley,Mercer
Jackson Center,Mercer
Jamestown,Mercer
Mercer,Mercer
Sandy Lake,Mercer
Sharon,Mercer
Hermitage,Mercer
Sharpsville,Mercer
Sheakleyville,Mercer
Stoneboro,Mercer
Transfer,Mercer
West Middlesex,Mercer
Wheatland,Mercer
Carlton,Mercer
Allensville,Mifflin
Belleville,Mifflin
Burnham,Mifflin
Granville,Mifflin
Lewistown,Mifflin
Mc Veytown,Mifflin
Mattawana,Mifflin
Milroy,Mifflin
Newton Hamilton,Mifflin
Reedsville,Mifflin
Yeagertown,Mifflin
Kunkletown,Monroe
East Stroudsburg,Monroe
Analomink,Monroe
Bartonsville,Monroe
Brodheadsville,Monroe
Buck Hill Falls,Monroe
Canadensis,Monroe
Cresco,Monroe
Delaware Water Gap,Monroe
Effort,Monroe
Gilbert,Monroe
Henryville,Monroe
Kresgeville,Monroe
Long Pond,Monroe
Marshalls Creek,Monroe
Minisink Hills,Monroe
Mountainhome,Monroe
Mount Pocono,Monroe
Pocono Summit,Monroe
Pocono Lake,Monroe
Pocono Lake Preserve,Monroe
Pocono Manor,Monroe
Pocono Pines,Monroe
Reeders,Monroe
Saylorsburg,Monroe
Sciota,Monroe
Scotrun,Monroe
Shawnee On Delaware,Monroe
Skytop,Monroe
Stroudsburg,Monroe
Swiftwater,Monroe
Tannersville,Monroe
Tobyhanna,Monroe
Blakeslee,Monroe
East Greenville,Montgomery
Green Lane,Montgomery
Palm,Montgomery
Pennsburg,Montgomery
Perkiomenville,Montgomery
Red Hill,Montgomery
Sumneytown,Montgomery
Colmar,Montgomery
Earlington,Montgomery
Franconia,Montgomery
Montgomeryville,Montgomery
Salford,Montgomery
Salfordville,Montgomery
Souderton,Montgomery
Telford,Montgomery
Tylersport,Montgomery
Woxall,Montgomery
Abington,Montgomery
Ambler,Montgomery
Bala Cynwyd,Montgomery
Huntingdon Valley,Montgomery
Bryn Athyn,Montgomery
Cheltenham,Montgomery
Dresher,Montgomery
Elkins Park,Montgomery
Flourtown,Montgomery
Fort Washington,Montgomery
Gladwyne,Montgomery
Glenside,Montgomery
Hatboro,Montgomery
Horsham,Montgomery
Jenkintown,Montgomery
Merion Station,Montgomery
Narberth,Montgomery
Oreland,Montgomery
Willow Grove,Montgomery
Wyncote,Montgomery
Wynnewood,Montgomery
Philadelphia,Montgomery
Norristown,Montgomery
Norristown,Montgomery
Norristown,Montgomery
Bridgeport,Montgomery
King Of Prussia,Montgomery
Audubon,Montgomery
Eagleville,Montgomery
Fairview Village,Montgomery
Eagleville,Montgomery
Blue Bell,Montgomery
Cedars,Montgomery
Blue Bell,Montgomery
Collegeville,Montgomery
Conshohocken,Montgomery
Conshohocken,Montgomery
Creamery,Montgomery
Frederick,Montgomery
Gwynedd,Montgomery
Gwynedd Valley,Montgomery
Harleysville,Montgomery
Hatfield,Montgomery
Harleysville,Montgomery
Kulpsville,Montgomery
Lafayette Hill,Montgomery
Lansdale,Montgomery
Lederach,Montgomery
Mainland,Montgomery
Mont Clare,Montgomery
North Wales,Montgomery
North Wales,Montgomery
Oaks,Montgomery
Plymouth Meeting,Montgomery
Pottstown,Montgomery
Royersford,Montgomery
Sassamansville,Montgomery
Schwenksville,Montgomery
Skippack,Montgomery
Spring House,Montgomery
Spring Mount,Montgomery
Valley Forge,Montgomery
West Point,Montgomery
Worcester,Montgomery
Zieglerville,Montgomery
Gilbertsville,Montgomery
Danville,Montour
Danville,Montour
Washingtonville,Montour
Lehigh Valley,Northampton
Lehigh Valley,Northampton
Lehigh Valley,Northampton
Bangor,Northampton
Bath,Northampton
Bethlehem,Northampton
Bethlehem,Northampton
Bethlehem,Northampton
Bethlehem,Northampton
Bethlehem,Northampton
Cherryville,Northampton
Danielsville,Northampton
Easton,Northampton
Easton,Northampton
Easton,Northampton
Easton,Northampton
Easton,Northampton
Hellertown,Northampton
Martins Creek,Northampton
Nazareth,Northampton
Northampton,Northampton
Pen Argyl,Northampton
Stockertown,Northampton
Tatamy,Northampton
Treichlers,Northampton
Walnutport,Northampton
Wind Gap,Northampton
Mount Bethel,Northampton
Portland,Northampton
Dalmatia,Northumberland
Dewart,Northumberland
Mc Ewensville,Northumberland
Turbotville,Northumberland
Watsontown,Northumberland
Sunbury,Northumberland
Dornsife,Northumberland
Elysburg,Northumberland
Herndon,Northumberland
Marion Heights,Northumberland
Kulpmont,Northumberland
Leck Kill,Northumberland
Locust Gap,Northumberland
Milton,Northumberland
Montandon,Northumberland
Mount Carmel,Northumberland
Northumberland,Northumberland
Paxinos,Northumberland
Potts Grove,Northumberland
Coal Township,Northumberland
Rebuck,Northumberland
Riverside,Northumberland
Shamokin,Northumberland
Snydertown,Northumberland
Trevorton,Northumberland
Blain,Perry
Duncannon,Perry
Elliottsburg,Perry
Ickesburg,Perry
Landisburg,Perry
Liverpool,Perry
Loysville,Perry
Marysville,Perry
Millerstown,Perry
New Bloomfield,Perry
New Buffalo,Perry
New Germantown,Perry
Newport,Perry
Shermans Dale,Perry
Philadelphia,Philadelphia
Philadelphia,Philadelphia
Philadelphia,Philadelphia
Philadelphia,Philadelphia
Philadelphia,Philadelphia
Philadelphia,Philadelphia
Philadelphia,Philadelphia
Philadelphia,Philadelphia
Philadelphia,Philadelphia
Philadelphia,Philadelphia
Philadelphia,Philadelphia
Philadelphia,Philadelphia
Philadelphia,Philadelphia
Philadelphia,Philadelphia
Philadelphia,Philadelphia
Philadelphia,Philadelphia
Philadelphia,Philadelphia
Philadelphia,Philadelphia
Philadelphia,Philadelphia
Philadelphia,Philadelphia
Philadelphia,Philadelphia
Philadelphia,Philadelphia
Philadelphia,Philadelphia
Philadelphia,Philadelphia
Philadelphia,Philadelphia
Philadelphia,Philadelphia
Philadelphia,Philadelphia
Philadelphia,Philadelphia
Philadelphia,Philadelphia
Philadelphia,Philadelphia
Philadelphia,Philadelphia
Philadelphia,Philadelphia
Philadelphia,Philadelphia
Philadelphia,Philadelphia
Philadelphia,Philadelphia
Philadelphia,Philadelphia
Philadelphia,Philadelphia
Philadelphia,Philadelphia
Philadelphia,Philadelphia
Philadelphia,Philadelphia
Philadelphia,Philadelphia
Philadelphia,Philadelphia
Philadelphia,Philadelphia
Philadelphia,Philadelphia
Philadelphia,Philadelphia
Philadelphia,Philadelphia
Philadelphia,Philadelphia
Philadelphia,Philadelphia
Philadelphia,Philadelphia
Philadelphia,Philadelphia
Philadelphia,Philadelphia
Philadelphia,Philadelphia
Philadelphia,Philadelphia
Philadelphia,Philadelphia
Philadelphia,Philadelphia
Philadelphia,Philadelphia
Philadelphia,Philadelphia
Philadelphia,Philadelphia
Philadelphia,Philadelphia
Philadelphia,Philadelphia
Philadelphia,Philadelphia
Philadelphia,Philadelphia
Philadelphia,Philadelphia
Philadelphia,Philadelphia
Philadelphia,Philadelphia
Philadelphia,Philadelphia
Philadelphia,Philadelphia
Philadelphia,Philadelphia
Philadelphia,Philadelphia
Philadelphia,Philadelphia
Philadelphia,Philadelphia
Philadelphia,Philadelphia
Philadelphia,Philadelphia
Philadelphia,Philadelphia
Philadelphia,Philadelphia
Philadelphia,Philadelphia
Philadelphia,Philadelphia
Philadelphia,Philadelphia
Philadelphia,Philadelphia
Philadelphia,Philadelphia
Philadelphia,Philadelphia
Philadelphia,Philadelphia
Philadelphia,Philadelphia
Philadelphia,Philadelphia
Philadelphia,Philadelphia
East Stroudsburg,Pike
Bushkill,Pike
Dingmans Ferry,Pike
Matamoras,Pike
Milford,Pike
Millrift,Pike
Tamiment,Pike
Greeley,Pike
Greentown,Pike
Lackawaxen,Pike
Paupack,Pike
Rowland,Pike
Shohola,Pike
Tafton,Pike
Austin,Potter
Roulette,Potter
Shinglehouse,Potter
Coudersport,Potter
Galeton,Potter
Genesee,Potter
Harrison Valley,Potter
Mills,Potter
Genesee,Potter
Ulysses,Potter
Cross Fork,Potter
Pottsville,Schuylkill
Ashland,Schuylkill
Auburn,Schuylkill
Branchdale,Schuylkill
Brockton,Schuylkill
Cressona,Schuylkill
Cumbola,Schuylkill
Frackville,Schuylkill
Frackville,Schuylkill
Friedensburg,Schuylkill
Gilberton,Schuylkill
Girardville,Schuylkill
Gordon,Schuylkill
Hegins,Schuylkill
Klingerstown,Schuylkill
Lavelle,Schuylkill
Llewellyn,Schuylkill
Locustdale,Schuylkill
Lost Creek,Schuylkill
Mahanoy City,Schuylkill
Mahanoy Plane,Schuylkill
Mar Lin,Schuylkill
Mary D,Schuylkill
Middleport,Schuylkill
Minersville,Schuylkill
Muir,Schuylkill
New Philadelphia,Schuylkill
New Ringgold,Schuylkill
Orwigsburg,Schuylkill
Pine Grove,Schuylkill
Pitman,Schuylkill
Port Carbon,Schuylkill
Ravine,Schuylkill
Ringtown,Schuylkill
Sacramento,Schuylkill
Saint Clair,Schuylkill
Schuylkill Haven,Schuylkill
Seltzer,Schuylkill
Shenandoah,Schuylkill
Spring Glen,Schuylkill
Summit Station,Schuylkill
Tower City,Schuylkill
Tremont,Schuylkill
Tuscarora,Schuylkill
Valley View,Schuylkill
Zion Grove,Schuylkill
Andreas,Schuylkill
Barnesville,Schuylkill
Coaldale,Schuylkill
Delano,Schuylkill
Kelayres,Schuylkill
Mcadoo,Schuylkill
Nuremberg,Schuylkill
Oneida,Schuylkill
Quakake,Schuylkill
Sheppton,Schuylkill
Tamaqua,Schuylkill
Port Clinton,Schuylkill
Beaver Springs,Snyder
Beavertown,Snyder
Freeburg,Snyder
Hummels Wharf,Snyder
Kreamer,Snyder
Mc Clure,Snyder
Middleburg,Snyder
Beaver Springs,Snyder
Mount Pleasant Mills,Snyder
Paxtonville,Snyder
Penns Creek,Snyder
Port Trevorton,Snyder
Selinsgrove,Snyder
Shamokin Dam,Snyder
Troxelville,Snyder
Addison,Somerset
Confluence,Somerset
Ursina,Somerset
Somerset,Somerset
Hidden Valley,Somerset
Somerset,Somerset
Acosta,Somerset
Berlin,Somerset
Boswell,Somerset
Boynton,Somerset
Fairhope,Somerset
Fort Hill,Somerset
Friedens,Somerset
Garrett,Somerset
Gray,Somerset
Jenners,Somerset
Jennerstown,Somerset
Kantner,Somerset
Listie,Somerset
Markleton,Somerset
Meyersdale,Somerset
New Baltimore,Somerset
Quecreek,Somerset
Rockwood,Somerset
Salisbury,Somerset
Shanksville,Somerset
Sipesville,Somerset
Springs,Somerset
Stoystown,Somerset
Wellersburg,Somerset
West Salisbury,Somerset
Cairnbrook,Somerset
Central City,Somerset
Davidsville,Somerset
Hollsopple,Somerset
Hooversville,Somerset
Jerome,Somerset
Seanor,Somerset
Tire Hill,Somerset
Windber,Somerset
Eagles Mere,Sullivan
Muncy Valley,Sullivan
Shunk,Sullivan
Dushore,Sullivan
Forksville,Sullivan
Hillsgrove,Sullivan
Laporte,Sullivan
Lopez,Sullivan
Mildred,Sullivan
Clifford,Susquehanna
Forest City,Susquehanna
Herrick Center,Susquehanna
Lenoxville,Susquehanna
Thompson,Susquehanna
Union Dale,Susquehanna
Montrose,Susquehanna
Brackney,Susquehanna
Brooklyn,Susquehanna
Dimock,Susquehanna
Friendsville,Susquehanna
Gibson,Susquehanna
Great Bend,Susquehanna
Hallstead,Susquehanna
Harford,Susquehanna
Hop Bottom,Susquehanna
Jackson,Susquehanna
Kingsley,Susquehanna
Lanesboro,Susquehanna
Lawton,Susquehanna
Little Meadows,Susquehanna
New Milford,Susquehanna
South Gibson,Susquehanna
South Montrose,Susquehanna
Springville,Susquehanna
Susquehanna,Susquehanna
Wellsboro,Tioga
Arnot,Tioga
Blossburg,Tioga
Covington,Tioga
Elkland,Tioga
Gaines,Tioga
Knoxville,Tioga
Lawrenceville,Tioga
Liberty,Tioga
Mainesburg,Tioga
Mansfield,Tioga
Middlebury Center,Tioga
Millerton,Tioga
Morris,Tioga
Morris Run,Tioga
Nelson,Tioga
Osceola,Tioga
Sabinsville,Tioga
Tioga,Tioga
Westfield,Tioga
Roaring Branch,Tioga
Allenwood,Union
Hartleton,Union
Laurelton,Union
Lewisburg,Union
Mifflinburg,Union
Millmont,Union
New Berlin,Union
New Columbia,Union
Swengel,Union
Vicksburg,Union
Weikert,Union
West Milton,Union
White Deer,Union
Winfield,Union
Oil City,Venango
Cooperstown,Venango
Cranberry,Venango
Franklin,Venango
Pleasantville,Venango
Polk,Venango
Reno,Venango
Rouseville,Venango
Seneca,Venango
Utica,Venango
Venus,Venango
Clintonville,Venango
Emlenton,Venango
Kennerdell,Venango
Chandlers Valley,Warren
Clarendon,Warren
Irvine,Warren
Pittsfield,Warren
Russell,Warren
Sheffield,Warren
Sugar Grove,Warren
Tidioute,Warren
Tiona,Warren
Warren,Warren
Warren,Warren
Warren,Warren
Irvine,Warren
Irvine,Warren
Youngsville,Warren
Bear Lake,Warren
Columbus,Warren
Garland,Warren
Grand Valley,Warren
Spring Creek,Warren
Atlasburg,Washington
Bulger,Washington
Burgettstown,Washington
Charleroi,Washington
Donora,Washington
Elrama,Washington
Joffre,Washington
Langeloth,Washington
Lawrence,Washington
Mc Donald,Washington
Midway,Washington
Monongahela,Washington
New Eagle,Washington
Slovan,Washington
Washington,Washington
Amity,Washington
Avella,Washington
Beallsville,Washington
Bentleyville,Washington
Canonsburg,Washington
Cecil,Washington
Claysville,Washington
Cokeburg,Washington
Prosperity,Washington
Eighty Four,Washington
Ellsworth,Washington
Finleyville,Washington
Fredericktown,Washington
Gastonville,Washington
Hendersonville,Washington
Hickory,Washington
Houston,Washington
Marianna,Washington
Meadow Lands,Washington
Millsboro,Washington
Muse,Washington
Richeyville,Washington
Scenery Hill,Washington
Southview,Washington
Strabane,Washington
Taylorstown,Washington
Van Voorhis,Washington
Venetia,Washington
Vestaburg,Washington
West Alexander,Washington
West Finley,Washington
Westland,Washington
West Middletown,Washington
Allenport,Washington
California,Washington
Coal Center,Washington
Daisytown,Washington
Denbo,Washington
Dunlevy,Washington
Elco,Washington
Roscoe,Washington
Stockdale,Washington
Beach Lake,Wayne
Damascus,Wayne
Equinunk,Wayne
Gouldsboro,Wayne
Hamlin,Wayne
Hawley,Wayne
Honesdale,Wayne
Lake Ariel,Wayne
Lake Como,Wayne
Lakeville,Wayne
Lakewood,Wayne
Milanville,Wayne
Newfoundland,Wayne
Orson,Wayne
Pleasant Mount,Wayne
Poyntelle,Wayne
Preston Park,Wayne
Prompton,Wayne
South Canaan,Wayne
South Sterling,Wayne
Starlight,Wayne
Starrucca,Wayne
Sterling,Wayne
Tyler Hill,Wayne
Waymart,Wayne
White Mills,Wayne
Monessen,Westmoreland
New Kensington,Westmoreland
New Kensington,Westmoreland
Pricedale,Westmoreland
Sutersville,Westmoreland
Trafford,Westmoreland
Webster,Westmoreland
West Newton,Westmoreland
Jacobs Creek,Westmoreland
Smithton,Westmoreland
Greensburg,Westmoreland
Greensburg,Westmoreland
Greensburg,Westmoreland
Acme,Westmoreland
Adamsburg,Westmoreland
Alverton,Westmoreland
Apollo,Westmoreland
Ardara,Westmoreland
Armbrust,Westmoreland
Arona,Westmoreland
Avonmore,Westmoreland
Bovard,Westmoreland
Bradenville,Westmoreland
Calumet,Westmoreland
Champion,Westmoreland
Claridge,Westmoreland
Crabtree,Westmoreland
Darragh,Westmoreland
Delmont,Westmoreland
Derry,Westmoreland
Donegal,Westmoreland
East Vandergrift,Westmoreland
Export,Westmoreland
Forbes Road,Westmoreland
Grapeville,Westmoreland
Hannastown,Westmoreland
Harrison City,Westmoreland
Herminie,Westmoreland
Hostetter,Westmoreland
Hunker,Westmoreland
Hutchinson,Westmoreland
Hyde Park,Westmoreland
Irwin,Westmoreland
Jeannette,Westmoreland
Jones Mills,Westmoreland
Larimer,Westmoreland
Latrobe,Westmoreland
Laughlintown,Westmoreland
Ligonier,Westmoreland
Lowber,Westmoreland
Loyalhanna,Westmoreland
Luxor,Westmoreland
Madison,Westmoreland
Mammoth,Westmoreland
Manor,Westmoreland
Mount Pleasant,Westmoreland
Murrysville,Westmoreland
New Alexandria,Westmoreland
New Derry,Westmoreland
New Stanton,Westmoreland
Norvelt,Westmoreland
Penn,Westmoreland
Pleasant Unity,Westmoreland
Rector,Westmoreland
Rillton,Westmoreland
Ruffs Dale,Westmoreland
Salina,Westmoreland
Scottdale,Westmoreland
Slickville,Westmoreland
Southwest,Westmoreland
Stahlstown,Westmoreland
Tarrs,Westmoreland
United,Westmoreland
Vandergrift,Westmoreland
Wendel,Westmoreland
Westmoreland City,Westmoreland
Whitney,Westmoreland
Wyano,Westmoreland
Youngstown,Westmoreland
Youngwood,Westmoreland
Yukon,Westmoreland
Torrance,Westmoreland
Bolivar,Westmoreland
New Florence,Westmoreland
Seward,Westmoreland
Factoryville,Wyoming
Nicholson,Wyoming
Falls,Wyoming
Laceyville,Wyoming
Lake Winola,Wyoming
Mehoopany,Wyoming
Meshoppen,Wyoming
Noxen,Wyoming
Tunkhannock,Wyoming
Dillsburg,York
Airville,York
Brogue,York
Codorus,York
Craley,York
Dallastown,York
Delta,York
Dover,York
East Prospect,York
Emigsville,York
Etters,York
Fawn Grove,York
Felton,York
Franklintown,York
Glen Rock,York
Glenville,York
Hanover,York
Hanover,York
Hanover,York
Hanover,York
Hanover,York
Lewisberry,York
Loganville,York
Manchester,York
Mount Wolf,York
New Freedom,York
New Park,York
Porters Sideling,York
Railroad,York
Red Lion,York
Rossville,York
Seven Valleys,York
Shrewsbury,York
Spring Grove,York
Stewartstown,York
Thomasville,York
Wellsville,York
Windsor,York
Wrightsville,York
York Haven,York
York New Salem,York
York,York
York,York
York,York
York,York
York,York
York,York
York,York
York,York
Barrington,Bristol
Bristol,Bristol
Prudence Island,Bristol
Warren,Bristol
Coventry,Kent
West Greenwich,Kent
East Greenwich,Kent
Greene,Kent
Warwick,Kent
Warwick,Kent
Warwick,Kent
Warwick,Kent
West Warwick,Kent
Adamsville,Newport
Jamestown,Newport
Little Compton,Newport
Newport,Newport
Newport,Newport
Middletown,Newport
Portsmouth,Newport
Tiverton,Newport
Albion,Providence
Chepachet,Providence
Clayville,Providence
Fiskeville,Providence
Forestdale,Providence
Foster,Providence
Glendale,Providence
Greenville,Providence
Harmony,Providence
Harrisville,Providence
Hope,Providence
Manville,Providence
Mapleville,Providence
North Scituate,Providence
Oakland,Providence
Pascoag,Providence
Pawtucket,Providence
Pawtucket,Providence
Pawtucket,Providence
Central Falls,Providence
Cumberland,Providence
Lincoln,Providence
Slatersville,Providence
Woonsocket,Providence
North Smithfield,Providence
Providence,Providence
Providence,Providence
Providence,Providence
Providence,Providence
Providence,Providence
Providence,Providence
Providence,Providence
Providence,Providence
Providence,Providence
Cranston,Providence
North Providence,Providence
Providence,Providence
East Providence,Providence
Riverside,Providence
Rumford,Providence
Smithfield,Providence
Providence,Providence
Johnston,Providence
Cranston,Providence
Cranston,Providence
Providence,Providence
Ashaway,Washington
Block Island,Washington
Bradford,Washington
Carolina,Washington
Charlestown,Washington
Exeter,Washington
Hope Valley,Washington
Hopkinton,Washington
Kenyon,Washington
North Kingstown,Washington
Rockville,Washington
Saunderstown,Washington
Shannock,Washington
Slocum,Washington
Wakefield,Washington
Wakefield,Washington
Kingston,Washington
Narragansett,Washington
Peace Dale,Washington
Westerly,Washington
West Kingston,Washington
Wood River Junction,Washington
Wyoming,Washington
Abbeville,Abbeville
Calhoun Falls,Abbeville
Donalds,Abbeville
Due West,Abbeville
Lowndesville,Abbeville
Salley,Aiken
Wagener,Aiken
Aiken,Aiken
Aiken,Aiken
Aiken,Aiken
Aiken,Aiken
Aiken,Aiken
Aiken,Aiken
New Ellenton,Aiken
Bath,Aiken
Clearwater,Aiken
Gloverville,Aiken
Graniteville,Aiken
Jackson,Aiken
Langley,Aiken
Montmorenci,Aiken
North Augusta,Aiken
Beech Island,Aiken
Vaucluse,Aiken
Warrenville,Aiken
Windsor,Aiken
North Augusta,Aiken
North Augusta,Aiken
Allendale,Allendale
Fairfax,Allendale
Martin,Allendale
Sycamore,Allendale
Ulmer,Allendale
Anderson,Anderson
Anderson,Anderson
Anderson,Anderson
Anderson,Anderson
Anderson,Anderson
Anderson,Anderson
Belton,Anderson
Honea Path,Anderson
Iva,Anderson
La France,Anderson
Pelzer,Anderson
Pendleton,Anderson
Sandy Springs,Anderson
Starr,Anderson
Townville,Anderson
Williamston,Anderson
Bamberg,Bamberg
Denmark,Bamberg
Ehrhardt,Bamberg
Olar,Bamberg
Barnwell,Barnwell
Hilda,Barnwell
Blackville,Barnwell
Elko,Barnwell
Williston,Barnwell
Beaufort,Beaufort
Beaufort,Beaufort
Beaufort,Beaufort
Beaufort,Beaufort
Parris Island,Beaufort
Beaufort,Beaufort
Beaufort,Beaufort
Bluffton,Beaufort
Dale,Beaufort
Daufuskie Island,Beaufort
Saint Helena Island,Beaufort
Hilton Head Island,Beaufort
Hilton Head Island,Beaufort
Hilton Head Island,Beaufort
Lobeco,Beaufort
Port Royal,Beaufort
Hilton Head Island,Beaufort
Seabrook,Beaufort
Sheldon,Beaufort
Hanahan,Berkeley
Bonneau,Berkeley
Cordesville,Berkeley
Cross,Berkeley
Goose Creek,Berkeley
Huger,Berkeley
Jamestown,Berkeley
Ladson,Berkeley
Moncks Corner,Berkeley
Pineville,Berkeley
Pinopolis,Berkeley
Russellville,Berkeley
Saint Stephen,Berkeley
Summerville,Berkeley
Charleston,Berkeley
Cameron,Calhoun
Saint Matthews,Calhoun
Charleston,Charleston
Charleston,Charleston
Charleston,Charleston
Charleston Afb,Charleston
North Charleston,Charleston
Charleston,Charleston
Charleston,Charleston
Charleston,Charleston
Charleston,Charleston
Charleston,Charleston
Charleston,Charleston
North Charleston,Charleston
Charleston,Charleston
Charleston,Charleston
North Charleston,Charleston
North Charleston,Charleston
Charleston,Charleston
Charleston,Charleston
Charleston,Charleston
Charleston,Charleston
Adams Run,Charleston
Awendaw,Charleston
Folly Beach,Charleston
Hollywood,Charleston
Isle Of Palms,Charleston
Johns Island,Charleston
Johns Island,Charleston
Mc Clellanville,Charleston
Mount Pleasant,Charleston
Mount Pleasant,Charleston
Mount Pleasant,Charleston
Ravenel,Charleston
Sullivans Island,Charleston
Wadmalaw Island,Charleston
Gaffney,Cherokee
Gaffney,Cherokee
Gaffney,Cherokee
Blacksburg,Cherokee
Blackstock,Chester
Great Falls,Chester
Chester,Chester
Edgemoor,Chester
Fort Lawn,Chester
Lando,Chester
Richburg,Chester
Mc Bee,Chesterfield
Cheraw,Chesterfield
Patrick,Chesterfield
Chesterfield,Chesterfield
Jefferson,Chesterfield
Mount Croghan,Chesterfield
Pageland,Chesterfield
Ruby,Chesterfield
Alcolu,Clarendon
Davis Station,Clarendon
Gable,Clarendon
Manning,Clarendon
New Zion,Clarendon
Sardinia,Clarendon
Summerton,Clarendon
Turbeville,Clarendon
Lodge,Colleton
Canadys,Colleton
Cottageville,Colleton
Edisto Island,Colleton
Green Pond,Colleton
Jacksonboro,Colleton
Round O,Colleton
Ruffin,Colleton
Smoaks,Colleton
Walterboro,Colleton
Williams,Colleton
Islandton,Colleton
Lamar,Darlington
Lydia,Darlington
Darlington,Darlington
Darlington,Darlington
Hartsville,Darlington
Hartsville,Darlington
Society Hill,Darlington
Dillon,Dillon
Fork,Dillon
Hamer,Dillon
Lake View,Dillon
Latta,Dillon
Little Rock,Dillon
North Charleston,Dorchester
Dorchester,Dorchester
Grover,Dorchester
Harleyville,Dorchester
Reevesville,Dorchester
Ridgeville,Dorchester
Saint George,Dorchester
Summerville,Dorchester
Summerville,Dorchester
Summerville,Dorchester
Edgefield,Edgefield
Johnston,Edgefield
Trenton,Edgefield
Blair,Fairfield
Jenkinsville,Fairfield
Ridgeway,Fairfield
Rion,Fairfield
Winnsboro,Fairfield
Olanta,Florence
Timmonsville,Florence
Florence,Florence
Florence,Florence
Florence,Florence
Florence,Florence
Florence,Florence
Florence,Florence
Coward,Florence
Effingham,Florence
Johnsonville,Florence
Lake City,Florence
Pamplico,Florence
Scranton,Florence
Georgetown,Georgetown
Georgetown,Georgetown
Andrews,Georgetown
Murrells Inlet,Georgetown
Pawleys Island,Georgetown
Greenville,Greenville
Greenville,Greenville
Greenville,Greenville
Greenville,Greenville
Greenville,Greenville
Greenville,Greenville
Greenville,Greenville
Greenville,Greenville
Greenville,Greenville
Greenville,Greenville
Greenville,Greenville
Greenville,Greenville
Greenville,Greenville
Greenville,Greenville
Greenville,Greenville
Greenville,Greenville
Greenville,Greenville
Cleveland,Greenville
Conestee,Greenville
Fountain Inn,Greenville
Greer,Greenville
Greer,Greenville
Greer,Greenville
Marietta,Greenville
Mauldin,Greenville
Piedmont,Greenville
Simpsonville,Greenville
Simpsonville,Greenville
Slater,Greenville
Taylors,Greenville
Tigerville,Greenville
Travelers Rest,Greenville
Greenwood,Greenwood
Greenwood,Greenwood
Greenwood,Greenwood
Greenwood,Greenwood
Hodges,Greenwood
Ninety Six,Greenwood
Ware Shoals,Greenwood
Hodges,Greenwood
Bradley,Greenwood
Troy,Greenwood
Brunson,Hampton
Crocketville,Hampton
Early Branch,Hampton
Estill,Hampton
Furman,Hampton
Garnett,Hampton
Gifford,Hampton
Hampton,Hampton
Luray,Hampton
Miley,Hampton
Scotia,Hampton
Varnville,Hampton
Yemassee,Hampton
Aynor,Horry
Conway,Horry
Conway,Horry
Conway,Horry
Galivants Ferry,Horry
Green Sea,Horry
Little River,Horry
Longs,Horry
Loris,Horry
Myrtle Beach,Horry
Myrtle Beach,Horry
Myrtle Beach,Horry
Myrtle Beach,Horry
Myrtle Beach,Horry
Nichols,Horry
North Myrtle Beach,Horry
Myrtle Beach,Horry
Myrtle Beach,Horry
North Myrtle Beach,Horry
North Myrtle Beach,Horry
Okatie,Jasper
Coosawhatchie,Jasper
Hardeeville,Jasper
Pineland,Jasper
Ridgeland,Jasper
Tillman,Jasper
Bethune,Kershaw
Camden,Kershaw
Camden,Kershaw
Cassatt,Kershaw
Elgin,Kershaw
Liberty Hill,Kershaw
Lugoff,Kershaw
Westville,Kershaw
Heath Springs,Lancaster
Kershaw,Lancaster
Fort Mill,Lancaster
Lancaster,Lancaster
Lancaster,Lancaster
Lancaster,Lancaster
Van Wyck,Lancaster
Clinton,Laurens
Cross Hill,Laurens
Joanna,Laurens
Laurens,Laurens
Mountville,Laurens
Waterloo,Laurens
Gray Court,Laurens
Bishopville,Lee
Elliott,Lee
Lynchburg,Lee
Batesburg,Lexington
Cayce,Lexington
Chapin,Lexington
Gaston,Lexington
Gilbert,Lexington
Leesville,Lexington
Lexington,Lexington
Lexington,Lexington
Lexington,Lexington
Pelion,Lexington
Swansea,Lexington
West Columbia,Lexington
West Columbia,Lexington
West Columbia,Lexington
West Columbia,Lexington
Columbia,Lexington
Columbia,Lexington
Clarks Hill,McCormick
Mc Cormick,McCormick
Modoc,McCormick
Mount Carmel,McCormick
Parksville,McCormick
Plum Branch,McCormick
Mc Cormick,McCormick
Centenary,Marion
Gresham,Marion
Marion,Marion
Mullins,Marion
Rains,Marion
Sellers,Marion
Bennettsville,Marlboro
Blenheim,Marlboro
Clio,Marlboro
Mc Coll,Marlboro
Tatum,Marlboro
Wallace,Marlboro
Chappells,Newberry
Little Mountain,Newberry
Newberry,Newberry
Peak,Newberry
Pomaria,Newberry
Prosperity,Newberry
Silverstreet,Newberry
Whitmire,Newberry
Kinards,Newberry
Fair Play,Oconee
Long Creek,Oconee
Mountain Rest,Oconee
Newry,Oconee
Seneca,Oconee
Richland,Oconee
Salem,Oconee
Seneca,Oconee
Seneca,Oconee
Tamassee,Oconee
Walhalla,Oconee
Westminster,Oconee
West Union,Oconee
Bowman,Orangeburg
Cope,Orangeburg
Cordova,Orangeburg
Elloree,Orangeburg
Eutawville,Orangeburg
Holly Hill,Orangeburg
Neeses,Orangeburg
North,Orangeburg
Norway,Orangeburg
Orangeburg,Orangeburg
Orangeburg,Orangeburg
Orangeburg,Orangeburg
Orangeburg,Orangeburg
Rowesville,Orangeburg
Santee,Orangeburg
Springfield,Orangeburg
Vance,Orangeburg
Branchville,Orangeburg
Central,Pickens
Clemson,Pickens
Clemson,Pickens
Clemson,Pickens
Clemson,Pickens
Easley,Pickens
Easley,Pickens
Easley,Pickens
Liberty,Pickens
Norris,Pickens
Pickens,Pickens
Six Mile,Pickens
Sunset,Pickens
Ballentine,Richland
Blythewood,Richland
Eastover,Richland
Gadsden,Richland
Hopkins,Richland
Irmo,Richland
State Park,Richland
White Rock,Richland
Columbia,Richland
Columbia,Richland
Columbia,Richland
Columbia,Richland
Columbia,Richland
Columbia,Richland
Columbia,Richland
Columbia,Richland
Columbia,Richland
Columbia,Richland
Columbia,Richland
Columbia,Richland
Columbia,Richland
Columbia,Richland
Columbia,Richland
Columbia,Richland
Columbia,Richland
Columbia,Richland
Columbia,Richland
Columbia,Richland
Columbia,Richland
Columbia,Richland
Columbia,Richland
Columbia,Richland
Columbia,Richland
Columbia,Richland
Columbia,Richland
Columbia,Richland
Columbia,Richland
Columbia,Richland
Columbia,Richland
Columbia,Richland
Monetta,Saluda
Ridge Spring,Saluda
Saluda,Saluda
Ward,Saluda
Spartanburg,Spartanburg
Spartanburg,Spartanburg
Spartanburg,Spartanburg
Spartanburg,Spartanburg
Spartanburg,Spartanburg
Spartanburg,Spartanburg
Spartanburg,Spartanburg
Boiling Springs,Spartanburg
Spartanburg,Spartanburg
Arcadia,Spartanburg
Campobello,Spartanburg
Chesnee,Spartanburg
Clifton,Spartanburg
Converse,Spartanburg
Cowpens,Spartanburg
Cross Anchor,Spartanburg
Drayton,Spartanburg
Duncan,Spartanburg
Enoree,Spartanburg
Fairforest,Spartanburg
Fingerville,Spartanburg
Glendale,Spartanburg
Gramling,Spartanburg
Inman,Spartanburg
Landrum,Spartanburg
Lyman,Spartanburg
Mayo,Spartanburg
Moore,Spartanburg
Pacolet,Spartanburg
Pacolet Mills,Spartanburg
Pauline,Spartanburg
Reidville,Spartanburg
Roebuck,Spartanburg
Startex,Spartanburg
Una,Spartanburg
Wellford,Spartanburg
White Stone,Spartanburg
Woodruff,Spartanburg
Dalzell,Sumter
Horatio,Sumter
Mayesville,Sumter
Pinewood,Sumter
Rembert,Sumter
Sumter,Sumter
Sumter,Sumter
Shaw Afb,Sumter
Sumter,Sumter
Sumter,Sumter
Wedgefield,Sumter
Carlisle,Union
Buffalo,Union
Jonesville,Union
Lockhart,Union
Union,Union
Jonesville,Union
Greeleyville,Williamsburg
Cades,Williamsburg
Hemingway,Williamsburg
Kingstree,Williamsburg
Lane,Williamsburg
Nesmith,Williamsburg
Salters,Williamsburg
Bowling Green,York
Catawba,York
Fort Mill,York
Clover,York
Fort Mill,York
Fort Mill,York
Hickory Grove,York
Mc Connells,York
Rock Hill,York
Rock Hill,York
Rock Hill,York
Rock Hill,York
Rock Hill,York
Sharon,York
Smyrna,York
York,York
Plankinton,Aurora
Stickney,Aurora
White Lake,Aurora
Cavour,Beadle
Hitchcock,Beadle
Huron,Beadle
Virgil,Beadle
Wessington,Beadle
Wolsey,Beadle
Yale,Beadle
Huron,Beadle
Martin,Bennett
Tuthill,Bennett
Allen,Bennett
Scotland,Bon Homme
Springfield,Bon Homme
Tabor,Bon Homme
Tyndall,Bon Homme
Avon,Bon Homme
Aurora,Brookings
Brookings,Brookings
Brookings,Brookings
Elkton,Brookings
Sinai,Brookings
Volga,Brookings
Bruce,Brookings
White,Brookings
Aberdeen,Brown
Aberdeen,Brown
Barnard,Brown
Bath,Brown
Claremont,Brown
Columbia,Brown
Ferney,Brown
Frederick,Brown
Groton,Brown
Hecla,Brown
Houghton,Brown
Stratford,Brown
Warner,Brown
Westport,Brown
Chamberlain,Brule
Chamberlain,Brule
Kimball,Brule
Pukwana,Brule
Fort Thompson,Buffalo
Gann Valley,Buffalo
Belle Fourche,Butte
Newell,Butte
Nisland,Butte
Vale,Butte
Herreid,Campbell
Mound City,Campbell
Pollock,Campbell
Dante,Charles Mix
Geddes,Charles Mix
Lake Andes,Charles Mix
Marty,Charles Mix
Pickstown,Charles Mix
Platte,Charles Mix
Wagner,Charles Mix
Bradley,Clark
Clark,Clark
Garden City,Clark
Raymond,Clark
Vienna,Clark
Willow Lake,Clark
Carpenter,Clark
Burbank,Clay
Irene,Clay
Vermillion,Clay
Wakonda,Clay
Watertown,Codington
Florence,Codington
Henry,Codington
Kranzburg,Codington
South Shore,Codington
Wallace,Codington
Bullhead,Corson
Keldron,Corson
Little Eagle,Corson
Mc Intosh,Corson
Mc Laughlin,Corson
Morristown,Corson
Trail City,Corson
Wakpala,Corson
Walker,Corson
Watauga,Corson
Buffalo Gap,Custer
Custer,Custer
Fairburn,Custer
Hermosa,Custer
Pringle,Custer
Mitchell,Davison
Ethan,Davison
Mount Vernon,Davison
Bristol,Day
Grenville,Day
Roslyn,Day
Waubay,Day
Webster,Day
Andover,Day
Pierpont,Day
Astoria,Deuel
Brandt,Deuel
Clear Lake,Deuel
Gary,Deuel
Goodwin,Deuel
Toronto,Deuel
Eagle Butte,Dewey
Glencross,Dewey
Isabel,Dewey
Lantry,Dewey
Ridgeview,Dewey
Timber Lake,Dewey
Whitehorse,Dewey
Armour,Douglas
Corsica,Douglas
Delmont,Douglas
Harrison,Douglas
New Holland,Douglas
Bowdle,Edmunds
Hosmer,Edmunds
Ipswich,Edmunds
Roscoe,Edmunds
Edgemont,Fall River
Hot Springs,Fall River
Oelrichs,Fall River
Oral,Fall River
Smithwick,Fall River
Cresbard,Faulk
Faulkton,Faulk
Onaka,Faulk
Orient,Faulk
Rockham,Faulk
Seneca,Faulk
Big Stone City,Grant
Labolt,Grant
Marvin,Grant
Milbank,Grant
Revillo,Grant
Stockholm,Grant
Strandburg,Grant
Twin Brooks,Grant
Bonesteel,Gregory
Fairfax,Gregory
Burke,Gregory
Dallas,Gregory
Gregory,Gregory
Herrick,Gregory
Saint Charles,Gregory
Midland,Haakon
Milesville,Haakon
Philip,Haakon
Bryant,Hamlin
Castlewood,Hamlin
Estelline,Hamlin
Hayti,Hamlin
Hazel,Hamlin
Lake Norden,Hamlin
Miller,Hand
Ree Heights,Hand
Saint Lawrence,Hand
Alexandria,Hanson
Emery,Hanson
Fulton,Hanson
Ralph,Harding
Reva,Harding
Buffalo,Harding
Camp Crook,Harding
Ludlow,Harding
Redig,Harding
Pierre,Hughes
Blunt,Hughes
Harrold,Hughes
Freeman,Hutchinson
Menno,Hutchinson
Olivet,Hutchinson
Dimock,Hutchinson
Kaylor,Hutchinson
Parkston,Hutchinson
Tripp,Hutchinson
Highmore,Hyde
Stephan,Hyde
Holabird,Hyde
Belvidere,Jackson
Kadoka,Jackson
Long Valley,Jackson
Wanblee,Jackson
Interior,Jackson
Alpena,Jerauld
Lane,Jerauld
Wessington Springs,Jerauld
Draper,Jones
Murdo,Jones
Okaton,Jones
Oldham,Kingsbury
Arlington,Kingsbury
Badger,Kingsbury
De Smet,Kingsbury
Erwin,Kingsbury
Lake Preston,Kingsbury
Iroquois,Kingsbury
Chester,Lake
Madison,Lake
Nunda,Lake
Ramona,Lake
Rutland,Lake
Wentworth,Lake
Winfred,Lake
Deadwood,Lawrence
Lead,Lawrence
Nemo,Lawrence
Saint Onge,Lawrence
Spearfish,Lawrence
Whitewood,Lawrence
Spearfish,Lawrence
Canton,Lincoln
Fairview,Lincoln
Harrisburg,Lincoln
Hudson,Lincoln
Lennox,Lincoln
Tea,Lincoln
Worthing,Lincoln
Oacoma,Lyman
Kennebec,Lyman
Lower Brule,Lyman
Presho,Lyman
Reliance,Lyman
Vivian,Lyman
Canistota,McCook
Montrose,McCook
Salem,McCook
Bridgewater,McCook
Spencer,McCook
Eureka,McPherson
Leola,McPherson
Long Lake,McPherson
Eden,Marshall
Lake City,Marshall
Veblen,Marshall
Amherst,Marshall
Britton,Marshall
Langford,Marshall
Faith,Meade
Ellsworth Afb,Meade
Black Hawk,Meade
Enning,Meade
Fort Meade,Meade
Howes,Meade
Mud Butte,Meade
Piedmont,Meade
Sturgis,Meade
Union Center,Meade
White Owl,Meade
Norris,Mellette
White River,Mellette
Wood,Mellette
Canova,Miner
Carthage,Miner
Fedora,Miner
Howard,Miner
Baltic,Minnehaha
Brandon,Minnehaha
Colton,Minnehaha
Crooks,Minnehaha
Dell Rapids,Minnehaha
Garretson,Minnehaha
Hartford,Minnehaha
Humboldt,Minnehaha
Lyons,Minnehaha
Renner,Minnehaha
Valley Springs,Minnehaha
Sioux Falls,Minnehaha
Sioux Falls,Minnehaha
Sioux Falls,Minnehaha
Sioux Falls,Minnehaha
Sioux Falls,Minnehaha
Sioux Falls,Minnehaha
Sioux Falls,Minnehaha
Sioux Falls,Minnehaha
Sioux Falls,Minnehaha
Sioux Falls,Minnehaha
Sioux Falls,Minnehaha
Sioux Falls,Minnehaha
Sioux Falls,Minnehaha
Sioux Falls,Minnehaha
Sioux Falls,Minnehaha
Colman,Moody
Egan,Moody
Flandreau,Moody
Trent,Moody
Rapid City,Pennington
Rapid City,Pennington
Rapid City,Pennington
Rapid City,Pennington
Box Elder,Pennington
Caputa,Pennington
Hill City,Pennington
Keystone,Pennington
New Underwood,Pennington
Owanka,Pennington
Quinn,Pennington
Scenic,Pennington
Wall,Pennington
Wasta,Pennington
Bison,Perkins
Lemmon,Perkins
Lodgepole,Perkins
Meadow,Perkins
Prairie City,Perkins
Gettysburg,Potter
Hoven,Potter
Lebanon,Potter
Tolstoy,Potter
Claire City,Roberts
Corona,Roberts
New Effington,Roberts
Ortley,Roberts
Peever,Roberts
Rosholt,Roberts
Sisseton,Roberts
Summit,Roberts
Wilmot,Roberts
Artesian,Sanborn
Letcher,Sanborn
Woonsocket,Sanborn
Batesland,Shannon
Kyle,Shannon
Manderson,Shannon
Oglala,Shannon
Pine Ridge,Shannon
Porcupine,Shannon
Wounded Knee,Shannon
Ashton,Spink
Brentford,Spink
Conde,Spink
Doland,Spink
Frankfort,Spink
Mansfield,Spink
Mellette,Spink
Northville,Spink
Redfield,Spink
Tulare,Spink
Turton,Spink
Fort Pierre,Stanley
Hayes,Stanley
Agar,Sully
Onida,Sully
Mission,Todd
Okreek,Todd
Parmelee,Todd
Rosebud,Todd
Saint Francis,Todd
Colome,Tripp
Hamill,Tripp
Ideal,Tripp
Winner,Tripp
Witten,Tripp
Centerville,Turner
Chancellor,Turner
Davis,Turner
Hurley,Turner
Marion,Turner
Monroe,Turner
Parker,Turner
Viborg,Turner
Alcester,Union
Beresford,Union
Elk Point,Union
Jefferson,Union
North Sioux City,Union
Akaska,Walworth
Java,Walworth
Selby,Walworth
Mobridge,Walworth
Glenham,Walworth
Gayville,Yankton
Lesterville,Yankton
Mission Hill,Yankton
Utica,Yankton
Volin,Yankton
Yankton,Yankton
Cherry Creek,Ziebach
Dupree,Ziebach
Andersonville,Anderson
Briceville,Anderson
Clinton,Anderson
Clinton,Anderson
Lake City,Anderson
Norris,Anderson
Oak Ridge,Anderson
Oak Ridge,Anderson
Bell Buckle,Bedford
Shelbyville,Bedford
Shelbyville,Bedford
Shelbyville,Bedford
Unionville,Bedford
Wartrace,Bedford
Normandy,Bedford
Big Sandy,Benton
Camden,Benton
Eva,Benton
Holladay,Benton
Pikeville,Bledsoe
Alcoa,Blount
Friendsville,Blount
Louisville,Blount
Maryville,Blount
Maryville,Blount
Maryville,Blount
Maryville,Blount
Rockford,Blount
Tallassee,Blount
Townsend,Blount
Walland,Blount
Charleston,Bradley
Cleveland,Bradley
Cleveland,Bradley
Cleveland,Bradley
Cleveland,Bradley
Mc Donald,Bradley
Cleveland,Bradley
Caryville,Campbell
Duff,Campbell
Jacksboro,Campbell
Jellico,Campbell
La Follette,Campbell
Newcomb,Campbell
Pioneer,Campbell
Auburntown,Cannon
Bradyville,Cannon
Readyville,Cannon
Woodbury,Cannon
Mc Kenzie,Carroll
Atwood,Carroll
Mc Lemoresville,Carroll
Trezevant,Carroll
Bruceton,Carroll
Buena Vista,Carroll
Cedar Grove,Carroll
Clarksburg,Carroll
Hollow Rock,Carroll
Huntingdon,Carroll
Lavinia,Carroll
Westport,Carroll
Yuma,Carroll
Elizabethton,Carter
Elizabethton,Carter
Hampton,Carter
Milligan College,Carter
Roan Mountain,Carter
Watauga,Carter
Ashland City,Cheatham
Chapmansboro,Cheatham
Kingston Springs,Cheatham
Pegram,Cheatham
Pleasant View,Cheatham
Enville,Chester
Henderson,Chester
Jacks Creek,Chester
Luray,Chester
Arthur,Claiborne
Clairfield,Claiborne
Cumberland Gap,Claiborne
Eagan,Claiborne
Harrogate,Claiborne
Lone Mountain,Claiborne
New Tazewell,Claiborne
New Tazewell,Claiborne
Pruden,Claiborne
Shawanee,Claiborne
Speedwell,Claiborne
Tazewell,Claiborne
Celina,Clay
Moss,Clay
Bybee,Cocke
Cosby,Cocke
Del Rio,Cocke
Hartford,Cocke
Newport,Cocke
Newport,Cocke
Parrottsville,Cocke
Beechgrove,Coffee
Hillsboro,Coffee
Manchester,Coffee
Manchester,Coffee
Summitville,Coffee
Tullahoma,Coffee
Arnold Afb,Coffee
Alamo,Crockett
Bells,Crockett
Crockett Mills,Crockett
Friendship,Crockett
Maury City,Crockett
Fruitvale,Crockett
Gadsden,Crockett
Crab Orchard,Cumberland
Crossville,Cumberland
Crossville,Cumberland
Crossville,Cumberland
Crossville,Cumberland
Crossville,Cumberland
Pleasant Hill,Cumberland
Antioch,Davidson
Antioch,Davidson
Goodlettsville,Davidson
Goodlettsville,Davidson
Hermitage,Davidson
Joelton,Davidson
Madison,Davidson
Madison,Davidson
Old Hickory,Davidson
Whites Creek,Davidson
Nashville,Davidson
Nashville,Davidson
Nashville,Davidson
Nashville,Davidson
Nashville,Davidson
Nashville,Davidson
Nashville,Davidson
Nashville,Davidson
Nashville,Davidson
Nashville,Davidson
Nashville,Davidson
Nashville,Davidson
Nashville,Davidson
Nashville,Davidson
Nashville,Davidson
Nashville,Davidson
Nashville,Davidson
Nashville,Davidson
Nashville,Davidson
Nashville,Davidson
Nashville,Davidson
Nashville,Davidson
Nashville,Davidson
Nashville,Davidson
Nashville,Davidson
Nashville,Davidson
Nashville,Davidson
Nashville,Davidson
Nashville,Davidson
Nashville,Davidson
Nashville,Davidson
Nashville,Davidson
Nashville,Davidson
Nashville,Davidson
Nashville,Davidson
Nashville,Davidson
Nashville,Davidson
Nashville,Davidson
Nashville,Davidson
Bath Springs,Decatur
Decaturville,Decatur
Parsons,Decatur
Scotts Hill,Decatur
Sugar Tree,Decatur
Alexandria,DeKalb
Dowelltown,DeKalb
Liberty,DeKalb
Smithville,DeKalb
Burns,Dickson
Charlotte,Dickson
Cumberland Furnace,Dickson
Dickson,Dickson
Dickson,Dickson
Slayden,Dickson
Vanleer,Dickson
White Bluff,Dickson
Bogota,Dyer
Dyersburg,Dyer
Dyersburg,Dyer
Finley,Dyer
Lenox,Dyer
Newbern,Dyer
Tigrett,Dyer
Trimble,Dyer
Braden,Fayette
Gallaway,Fayette
Laconia,Fayette
La Grange,Fayette
Macon,Fayette
Moscow,Fayette
Oakland,Fayette
Rossville,Fayette
Somerville,Fayette
Williston,Fayette
Allardt,Fentress
Clarkrange,Fentress
Jamestown,Fentress
Grimsley,Fentress
Pall Mall,Fentress
Wilder,Fentress
Belvidere,Franklin
Cowan,Franklin
Decherd,Franklin
Estill Springs,Franklin
Huntland,Franklin
Sewanee,Franklin
Sherwood,Franklin
Sewanee,Franklin
Winchester,Franklin
Kenton,Gibson
Bradford,Gibson
Dyer,Gibson
Eaton,Gibson
Gibson,Gibson
Humboldt,Gibson
Idlewild,Gibson
Medina,Gibson
Milan,Gibson
Rutherford,Gibson
Trenton,Gibson
Yorkville,Gibson
Ardmore,Giles
Elkton,Giles
Frankewing,Giles
Goodspring,Giles
Lynnville,Giles
Minor Hill,Giles
Prospect,Giles
Pulaski,Giles
Bean Station,Grainger
Blaine,Grainger
Powder Springs,Grainger
Rutledge,Grainger
Thorn Hill,Grainger
Washburn,Grainger
Afton,Greene
Chuckey,Greene
Greeneville,Greene
Greeneville,Greene
Greeneville,Greene
Midway,Greene
Mohawk,Greene
Mosheim,Greene
Altamont,Grundy
Beersheba Springs,Grundy
Coalmont,Grundy
Gruetli Laager,Grundy
Monteagle,Grundy
Palmer,Grundy
Pelham,Grundy
Tracy City,Grundy
Lowland,Hamblen
Morristown,Hamblen
Morristown,Hamblen
Morristown,Hamblen
Morristown,Hamblen
Russellville,Hamblen
Talbott,Hamblen
Whitesburg,Hamblen
Apison,Hamilton
Bakewell,Hamilton
Birchwood,Hamilton
Collegedale,Hamilton
Harrison,Hamilton
Hixson,Hamilton
Lookout Mountain,Hamilton
Lupton City,Hamilton
Ooltewah,Hamilton
Sale Creek,Hamilton
Signal Mountain,Hamilton
Soddy Daisy,Hamilton
Soddy Daisy,Hamilton
Chattanooga,Hamilton
Chattanooga,Hamilton
Chattanooga,Hamilton
Chattanooga,Hamilton
Chattanooga,Hamilton
Chattanooga,Hamilton
Chattanooga,Hamilton
Chattanooga,Hamilton
Chattanooga,Hamilton
Chattanooga,Hamilton
Chattanooga,Hamilton
Chattanooga,Hamilton
Chattanooga,Hamilton
Chattanooga,Hamilton
Chattanooga,Hamilton
Chattanooga,Hamilton
Chattanooga,Hamilton
Chattanooga,Hamilton
Chattanooga,Hamilton
Chattanooga,Hamilton
Kyles Ford,Hancock
Sneedville,Hancock
Bolivar,Hardeman
Grand Junction,Hardeman
Hickory Valley,Hardeman
Hornsby,Hardeman
Middleton,Hardeman
Pocahontas,Hardeman
Saulsbury,Hardeman
Whiteville,Hardeman
Silerton,Hardeman
Toone,Hardeman
Counce,Hardin
Crump,Hardin
Morris Chapel,Hardin
Pickwick Dam,Hardin
Saltillo,Hardin
Savannah,Hardin
Shiloh,Hardin
Olivehill,Hardin
Church Hill,Hawkins
Mount Carmel,Hawkins
Bulls Gap,Hawkins
Eidson,Hawkins
Mooresburg,Hawkins
Rogersville,Hawkins
Surgoinsville,Hawkins
Brownsville,Haywood
Stanton,Haywood
Darden,Henderson
Huron,Henderson
Lexington,Henderson
Reagan,Henderson
Sardis,Henderson
Wildersville,Henderson
Buchanan,Henry
Como,Henry
Cottage Grove,Henry
Henry,Henry
Mansfield,Henry
Paris,Henry
Puryear,Henry
Springville,Henry
Bon Aqua,Hickman
Centerville,Hickman
Lyles,Hickman
Nunnelly,Hickman
Only,Hickman
Duck River,Hickman
Primm Springs,Hickman
Erin,Houston
Stewart,Houston
Tennessee Ridge,Houston
Hurricane Mills,Humphreys
Mc Ewen,Humphreys
New Johnsonville,Humphreys
Waverly,Humphreys
Gainesboro,Jackson
Granville,Jackson
Whitleyville,Jackson
Dandridge,Jefferson
Jefferson City,Jefferson
New Market,Jefferson
Strawberry Plains,Jefferson
White Pine,Jefferson
Butler,Johnson
Laurel Bloomery,Johnson
Mountain City,Johnson
Shady Valley,Johnson
Trade,Johnson
Corryton,Knox
Heiskell,Knox
Mascot,Knox
Powell,Knox
Knoxville,Knox
Knoxville,Knox
Knoxville,Knox
Knoxville,Knox
Knoxville,Knox
Knoxville,Knox
Knoxville,Knox
Knoxville,Knox
Knoxville,Knox
Knoxville,Knox
Knoxville,Knox
Knoxville,Knox
Knoxville,Knox
Knoxville,Knox
Knoxville,Knox
Knoxville,Knox
Knoxville,Knox
Knoxville,Knox
Knoxville,Knox
Knoxville,Knox
Knoxville,Knox
Knoxville,Knox
Knoxville,Knox
Knoxville,Knox
Knoxville,Knox
Knoxville,Knox
Knoxville,Knox
Knoxville,Knox
Knoxville,Knox
Knoxville,Knox
Knoxville,Knox
Wynnburg,Lake
Tiptonville,Lake
Ridgely,Lake
Gates,Lauderdale
Halls,Lauderdale
Henning,Lauderdale
Ripley,Lauderdale
Ethridge,Lawrence
Five Points,Lawrence
Iron City,Lawrence
Lawrenceburg,Lawrence
Leoma,Lawrence
Loretto,Lawrence
Saint Joseph,Lawrence
Summertown,Lawrence
Westpoint,Lawrence
Hohenwald,Lewis
Petersburg,Lincoln
Elora,Lincoln
Fayetteville,Lincoln
Flintville,Lincoln
Kelso,Lincoln
Mulberry,Lincoln
Dellrose,Lincoln
Taft,Lincoln
Greenback,Loudon
Lenoir City,Loudon
Lenoir City,Loudon
Loudon,Loudon
Philadelphia,Loudon
Athens,McMinn
Calhoun,McMinn
Englewood,McMinn
Etowah,McMinn
Riceville,McMinn
Athens,McMinn
Niota,McMinn
Adamsville,McNairy
Bethel Springs,McNairy
Finger,McNairy
Guys,McNairy
Michie,McNairy
Milledgeville,McNairy
Ramer,McNairy
Selmer,McNairy
Stantonville,McNairy
Chewalla,McNairy
Lafayette,Macon
Red Boiling Springs,Macon
Jackson,Madison
Jackson,Madison
Jackson,Madison
Jackson,Madison
Jackson,Madison
Beech Bluff,Madison
Jackson,Madison
Medon,Madison
Oakfield,Madison
Pinson,Madison
Spring Creek,Madison
Denmark,Madison
Mercer,Madison
Guild,Marion
Jasper,Marion
Sequatchie,Marion
South Pittsburg,Marion
Whiteside,Marion
Whitwell,Marion
Belfast,Marshall
Chapel Hill,Marshall
Cornersville,Marshall
Lewisburg,Marshall
Spring Hill,Maury
Columbia,Maury
Columbia,Maury
Culleoka,Maury
Hampshire,Maury
Mount Pleasant,Maury
Santa Fe,Maury
Williamsport,Maury
Decatur,Meigs
Georgetown,Meigs
Ten Mile,Meigs
Cokercreek,Monroe
Madisonville,Monroe
Tellico Plains,Monroe
Sweetwater,Monroe
Vonore,Monroe
Clarksville,Montgomery
Clarksville,Montgomery
Clarksville,Montgomery
Clarksville,Montgomery
Clarksville,Montgomery
Cunningham,Montgomery
Palmyra,Montgomery
Southside,Montgomery
Woodlawn,Montgomery
Lynchburg,Moore
Coalfield,Morgan
Deer Lodge,Morgan
Rugby,Morgan
Lancing,Morgan
Oakdale,Morgan
Oliver Springs,Morgan
Petros,Morgan
Sunbright,Morgan
Wartburg,Morgan
Hornbeak,Obion
Obion,Obion
Rives,Obion
Samburg,Obion
South Fulton,Obion
Troy,Obion
Union City,Obion
Woodland Mills,Obion
Union City,Obion
Allons,Overton
Allred,Overton
Alpine,Overton
Crawford,Overton
Hilham,Overton
Livingston,Overton
Monroe,Overton
Rickman,Overton
Linden,Perry
Lobelville,Perry
Byrdstown,Pickett
Benton,Polk
Conasauga,Polk
Copperhill,Polk
Delano,Polk
Ducktown,Polk
Farner,Polk
Ocoee,Polk
Old Fort,Polk
Reliance,Polk
Turtletown,Polk
Cookeville,Putnam
Cookeville,Putnam
Cookeville,Putnam
Cookeville,Putnam
Cookeville,Putnam
Baxter,Putnam
Bloomington Springs,Putnam
Buffalo Valley,Putnam
Monterey,Putnam
Silver Point,Putnam
Dayton,Rhea
Evensville,Rhea
Grandview,Rhea
Graysville,Rhea
Spring City,Rhea
Harriman,Roane
Kingston,Roane
Rockwood,Roane
Adams,Robertson
Cedar Hill,Robertson
Cross Plains,Robertson
Greenbrier,Robertson
Orlinda,Robertson
Ridgetop,Robertson
Springfield,Robertson
White House,Robertson
Christiana,Rutherford
Eagleville,Rutherford
Fosterville,Rutherford
Lascassas,Rutherford
La Vergne,Rutherford
La Vergne,Rutherford
Milton,Rutherford
Murfreesboro,Rutherford
Murfreesboro,Rutherford
Murfreesboro,Rutherford
Murfreesboro,Rutherford
Murfreesboro,Rutherford
Murfreesboro,Rutherford
Murfreesboro,Rutherford
Rockvale,Rutherford
Smyrna,Rutherford
Elgin,Scott
Helenwood,Scott
Huntsville,Scott
Oneida,Scott
Robbins,Scott
Winfield,Scott
Dunlap,Sequatchie
Gatlinburg,Sevier
Kodak,Sevier
Sevierville,Sevier
Pigeon Forge,Sevier
Sevierville,Sevier
Seymour,Sevier
Pigeon Forge,Sevier
Sevierville,Sevier
Memphis,Shelby
Memphis,Shelby
Arlington,Shelby
Brunswick,Shelby
Cordova,Shelby
Collierville,Shelby
Cordova,Shelby
Collierville,Shelby
Eads,Shelby
Ellendale,Shelby
Millington,Shelby
Millington,Shelby
Millington,Shelby
Millington,Shelby
Cordova,Shelby
Memphis,Shelby
Memphis,Shelby
Memphis,Shelby
Memphis,Shelby
Memphis,Shelby
Memphis,Shelby
Memphis,Shelby
Memphis,Shelby
Memphis,Shelby
Memphis,Shelby
Memphis,Shelby
Memphis,Shelby
Memphis,Shelby
Memphis,Shelby
Memphis,Shelby
Memphis,Shelby
Memphis,Shelby
Memphis,Shelby
Memphis,Shelby
Memphis,Shelby
Memphis,Shelby
Memphis,Shelby
Memphis,Shelby
Memphis,Shelby
Memphis,Shelby
Memphis,Shelby
Memphis,Shelby
Memphis,Shelby
Memphis,Shelby
Memphis,Shelby
Memphis,Shelby
Memphis,Shelby
Germantown,Shelby
Germantown,Shelby
Memphis,Shelby
Memphis,Shelby
Memphis,Shelby
Memphis,Shelby
Memphis,Shelby
Memphis,Shelby
Memphis,Shelby
Memphis,Shelby
Memphis,Shelby
Memphis,Shelby
Memphis,Shelby
Memphis,Shelby
Memphis,Shelby
Memphis,Shelby
Memphis,Shelby
Memphis,Shelby
Memphis,Shelby
Memphis,Shelby
Memphis,Shelby
Germantown,Shelby
Memphis,Shelby
Memphis,Shelby
Memphis,Shelby
Memphis,Shelby
Memphis,Shelby
Memphis,Shelby
Memphis,Shelby
Memphis,Shelby
Carthage,Smith
Dixon Springs,Smith
Pleasant Shade,Smith
Riddleton,Smith
Brush Creek,Smith
Chestnut Mound,Smith
Elmwood,Smith
Gordonsville,Smith
Hickman,Smith
Lancaster,Smith
Big Rock,Stewart
Bumpus Mills,Stewart
Cumberland City,Stewart
Dover,Stewart
Indian Mound,Stewart
Blountville,Sullivan
Bluff City,Sullivan
Bristol,Sullivan
Bristol,Sullivan
Bristol,Sullivan
Kingsport,Sullivan
Kingsport,Sullivan
Kingsport,Sullivan
Kingsport,Sullivan
Kingsport,Sullivan
Kingsport,Sullivan
Piney Flats,Sullivan
Piney Flats,Sullivan
Bethpage,Sumner
Castalian Springs,Sumner
Cottontown,Sumner
Gallatin,Sumner
Hendersonville,Sumner
Hendersonville,Sumner
Mitchellville,Sumner
Portland,Sumner
Westmoreland,Sumner
Atoka,Tipton
Brighton,Tipton
Burlison,Tipton
Covington,Tipton
Drummonds,Tipton
Mason,Tipton
Munford,Tipton
Tipton,Tipton
Hartsville,Trousdale
Erwin,Unicoi
Flag Pond,Unicoi
Unicoi,Unicoi
Luttrell,Union
Maynardville,Union
Sharps Chapel,Union
Spencer,Van Buren
Mcminnville,Warren
Mcminnville,Warren
Morrison,Warren
Smartt,Warren
Viola,Warren
Campaign,Warren
Rock Island,Warren
Johnson City,Washington
Johnson City,Washington
Johnson City,Washington
Johnson City,Washington
Johnson City,Washington
Johnson City,Washington
Fall Branch,Washington
Jonesborough,Washington
Limestone,Washington
Mountain Home,Washington
Telford,Washington
Clifton,Wayne
Collinwood,Wayne
Cypress Inn,Wayne
Lutts,Wayne
Waynesboro,Wayne
Dresden,Weakley
Dukedom,Weakley
Gleason,Weakley
Greenfield,Weakley
Martin,Weakley
Martin,Weakley
Palmersville,Weakley
Sharon,Weakley
Doyle,White
Quebeck,White
Sparta,White
Walling,White
Arrington,Williamson
Brentwood,Williamson
Brentwood,Williamson
College Grove,Williamson
Fairview,Williamson
Franklin,Williamson
Franklin,Williamson
Franklin,Williamson
Franklin,Williamson
Franklin,Williamson
Nolensville,Williamson
Thompsons Station,Williamson
Gladeville,Wilson
Lebanon,Wilson
Lebanon,Wilson
Lebanon,Wilson
Mount Juliet,Wilson
Mount Juliet,Wilson
Norene,Wilson
Watertown,Wilson
Frankston,Anderson
Neches,Anderson
Palestine,Anderson
Palestine,Anderson
Palestine,Anderson
Cayuga,Anderson
Elkhart,Anderson
Montalba,Anderson
Tennessee Colony,Anderson
Tennessee Colony,Anderson
Palestine,Anderson
Tennessee Colony,Anderson
Tennessee Colony,Anderson
Andrews,Andrews
Lufkin,Angelina
Lufkin,Angelina
Lufkin,Angelina
Lufkin,Angelina
Lufkin,Angelina
Diboll,Angelina
Huntington,Angelina
Pollok,Angelina
Zavalla,Angelina
Fulton,Aransas
Rockport,Aransas
Rockport,Aransas
Archer City,Archer
Holliday,Archer
Megargel,Archer
Scotland,Archer
Windthorst,Archer
Claude,Armstrong
Wayside,Armstrong
Campbellton,Atascosa
Charlotte,Atascosa
Christine,Atascosa
Jourdanton,Atascosa
Leming,Atascosa
Lytle,Atascosa
Peggy,Atascosa
Pleasanton,Atascosa
Poteet,Atascosa
Bellville,Austin
Kenney,Austin
San Felipe,Austin
Sealy,Austin
Wallis,Austin
Bleiblerville,Austin
Cat Spring,Austin
Industry,Austin
New Ulm,Austin
Enochs,Bailey
Maple,Bailey
Muleshoe,Bailey
Bandera,Bandera
Medina,Bandera
Pipe Creek,Bandera
Tarpley,Bandera
Vanderpool,Bandera
Bastrop,Bastrop
Cedar Creek,Bastrop
Elgin,Bastrop
Mc Dade,Bastrop
Paige,Bastrop
Red Rock,Bastrop
Rosanky,Bastrop
Smithville,Bastrop
Seymour,Baylor
Beeville,Bee
Beeville,Bee
Mineral,Bee
Normanna,Bee
Pawnee,Bee
Pettus,Bee
Tuleta,Bee
Skidmore,Bee
Tynan,Bee
Temple,Bell
Temple,Bell
Temple,Bell
Temple,Bell
Temple,Bell
Bartlett,Bell
Belton,Bell
Heidenheimer,Bell
Holland,Bell
Killeen,Bell
Killeen,Bell
Killeen,Bell
Killeen,Bell
Fort Hood,Bell
Killeen,Bell
Harker Heights,Bell
Killeen,Bell
Little River Academy,Bell
Nolanville,Bell
Pendleton,Bell
Rogers,Bell
Salado,Bell
Troy,Bell
Atascosa,Bexar
Boerne,Bexar
Helotes,Bexar
Macdona,Bexar
Somerset,Bexar
Von Ormy,Bexar
Adkins,Bexar
Converse,Bexar
Elmendorf,Bexar
Universal City,Bexar
Jbsa Randolph,Bexar
Saint Hedwig,Bexar
San Antonio,Bexar
San Antonio,Bexar
San Antonio,Bexar
San Antonio,Bexar
San Antonio,Bexar
San Antonio,Bexar
San Antonio,Bexar
San Antonio,Bexar
San Antonio,Bexar
San Antonio,Bexar
San Antonio,Bexar
San Antonio,Bexar
San Antonio,Bexar
San Antonio,Bexar
San Antonio,Bexar
San Antonio,Bexar
San Antonio,Bexar
San Antonio,Bexar
San Antonio,Bexar
San Antonio,Bexar
San Antonio,Bexar
San Antonio,Bexar
San Antonio,Bexar
San Antonio,Bexar
San Antonio,Bexar
San Antonio,Bexar
San Antonio,Bexar
San Antonio,Bexar
San Antonio,Bexar
San Antonio,Bexar
San Antonio,Bexar
San Antonio,Bexar
San Antonio,Bexar
Jbsa Ft Sam Houston,Bexar
San Antonio,Bexar
Jbsa Lackland,Bexar
San Antonio,Bexar
San Antonio,Bexar
San Antonio,Bexar
San Antonio,Bexar
San Antonio,Bexar
San Antonio,Bexar
San Antonio,Bexar
San Antonio,Bexar
San Antonio,Bexar
San Antonio,Bexar
San Antonio,Bexar
San Antonio,Bexar
San Antonio,Bexar
San Antonio,Bexar
San Antonio,Bexar
San Antonio,Bexar
San Antonio,Bexar
San Antonio,Bexar
San Antonio,Bexar
San Antonio,Bexar
San Antonio,Bexar
San Antonio,Bexar
San Antonio,Bexar
San Antonio,Bexar
San Antonio,Bexar
San Antonio,Bexar
San Antonio,Bexar
San Antonio,Bexar
San Antonio,Bexar
San Antonio,Bexar
San Antonio,Bexar
San Antonio,Bexar
San Antonio,Bexar
San Antonio,Bexar
San Antonio,Bexar
San Antonio,Bexar
San Antonio,Bexar
San Antonio,Bexar
San Antonio,Bexar
San Antonio,Bexar
San Antonio,Bexar
San Antonio,Bexar
San Antonio,Bexar
San Antonio,Bexar
San Antonio,Bexar
San Antonio,Bexar
San Antonio,Bexar
San Antonio,Bexar
Blanco,Blanco
Hye,Blanco
Johnson City,Blanco
Round Mountain,Blanco
Gail,Borden
Clifton,Bosque
Cranfills Gap,Bosque
Laguna Park,Bosque
Iredell,Bosque
Kopperl,Bosque
Meridian,Bosque
Morgan,Bosque
Valley Mills,Bosque
Walnut Springs,Bosque
Texarkana,Bowie
Texarkana,Bowie
Texarkana,Bowie
Texarkana,Bowie
Texarkana,Bowie
De Kalb,Bowie
Hooks,Bowie
Maud,Bowie
Nash,Bowie
New Boston,Bowie
Redwater,Bowie
Simms,Bowie
Texarkana,Bowie
Brazoria,Brazoria
Damon,Brazoria
Danciger,Brazoria
Old Ocean,Brazoria
Sweeny,Brazoria
West Columbia,Brazoria
Alvin,Brazoria
Alvin,Brazoria
Angleton,Brazoria
Angleton,Brazoria
Clute,Brazoria
Danbury,Brazoria
Freeport,Brazoria
Freeport,Brazoria
Lake Jackson,Brazoria
Liverpool,Brazoria
Manvel,Brazoria
Pearland,Brazoria
Rosharon,Brazoria
Pearland,Brazoria
Pearland,Brazoria
Bryan,Brazos
Bryan,Brazos
Bryan,Brazos
Bryan,Brazos
Bryan,Brazos
Bryan,Brazos
Bryan,Brazos
College Station,Brazos
College Station,Brazos
College Station,Brazos
College Station,Brazos
College Station,Brazos
College Station,Brazos
Kurten,Brazos
Millican,Brazos
Wellborn,Brazos
Alpine,Brewster
Alpine,Brewster
Alpine,Brewster
Big Bend National Park,Brewster
Marathon,Brewster
Terlingua,Brewster
Quitaque,Briscoe
Silverton,Briscoe
Encino,Brooks
Falfurrias,Brooks
Blanket,Brown
Brownwood,Brown
Early,Brown
Early,Brown
Brownwood,Brown
Bangs,Brown
Brookesmith,Brown
May,Brown
Zephyr,Brown
Caldwell,Burleson
Chriesman,Burleson
Deanville,Burleson
Lyons,Burleson
Snook,Burleson
Somerville,Burleson
Bertram,Burnet
Briggs,Burnet
Burnet,Burnet
Marble Falls,Burnet
Dale,Caldwell
Fentress,Caldwell
Lockhart,Caldwell
Luling,Caldwell
Martindale,Caldwell
Maxwell,Caldwell
Prairie Lea,Caldwell
Point Comfort,Calhoun
Port Lavaca,Calhoun
Port O Connor,Calhoun
Seadrift,Calhoun
Cross Plains,Callahan
Putnam,Callahan
Baird,Callahan
Clyde,Callahan
Brownsville,Cameron
Brownsville,Cameron
Brownsville,Cameron
Brownsville,Cameron
Brownsville,Cameron
Combes,Cameron
Harlingen,Cameron
Harlingen,Cameron
Harlingen,Cameron
Harlingen,Cameron
La Feria,Cameron
Los Fresnos,Cameron
Los Indios,Cameron
Lozano,Cameron
Olmito,Cameron
Port Isabel,Cameron
Rio Hondo,Cameron
San Benito,Cameron
Santa Maria,Cameron
Santa Rosa,Cameron
South Padre Island,Cameron
Leesburg,Camp
Pittsburg,Camp
Groom,Carson
Panhandle,Carson
Skellytown,Carson
White Deer,Carson
Atlanta,Cass
Bivins,Cass
Bloomburg,Cass
Douglassville,Cass
Kildare,Cass
Linden,Cass
Mc Leod,Cass
Marietta,Cass
Queen City,Cass
Avinger,Cass
Hughes Springs,Cass
Dimmitt,Castro
Hart,Castro
Nazareth,Castro
Summerfield,Castro
Anahuac,Chambers
Baytown,Chambers
Hankamer,Chambers
Mont Belvieu,Chambers
Wallisville,Chambers
Stowell,Chambers
Winnie,Chambers
Cuney,Cherokee
Gallatin,Cherokee
Jacksonville,Cherokee
Maydelle,Cherokee
New Summerfield,Cherokee
Reklaw,Cherokee
Rusk,Cherokee
Alto,Cherokee
Wells,Cherokee
Childress,Childress
Tell,Childress
Bellevue,Clay
Bluegrove,Clay
Byers,Clay
Henrietta,Clay
Petrolia,Clay
Bledsoe,Cochran
Morton,Cochran
Whiteface,Cochran
Bronte,Coke
Robert Lee,Coke
Silver,Coke
Tennyson,Coke
Burkett,Coleman
Coleman,Coleman
Gouldbusk,Coleman
Rockwood,Coleman
Santa Anna,Coleman
Talpa,Coleman
Valera,Coleman
Voss,Coleman
Goldsboro,Coleman
Novice,Coleman
Allen,Collin
Celina,Collin
Allen,Collin
Plano,Collin
Plano,Collin
Plano,Collin
Plano,Collin
Frisco,Collin
Frisco,Collin
Frisco,Collin
Frisco,Collin
Mckinney,Collin
Mckinney,Collin
Mckinney,Collin
Mckinney,Collin
Plano,Collin
Plano,Collin
Prosper,Collin
Plano,Collin
Plano,Collin
Plano,Collin
Weston,Collin
Copeville,Collin
Josephine,Collin
Lavon,Collin
Nevada,Collin
Princeton,Collin
Anna,Collin
Blue Ridge,Collin
Farmersville,Collin
Melissa,Collin
Westminster,Collin
Samnorwood,Collingsworth
Wellington,Collingsworth
Dodson,Collingsworth
Quail,Collingsworth
Altair,Colorado
Eagle Lake,Colorado
Garwood,Colorado
Nada,Colorado
Rock Island,Colorado
Sheridan,Colorado
Columbus,Colorado
Alleyton,Colorado
Glidden,Colorado
Oakland,Colorado
Weimar,Colorado
Spring Branch,Comal
New Braunfels,Comal
New Braunfels,Comal
New Braunfels,Comal
Canyon Lake,Comal
New Braunfels,Comal
Bulverde,Comal
San Antonio,Comal
Fischer,Comal
Comanche,Comanche
De Leon,Comanche
Energy,Comanche
Gustine,Comanche
Proctor,Comanche
Sidney,Comanche
Eden,Concho
Lowake,Concho
Millersview,Concho
Paint Rock,Concho
Eola,Concho
Era,Cooke
Gainesville,Cooke
Gainesville,Cooke
Lindsay,Cooke
Muenster,Cooke
Myra,Cooke
Rosston,Cooke
Valley View,Cooke
Copperas Cove,Coryell
Evant,Coryell
Flat,Coryell
Gatesville,Coryell
Jonesboro,Coryell
Mound,Coryell
Oglesby,Coryell
Purmela,Coryell
Gatesville,Coryell
Gatesville,Coryell
Gatesville,Coryell
Gatesville,Coryell
Cee Vee,Cottle
Paducah,Cottle
Crane,Crane
Ozona,Crockett
Crosbyton,Crosby
Lorenzo,Crosby
Ralls,Crosby
Van Horn,Culberson
Dalhart,Dallam
Kerrick,Dallam
Texline,Dallam
Addison,Dallas
Carrollton,Dallas
Carrollton,Dallas
Irving,Dallas
Irving,Dallas
Irving,Dallas
Irving,Dallas
Coppell,Dallas
Rowlett,Dallas
Irving,Dallas
Irving,Dallas
Garland,Dallas
Garland,Dallas
Garland,Dallas
Garland,Dallas
Garland,Dallas
Garland,Dallas
Garland,Dallas
Garland,Dallas
Sachse,Dallas
Garland,Dallas
Grand Prairie,Dallas
Grand Prairie,Dallas
Grand Prairie,Dallas
Grand Prairie,Dallas
Grand Prairie,Dallas
Irving,Dallas
Irving,Dallas
Irving,Dallas
Irving,Dallas
Irving,Dallas
Irving,Dallas
Richardson,Dallas
Richardson,Dallas
Richardson,Dallas
Richardson,Dallas
Richardson,Dallas
Rowlett,Dallas
Rowlett,Dallas
Wylie,Dallas
Coppell,Dallas
Cedar Hill,Dallas
Cedar Hill,Dallas
Desoto,Dallas
Duncanville,Dallas
Desoto,Dallas
Lancaster,Dallas
Duncanville,Dallas
Duncanville,Dallas
Hutchins,Dallas
Lancaster,Dallas
Mesquite,Dallas
Mesquite,Dallas
Seagoville,Dallas
Wilmer,Dallas
Balch Springs,Dallas
Mesquite,Dallas
Sunnyvale,Dallas
Mesquite,Dallas
Mesquite,Dallas
Dallas,Dallas
Dallas,Dallas
Dallas,Dallas
Dallas,Dallas
Dallas,Dallas
Dallas,Dallas
Dallas,Dallas
Dallas,Dallas
Dallas,Dallas
Dallas,Dallas
Dallas,Dallas
Dallas,Dallas
Dallas,Dallas
Dallas,Dallas
Dallas,Dallas
Dallas,Dallas
Dallas,Dallas
Dallas,Dallas
Dallas,Dallas
Dallas,Dallas
Dallas,Dallas
Dallas,Dallas
Dallas,Dallas
Dallas,Dallas
Dallas,Dallas
Dallas,Dallas
Dallas,Dallas
Dallas,Dallas
Dallas,Dallas
Dallas,Dallas
Dallas,Dallas
Dallas,Dallas
Dallas,Dallas
Dallas,Dallas
Dallas,Dallas
Dallas,Dallas
Dallas,Dallas
Dallas,Dallas
Dallas,Dallas
Dallas,Dallas
Dallas,Dallas
Dallas,Dallas
Dallas,Dallas
Dallas,Dallas
Dallas,Dallas
Dallas,Dallas
Dallas,Dallas
Dallas,Dallas
Dallas,Dallas
Dallas,Dallas
Dallas,Dallas
Dallas,Dallas
Dallas,Dallas
Dallas,Dallas
Dallas,Dallas
Dallas,Dallas
Dallas,Dallas
Dallas,Dallas
Dallas,Dallas
Dallas,Dallas
Dallas,Dallas
Dallas,Dallas
Dallas,Dallas
Dallas,Dallas
Dallas,Dallas
Dallas,Dallas
Dallas,Dallas
Dallas,Dallas
Dallas,Dallas
Dallas,Dallas
Dallas,Dallas
Dallas,Dallas
Dallas,Dallas
Dallas,Dallas
Dallas,Dallas
Dallas,Dallas
Dallas,Dallas
Dallas,Dallas
Dallas,Dallas
Dallas,Dallas
Dallas,Dallas
Dallas,Dallas
Dallas,Dallas
Dallas,Dallas
Dallas,Dallas
Dallas,Dallas
Dallas,Dallas
Dallas,Dallas
Dallas,Dallas
Dallas,Dallas
Dallas,Dallas
Dallas,Dallas
Dallas,Dallas
Dallas,Dallas
Dallas,Dallas
Dallas,Dallas
Dallas,Dallas
Dallas,Dallas
Dallas,Dallas
Dallas,Dallas
Dallas,Dallas
Dallas,Dallas
Dallas,Dallas
Dallas,Dallas
Dallas,Dallas
Lamesa,Dawson
Welch,Dawson
Ackerly,Dawson
Dawn,Deaf Smith
Hereford,Deaf Smith
Ben Franklin,Delta
Cooper,Delta
Enloe,Delta
Klondike,Delta
Lake Creek,Delta
Pecan Gap,Delta
Carrollton,Denton
Carrollton,Denton
Flower Mound,Denton
Flower Mound,Denton
Flower Mound,Denton
Lewisville,Denton
The Colony,Denton
Lewisville,Denton
Lake Dallas,Denton
Lewisville,Denton
Little Elm,Denton
Lewisville,Denton
Denton,Denton
Denton,Denton
Denton,Denton
Denton,Denton
Denton,Denton
Denton,Denton
Denton,Denton
Denton,Denton
Denton,Denton
Denton,Denton
Argyle,Denton
Aubrey,Denton
Justin,Denton
Krum,Denton
Pilot Point,Denton
Ponder,Denton
Roanoke,Denton
Sanger,Denton
Cuero,DeWitt
Hochheim,DeWitt
Meyersville,DeWitt
Thomaston,DeWitt
Westhoff,DeWitt
Nordheim,DeWitt
Yorktown,DeWitt
Afton,Dickens
Dickens,Dickens
Mcadoo,Dickens
Spur,Dickens
Asherton,Dimmit
Big Wells,Dimmit
Carrizo Springs,Dimmit
Catarina,Dimmit
Clarendon,Donley
Hedley,Donley
Lelia Lake,Donley
Benavides,Duval
Concepcion,Duval
Freer,Duval
Realitos,Duval
San Diego,Duval
Carbon,Eastland
Cisco,Eastland
Desdemona,Eastland
Eastland,Eastland
Gorman,Eastland
Olden,Eastland
Ranger,Eastland
Rising Star,Eastland
Goldsmith,Ector
Gardendale,Ector
Notrees,Ector
Odessa,Ector
Odessa,Ector
Odessa,Ector
Odessa,Ector
Odessa,Ector
Odessa,Ector
Odessa,Ector
Odessa,Ector
Odessa,Ector
Penwell,Ector
Telegraph,Edwards
Barksdale,Edwards
Rocksprings,Edwards
Bardwell,Ellis
Ennis,Ellis
Ennis,Ellis
Ferris,Ellis
Palmer,Ellis
Red Oak,Ellis
Rice,Ellis
Waxahachie,Ellis
Waxahachie,Ellis
Waxahachie,Ellis
Forreston,Ellis
Maypearl,Ellis
Midlothian,Ellis
Avalon,Ellis
Italy,Ellis
Milford,Ellis
Anthony,El Paso
Canutillo,El Paso
Clint,El Paso
Fabens,El Paso
San Elizario,El Paso
Tornillo,El Paso
El Paso,El Paso
El Paso,El Paso
El Paso,El Paso
El Paso,El Paso
El Paso,El Paso
El Paso,El Paso
El Paso,El Paso
El Paso,El Paso
El Paso,El Paso
El Paso,El Paso
El Paso,El Paso
El Paso,El Paso
El Paso,El Paso
El Paso,El Paso
Fort Bliss,El Paso
El Paso,El Paso
Fort Bliss,El Paso
El Paso,El Paso
El Paso,El Paso
El Paso,El Paso
El Paso,El Paso
El Paso,El Paso
El Paso,El Paso
El Paso,El Paso
El Paso,El Paso
El Paso,El Paso
El Paso,El Paso
El Paso,El Paso
El Paso,El Paso
El Paso,El Paso
El Paso,El Paso
El Paso,El Paso
El Paso,El Paso
El Paso,El Paso
El Paso,El Paso
El Paso,El Paso
El Paso,El Paso
El Paso,El Paso
El Paso,El Paso
El Paso,El Paso
El Paso,El Paso
El Paso,El Paso
El Paso,El Paso
El Paso,El Paso
El Paso,El Paso
El Paso,El Paso
El Paso,El Paso
El Paso,El Paso
El Paso,El Paso
El Paso,El Paso
El Paso,El Paso
El Paso,El Paso
El Paso,El Paso
El Paso,El Paso
El Paso,El Paso
El Paso,El Paso
El Paso,El Paso
El Paso,El Paso
El Paso,El Paso
El Paso,El Paso
El Paso,El Paso
El Paso,El Paso
El Paso,El Paso
El Paso,El Paso
El Paso,El Paso
El Paso,El Paso
El Paso,El Paso
El Paso,El Paso
El Paso,El Paso
El Paso,El Paso
El Paso,El Paso
El Paso,El Paso
El Paso,El Paso
El Paso,El Paso
El Paso,El Paso
El Paso,El Paso
El Paso,El Paso
El Paso,El Paso
El Paso,El Paso
El Paso,El Paso
El Paso,El Paso
El Paso,El Paso
El Paso,El Paso
El Paso,El Paso
El Paso,El Paso
El Paso,El Paso
El Paso,El Paso
El Paso,El Paso
El Paso,El Paso
El Paso,El Paso
El Paso,El Paso
El Paso,El Paso
El Paso,El Paso
El Paso,El Paso
El Paso,El Paso
El Paso,El Paso
El Paso,El Paso
El Paso,El Paso
El Paso,El Paso
El Paso,El Paso
El Paso,El Paso
El Paso,El Paso
El Paso,El Paso
El Paso,El Paso
El Paso,El Paso
El Paso,El Paso
El Paso,El Paso
El Paso,El Paso
El Paso,El Paso
El Paso,El Paso
El Paso,El Paso
El Paso,El Paso
El Paso,El Paso
El Paso,El Paso
El Paso,El Paso
El Paso,El Paso
El Paso,El Paso
El Paso,El Paso
El Paso,El Paso
El Paso,El Paso
El Paso,El Paso
El Paso,El Paso
El Paso,El Paso
El Paso,El Paso
El Paso,El Paso
El Paso,El Paso
El Paso,El Paso
El Paso,El Paso
El Paso,El Paso
El Paso,El Paso
El Paso,El Paso
El Paso,El Paso
El Paso,El Paso
El Paso,El Paso
El Paso,El Paso
El Paso,El Paso
El Paso,El Paso
El Paso,El Paso
El Paso,El Paso
Stephenville,Erath
Stephenville,Erath
Bluff Dale,Erath
Dublin,Erath
Lingleville,Erath
Morgan Mill,Erath
Rosebud,Falls
Chilton,Falls
Lott,Falls
Marlin,Falls
Reagan,Falls
Satin,Falls
Bailey,Fannin
Bonham,Fannin
Dodd City,Fannin
Ector,Fannin
Gober,Fannin
Honey Grove,Fannin
Ivanhoe,Fannin
Ladonia,Fannin
Leonard,Fannin
Randolph,Fannin
Ravenna,Fannin
Savoy,Fannin
Telephone,Fannin
Trenton,Fannin
Windom,Fannin
Carmine,Fayette
Ellinger,Fayette
Fayetteville,Fayette
Flatonia,Fayette
La Grange,Fayette
Ledbetter,Fayette
Muldoon,Fayette
Plum,Fayette
Round Top,Fayette
Schulenburg,Fayette
Warda,Fayette
Round Top,Fayette
West Point,Fayette
Mc Caulley,Fisher
Roby,Fisher
Rotan,Fisher
Sylvester,Fisher
Aiken,Floyd
Dougherty,Floyd
Floydada,Floyd
Lockney,Floyd
South Plains,Floyd
Crowell,Foard
Richmond,Fort Bend
Richmond,Fort Bend
Beasley,Fort Bend
Fulshear,Fort Bend
Guy,Fort Bend
Kendleton,Fort Bend
Missouri City,Fort Bend
Needville,Fort Bend
Orchard,Fort Bend
Richmond,Fort Bend
Rosenberg,Fort Bend
Simonton,Fort Bend
Stafford,Fort Bend
Sugar Land,Fort Bend
Sugar Land,Fort Bend
Thompsons,Fort Bend
Sugar Land,Fort Bend
Missouri City,Fort Bend
Sugar Land,Fort Bend
Stafford,Fort Bend
Sugar Land,Fort Bend
Fresno,Fort Bend
Mount Vernon,Franklin
Scroggins,Franklin
Talco,Franklin
Donie,Freestone
Fairfield,Freestone
Kirvin,Freestone
Streetman,Freestone
Teague,Freestone
Wortham,Freestone
Bigfoot,Frio
Dilley,Frio
Moore,Frio
Pearsall,Frio
Loop,Gaines
Seagraves,Gaines
Seminole,Gaines
Santa Fe,Galveston
Santa Fe,Galveston
Bacliff,Galveston
Dickinson,Galveston
Friendswood,Galveston
Friendswood,Galveston
Galveston,Galveston
Galveston,Galveston
Galveston,Galveston
Galveston,Galveston
Galveston,Galveston
Galveston,Galveston
Hitchcock,Galveston
Kemah,Galveston
La Marque,Galveston
League City,Galveston
League City,Galveston
Texas City,Galveston
Texas City,Galveston
Texas City,Galveston
Gilchrist,Galveston
High Island,Galveston
Port Bolivar,Galveston
Justiceburg,Garza
Post,Garza
Doss,Gillespie
Fredericksburg,Gillespie
Harper,Gillespie
Stonewall,Gillespie
Willow City,Gillespie
Garden City,Glasscock
Fannin,Goliad
Goliad,Goliad
Weesatche,Goliad
Berclair,Goliad
Leesville,Gonzales
Nixon,Gonzales
Smiley,Gonzales
Belmont,Gonzales
Cost,Gonzales
Gonzales,Gonzales
Harwood,Gonzales
Ottine,Gonzales
Wrightsboro,Gonzales
Waelder,Gonzales
Alanreed,Gray
Lefors,Gray
Mclean,Gray
Pampa,Gray
Pampa,Gray
Denison,Grayson
Denison,Grayson
Gunter,Grayson
Pottsboro,Grayson
Sherman,Grayson
Sherman,Grayson
Sherman,Grayson
Bells,Grayson
Howe,Grayson
Tom Bean,Grayson
Whitewright,Grayson
Van Alstyne,Grayson
Collinsville,Grayson
Gordonville,Grayson
Sadler,Grayson
Southmayd,Grayson
Tioga,Grayson
Whitesboro,Grayson
Longview,Gregg
Longview,Gregg
Longview,Gregg
Longview,Gregg
Longview,Gregg
Longview,Gregg
Longview,Gregg
Longview,Gregg
Longview,Gregg
Easton,Gregg
Gladewater,Gregg
Judson,Gregg
Kilgore,Gregg
Kilgore,Gregg
White Oak,Gregg
Plantersville,Grimes
Anderson,Grimes
Bedias,Grimes
Iola,Grimes
Navasota,Grimes
Richards,Grimes
Roans Prairie,Grimes
Shiro,Grimes
Cibolo,Guadalupe
Geronimo,Guadalupe
Mc Queeney,Guadalupe
Marion,Guadalupe
Schertz,Guadalupe
Seguin,Guadalupe
Seguin,Guadalupe
Kingsbury,Guadalupe
Staples,Guadalupe
Cotton Center,Hale
Edmonson,Hale
Hale Center,Hale
Plainview,Hale
Plainview,Hale
Petersburg,Hale
Abernathy,Hale
Estelline,Hall
Lakeview,Hall
Memphis,Hall
Turkey,Hall
Carlton,Hamilton
Hico,Hamilton
Hamilton,Hamilton
Pottsville,Hamilton
Gruver,Hansford
Morse,Hansford
Spearman,Hansford
Chillicothe,Hardeman
Quanah,Hardeman
Thicket,Hardin
Votaw,Hardin
Batson,Hardin
Saratoga,Hardin
Kountze,Hardin
Silsbee,Hardin
Lumberton,Hardin
Sour Lake,Hardin
Village Mills,Hardin
Houston,Harris
Houston,Harris
Houston,Harris
Houston,Harris
Houston,Harris
Houston,Harris
Houston,Harris
Houston,Harris
Houston,Harris
Houston,Harris
Houston,Harris
Houston,Harris
Houston,Harris
Houston,Harris
Houston,Harris
Houston,Harris
Houston,Harris
Houston,Harris
Houston,Harris
Houston,Harris
Houston,Harris
Houston,Harris
Houston,Harris
Houston,Harris
Houston,Harris
Houston,Harris
Houston,Harris
Houston,Harris
Houston,Harris
Houston,Harris
Houston,Harris
Houston,Harris
Houston,Harris
Houston,Harris
Houston,Harris
Houston,Harris
Houston,Harris
Houston,Harris
Houston,Harris
Houston,Harris
Houston,Harris
Houston,Harris
Houston,Harris
Houston,Harris
Houston,Harris
Houston,Harris
Houston,Harris
Houston,Harris
Houston,Harris
Houston,Harris
Houston,Harris
Houston,Harris
Houston,Harris
Houston,Harris
Houston,Harris
Houston,Harris
Houston,Harris
Houston,Harris
Houston,Harris
Houston,Harris
Houston,Harris
Houston,Harris
Houston,Harris
Houston,Harris
Houston,Harris
Houston,Harris
Houston,Harris
Houston,Harris
Houston,Harris
Houston,Harris
Houston,Harris
Houston,Harris
Houston,Harris
Houston,Harris
Houston,Harris
Houston,Harris
Houston,Harris
Houston,Harris
Houston,Harris
Houston,Harris
Houston,Harris
Houston,Harris
Houston,Harris
Houston,Harris
Houston,Harris
Houston,Harris
Houston,Harris
Houston,Harris
Houston,Harris
Houston,Harris
Houston,Harris
Houston,Harris
Houston,Harris
Houston,Harris
Houston,Harris
Houston,Harris
Houston,Harris
Houston,Harris
Houston,Harris
Houston,Harris
Houston,Harris
Houston,Harris
Houston,Harris
Houston,Harris
Houston,Harris
Houston,Harris
Houston,Harris
Houston,Harris
Houston,Harris
Houston,Harris
Houston,Harris
Houston,Harris
Houston,Harris
Houston,Harris
Houston,Harris
Houston,Harris
Houston,Harris
Houston,Harris
Houston,Harris
Houston,Harris
Houston,Harris
Houston,Harris
Houston,Harris
Houston,Harris
Houston,Harris
Houston,Harris
Houston,Harris
Houston,Harris
Houston,Harris
Houston,Harris
Houston,Harris
Houston,Harris
Houston,Harris
Houston,Harris
Houston,Harris
Houston,Harris
Houston,Harris
Houston,Harris
Houston,Harris
Houston,Harris
Houston,Harris
Houston,Harris
Houston,Harris
Houston,Harris
Houston,Harris
Houston,Harris
Houston,Harris
Houston,Harris
Houston,Harris
Houston,Harris
Houston,Harris
Houston,Harris
Houston,Harris
Houston,Harris
Houston,Harris
Houston,Harris
Houston,Harris
Houston,Harris
Houston,Harris
Houston,Harris
Houston,Harris
Houston,Harris
Houston,Harris
Houston,Harris
Houston,Harris
Houston,Harris
Houston,Harris
Houston,Harris
Houston,Harris
Houston,Harris
Houston,Harris
Houston,Harris
Houston,Harris
Houston,Harris
Houston,Harris
Houston,Harris
Houston,Harris
Houston,Harris
North Houston,Harris
Kingwood,Harris
Huffman,Harris
Hufsmith,Harris
Humble,Harris
Kingwood,Harris
Kingwood,Harris
Humble,Harris
Humble,Harris
Spring,Harris
Tomball,Harris
Tomball,Harris
Spring,Harris
Spring,Harris
Spring,Harris
Spring,Harris
Spring,Harris
Spring,Harris
Humble,Harris
Bellaire,Harris
Bellaire,Harris
Cypress,Harris
Alief,Harris
Barker,Harris
Cypress,Harris
Cypress,Harris
Hockley,Harris
Katy,Harris
Katy,Harris
Katy,Harris
Katy,Harris
Katy,Harris
Katy,Harris
Pasadena,Harris
Pasadena,Harris
Pasadena,Harris
Pasadena,Harris
Pasadena,Harris
Pasadena,Harris
Pasadena,Harris
Pasadena,Harris
Baytown,Harris
Baytown,Harris
Baytown,Harris
Channelview,Harris
Crosby,Harris
Deer Park,Harris
Galena Park,Harris
Highlands,Harris
La Porte,Harris
La Porte,Harris
Seabrook,Harris
South Houston,Harris
Webster,Harris
Elysian Fields,Harrison
Hallsville,Harrison
Harleton,Harrison
Jonesville,Harrison
Karnack,Harrison
Marshall,Harrison
Marshall,Harrison
Marshall,Harrison
Scottsville,Harrison
Waskom,Harrison
Woodlawn,Harrison
Channing,Hartley
Hartley,Hartley
Weinert,Haskell
Haskell,Haskell
O Brien,Haskell
Rochester,Haskell
Rule,Haskell
Rule,Haskell
Buda,Hays
Driftwood,Hays
Dripping Springs,Hays
Kyle,Hays
San Marcos,Hays
San Marcos,Hays
Wimberley,Hays
Canadian,Hemphill
Eustace,Henderson
Kemp,Henderson
Malakoff,Henderson
Trinidad,Henderson
Athens,Henderson
Athens,Henderson
Brownsboro,Henderson
Chandler,Henderson
Larue,Henderson
Murchison,Henderson
Poynor,Henderson
Mcallen,Hidalgo
Mcallen,Hidalgo
Mcallen,Hidalgo
Mcallen,Hidalgo
Mcallen,Hidalgo
Alamo,Hidalgo
Donna,Hidalgo
Edcouch,Hidalgo
Edinburg,Hidalgo
Edinburg,Hidalgo
Edinburg,Hidalgo
Edinburg,Hidalgo
Elsa,Hidalgo
Hargill,Hidalgo
Hidalgo,Hidalgo
La Blanca,Hidalgo
La Joya,Hidalgo
La Villa,Hidalgo
Linn,Hidalgo
Los Ebanos,Hidalgo
Mercedes,Hidalgo
Mission,Hidalgo
Mission,Hidalgo
Penitas,Hidalgo
Pharr,Hidalgo
Progreso,Hidalgo
San Juan,Hidalgo
Sullivan City,Hidalgo
Weslaco,Hidalgo
Weslaco,Hidalgo
Itasca,Hill
Abbott,Hill
Aquilla,Hill
Blum,Hill
Brandon,Hill
Bynum,Hill
Covington,Hill
Hillsboro,Hill
Hubbard,Hill
Irene,Hill
Malone,Hill
Mertens,Hill
Mount Calm,Hill
Penelope,Hill
Whitney,Hill
Anton,Hockley
Levelland,Hockley
Levelland,Hockley
Pep,Hockley
Ropesville,Hockley
Smyer,Hockley
Sundown,Hockley
Whitharral,Hockley
Cresson,Hood
Granbury,Hood
Granbury,Hood
Lipan,Hood
Paluxy,Hood
Tolar,Hood
Brashear,Hopkins
Como,Hopkins
Cumby,Hopkins
Dike,Hopkins
Pickton,Hopkins
Saltillo,Hopkins
Sulphur Bluff,Hopkins
Sulphur Springs,Hopkins
Sulphur Springs,Hopkins
Crockett,Houston
Grapeland,Houston
Kennard,Houston
Latexo,Houston
Lovelady,Houston
Ratcliff,Houston
Coahoma,Howard
Big Spring,Howard
Big Spring,Howard
Forsan,Howard
Knott,Howard
Dell City,Hudspeth
Fort Hancock,Hudspeth
Salt Flat,Hudspeth
Sierra Blanca,Hudspeth
Caddo Mills,Hunt
Greenville,Hunt
Greenville,Hunt
Greenville,Hunt
Greenville,Hunt
Campbell,Hunt
Celeste,Hunt
Commerce,Hunt
Commerce,Hunt
Lone Oak,Hunt
Merit,Hunt
Quinlan,Hunt
Wolfe City,Hunt
Borger,Hutchinson
Borger,Hutchinson
Fritch,Hutchinson
Sanford,Hutchinson
Stinnett,Hutchinson
Barnhart,Irion
Mertzon,Irion
Bryson,Jack
Jacksboro,Jack
Jermyn,Jack
Perrin,Jack
Edna,Jackson
Francitas,Jackson
Ganado,Jackson
La Salle,Jackson
La Ward,Jackson
Lolita,Jackson
Vanderbilt,Jackson
Jasper,Jasper
Kirbyville,Jasper
Buna,Jasper
Evadale,Jasper
Fort Davis,Jeff Davis
Valentine,Jeff Davis
China,Jefferson
Groves,Jefferson
Hamshire,Jefferson
Nederland,Jefferson
Nome,Jefferson
Port Arthur,Jefferson
Port Arthur,Jefferson
Port Arthur,Jefferson
Port Arthur,Jefferson
Port Neches,Jefferson
Sabine Pass,Jefferson
Beaumont,Jefferson
Beaumont,Jefferson
Beaumont,Jefferson
Beaumont,Jefferson
Beaumont,Jefferson
Beaumont,Jefferson
Beaumont,Jefferson
Beaumont,Jefferson
Beaumont,Jefferson
Beaumont,Jefferson
Beaumont,Jefferson
Beaumont,Jefferson
Beaumont,Jefferson
Guerra,Jim Hogg
Hebbronville,Jim Hogg
Alice,Jim Wells
Alice,Jim Wells
Ben Bolt,Jim Wells
Orange Grove,Jim Wells
Premont,Jim Wells
Sandia,Jim Wells
Alvarado,Johnson
Burleson,Johnson
Cleburne,Johnson
Cleburne,Johnson
Godley,Johnson
Grandview,Johnson
Joshua,Johnson
Keene,Johnson
Lillian,Johnson
Venus,Johnson
Rio Vista,Johnson
Burleson,Johnson
Anson,Jones
Avoca,Jones
Hamlin,Jones
Hawley,Jones
Lueders,Jones
Stamford,Jones
Ecleto,Karnes
Falls City,Karnes
Gillett,Karnes
Hobson,Karnes
Karnes City,Karnes
Kenedy,Karnes
Panna Maria,Karnes
Runge,Karnes
Crandall,Kaufman
Elmo,Kaufman
Forney,Kaufman
Kaufman,Kaufman
Mabank,Kaufman
Mabank,Kaufman
Rosser,Kaufman
Scurry,Kaufman
Terrell,Kaufman
Terrell,Kaufman
Bergheim,Kendall
Boerne,Kendall
Comfort,Kendall
Kendalia,Kendall
Waring,Kendall
Armstrong,Kenedy
Sarita,Kenedy
Girard,Kent
Jayton,Kent
Center Point,Kerr
Hunt,Kerr
Ingram,Kerr
Kerrville,Kerr
Kerrville,Kerr
Mountain Home,Kerr
Junction,Kimble
London,Kimble
Roosevelt,Kimble
Guthrie,King
Brackettville,Kinney
Kingsville,Kleberg
Kingsville,Kleberg
Riviera,Kleberg
Goree,Knox
Munday,Knox
Benjamin,Knox
Knox City,Knox
Arthur City,Lamar
Blossom,Lamar
Brookston,Lamar
Chicota,Lamar
Cunningham,Lamar
Deport,Lamar
Paris,Lamar
Paris,Lamar
Paris,Lamar
Pattonville,Lamar
Petty,Lamar
Powderly,Lamar
Roxton,Lamar
Sumner,Lamar
Earth,Lamb
Olton,Lamb
Springlake,Lamb
Amherst,Lamb
Fieldton,Lamb
Littlefield,Lamb
Spade,Lamb
Sudan,Lamb
Kempner,Lampasas
Lampasas,Lampasas
Bend,Lampasas
Lometa,Lampasas
Artesia Wells,La Salle
Cotulla,La Salle
Encinal,La Salle
Fowlerton,La Salle
Hallettsville,Lavaca
Moulton,Lavaca
Shiner,Lavaca
Sublime,Lavaca
Sweet Home,Lavaca
Yoakum,Lavaca
Dime Box,Lee
Giddings,Lee
Lexington,Lee
Lincoln,Lee
Buffalo,Leon
Centerville,Leon
Jewett,Leon
Leona,Leon
Oakwood,Leon
Concord,Leon
Flynn,Leon
Marquez,Leon
Normangee,Leon
Cleveland,Liberty
Cleveland,Liberty
Romayor,Liberty
Rye,Liberty
Daisetta,Liberty
Dayton,Liberty
Devers,Liberty
Hardin,Liberty
Hull,Liberty
Liberty,Liberty
Raywood,Liberty
Coolidge,Limestone
Groesbeck,Limestone
Kosse,Limestone
Mexia,Limestone
Prairie Hill,Limestone
Tehuacana,Limestone
Thornton,Limestone
Booker,Lipscomb
Darrouzett,Lipscomb
Follett,Lipscomb
Higgins,Lipscomb
Lipscomb,Lipscomb
George West,Live Oak
Oakville,Live Oak
Three Rivers,Live Oak
Whitsett,Live Oak
Dinero,Live Oak
Castell,Llano
Valley Spring,Llano
Bluffton,Llano
Buchanan Dam,Llano
Kingsland,Llano
Llano,Llano
Horseshoe Bay,Llano
Tow,Llano
Mentone,Loving
Idalou,Lubbock
New Deal,Lubbock
Shallowater,Lubbock
Slaton,Lubbock
Ransom Canyon,Lubbock
Wolfforth,Lubbock
Lubbock,Lubbock
Lubbock,Lubbock
Lubbock,Lubbock
Lubbock,Lubbock
Lubbock,Lubbock
Lubbock,Lubbock
Lubbock,Lubbock
Lubbock,Lubbock
Lubbock,Lubbock
Lubbock,Lubbock
Lubbock,Lubbock
Lubbock,Lubbock
Lubbock,Lubbock
Lubbock,Lubbock
Lubbock,Lubbock
Lubbock,Lubbock
Lubbock,Lubbock
Lubbock,Lubbock
Lubbock,Lubbock
Lubbock,Lubbock
Lubbock,Lubbock
Lubbock,Lubbock
Lubbock,Lubbock
Lubbock,Lubbock
Lubbock,Lubbock
Lubbock,Lubbock
Odonnell,Lynn
Tahoka,Lynn
Wilson,Lynn
New Home,Lynn
Brady,McCulloch
Doole,McCulloch
Lohn,McCulloch
Melvin,McCulloch
Rochelle,McCulloch
Voca,McCulloch
Eddy,McLennan
Moody,McLennan
Axtell,McLennan
Bruceville,McLennan
China Spring,McLennan
Crawford,McLennan
Elm Mott,McLennan
Hewitt,McLennan
Leroy,McLennan
Lorena,McLennan
Mc Gregor,McLennan
Mart,McLennan
Riesel,McLennan
Ross,McLennan
West,McLennan
Waco,McLennan
Waco,McLennan
Waco,McLennan
Waco,McLennan
Waco,McLennan
Waco,McLennan
Waco,McLennan
Waco,McLennan
Waco,McLennan
Waco,McLennan
Woodway,McLennan
Waco,McLennan
Waco,McLennan
Waco,McLennan
Waco,McLennan
Waco,McLennan
Waco,McLennan
Calliham,McMullen
Tilden,McMullen
Midway,Madison
Madisonville,Madison
North Zulch,Madison
Lodi,Marion
Jefferson,Marion
Lenorah,Martin
Stanton,Martin
Tarzan,Martin
Art,Mason
Fredonia,Mason
Mason,Mason
Pontotoc,Mason
Bay City,Matagorda
Bay City,Matagorda
Cedar Lane,Matagorda
Blessing,Matagorda
Collegeport,Matagorda
Elmaton,Matagorda
Markham,Matagorda
Matagorda,Matagorda
Midfield,Matagorda
Palacios,Matagorda
Pledger,Matagorda
Van Vleck,Matagorda
Wadsworth,Matagorda
Eagle Pass,Maverick
Eagle Pass,Maverick
El Indio,Maverick
Quemado,Maverick
Castroville,Medina
Devine,Medina
La Coste,Medina
Mico,Medina
Natalia,Medina
Rio Medina,Medina
D Hanis,Medina
Hondo,Medina
Yancey,Medina
Fort Mc Kavett,Menard
Hext,Menard
Menard,Menard
Midland,Midland
Midland,Midland
Midland,Midland
Midland,Midland
Midland,Midland
Midland,Midland
Midland,Midland
Midland,Midland
Midland,Midland
Midland,Midland
Midland,Midland
Buckholts,Milam
Burlington,Milam
Cameron,Milam
Davilla,Milam
Milano,Milam
Rockdale,Milam
Thorndale,Milam
Gause,Milam
Goldthwaite,Mills
Mullin,Mills
Priddy,Mills
Star,Mills
Colorado City,Mitchell
Loraine,Mitchell
Westbrook,Mitchell
Bowie,Montague
Forestburg,Montague
Montague,Montague
Nocona,Montague
Ringgold,Montague
Saint Jo,Montague
Sunset,Montague
Conroe,Montgomery
Conroe,Montgomery
Conroe,Montgomery
Conroe,Montgomery
Conroe,Montgomery
Conroe,Montgomery
Montgomery,Montgomery
Willis,Montgomery
Dobbin,Montgomery
Magnolia,Montgomery
Magnolia,Montgomery
Magnolia,Montgomery
Montgomery,Montgomery
New Caney,Montgomery
Pinehurst,Montgomery
Porter,Montgomery
Splendora,Montgomery
Willis,Montgomery
Spring,Montgomery
Spring,Montgomery
Conroe,Montgomery
Conroe,Montgomery
Spring,Montgomery
Spring,Montgomery
Spring,Montgomery
Cactus,Moore
Dumas,Moore
Masterson,Moore
Sunray,Moore
Naples,Morris
Omaha,Morris
Cason,Morris
Daingerfield,Morris
Lone Star,Morris
Flomot,Motley
Matador,Motley
Roaring Springs,Motley
Cushing,Nacogdoches
Sacul,Nacogdoches
Chireno,Nacogdoches
Douglass,Nacogdoches
Etoile,Nacogdoches
Garrison,Nacogdoches
Martinsville,Nacogdoches
Nacogdoches,Nacogdoches
Nacogdoches,Nacogdoches
Nacogdoches,Nacogdoches
Nacogdoches,Nacogdoches
Nacogdoches,Nacogdoches
Woden,Nacogdoches
Barry,Navarro
Chatfield,Navarro
Corsicana,Navarro
Corsicana,Navarro
Kerens,Navarro
Corsicana,Navarro
Powell,Navarro
Blooming Grove,Navarro
Dawson,Navarro
Frost,Navarro
Purdon,Navarro
Richland,Navarro
Bon Wier,Newton
Burkeville,Newton
Call,Newton
Newton,Newton
Wiergate,Newton
Deweyville,Newton
Blackwell,Nolan
Maryneal,Nolan
Nolan,Nolan
Roscoe,Nolan
Sweetwater,Nolan
Agua Dulce,Nueces
Banquete,Nueces
Bishop,Nueces
Chapman Ranch,Nueces
Driscoll,Nueces
Port Aransas,Nueces
Robstown,Nueces
Corpus Christi,Nueces
Corpus Christi,Nueces
Corpus Christi,Nueces
Corpus Christi,Nueces
Corpus Christi,Nueces
Corpus Christi,Nueces
Corpus Christi,Nueces
Corpus Christi,Nueces
Corpus Christi,Nueces
Corpus Christi,Nueces
Corpus Christi,Nueces
Corpus Christi,Nueces
Corpus Christi,Nueces
Corpus Christi,Nueces
Corpus Christi,Nueces
Corpus Christi,Nueces
Corpus Christi,Nueces
Corpus Christi,Nueces
Corpus Christi,Nueces
Corpus Christi,Nueces
Corpus Christi,Nueces
Corpus Christi,Nueces
Corpus Christi,Nueces
Corpus Christi,Nueces
Corpus Christi,Nueces
Corpus Christi,Nueces
Corpus Christi,Nueces
Corpus Christi,Nueces
Corpus Christi,Nueces
Corpus Christi,Nueces
Farnsworth,Ochiltree
Perryton,Ochiltree
Waka,Ochiltree
Adrian,Oldham
Boys Ranch,Oldham
Vega,Oldham
Wildorado,Oldham
Bridge City,Orange
Mauriceville,Orange
Orange,Orange
Orange,Orange
Orange,Orange
Orangefield,Orange
Vidor,Orange
Vidor,Orange
Mineral Wells,Palo Pinto
Mineral Wells,Palo Pinto
Graford,Palo Pinto
Gordon,Palo Pinto
Mingus,Palo Pinto
Santo,Palo Pinto
Strawn,Palo Pinto
Palo Pinto,Palo Pinto
Beckville,Panola
Carthage,Panola
Clayton,Panola
De Berry,Panola
Gary,Panola
Long Branch,Panola
Panola,Panola
Aledo,Parker
Millsap,Parker
Springtown,Parker
Weatherford,Parker
Weatherford,Parker
Weatherford,Parker
Weatherford,Parker
Azle,Parker
Dennis,Parker
Peaster,Parker
Poolville,Parker
Whitt,Parker
Bovina,Parmer
Friona,Parmer
Lazbuddie,Parmer
Farwell,Parmer
Coyanosa,Pecos
Fort Stockton,Pecos
Girvin,Pecos
Imperial,Pecos
Iraan,Pecos
Sheffield,Pecos
Camden,Polk
Corrigan,Polk
Moscow,Polk
Ace,Polk
Dallardsville,Polk
Goodrich,Polk
Leggett,Polk
Livingston,Polk
Onalaska,Polk
Livingston,Polk
Bushland,Potter
Amarillo,Potter
Amarillo,Potter
Amarillo,Potter
Amarillo,Potter
Amarillo,Potter
Amarillo,Potter
Amarillo,Potter
Amarillo,Potter
Amarillo,Potter
Amarillo,Potter
Amarillo,Potter
Amarillo,Potter
Amarillo,Potter
Amarillo,Potter
Amarillo,Potter
Amarillo,Potter
Amarillo,Potter
Amarillo,Potter
Amarillo,Potter
Amarillo,Potter
Amarillo,Potter
Marfa,Presidio
Presidio,Presidio
Redford,Presidio
Alba,Rains
Emory,Rains
Point,Rains
Canyon,Randall
Canyon,Randall
Umbarger,Randall
Amarillo,Randall
Amarillo,Randall
Amarillo,Randall
Amarillo,Randall
Amarillo,Randall
Amarillo,Randall
Big Lake,Reagan
Camp Wood,Real
Leakey,Real
Rio Frio,Real
Bagwell,Red River
Bogata,Red River
Clarksville,Red River
Detroit,Red River
Annona,Red River
Avery,Red River
Balmorhea,Reeves
Orla,Reeves
Pecos,Reeves
Saragosa,Reeves
Toyah,Reeves
Toyahvale,Reeves
Austwell,Refugio
Tivoli,Refugio
Bayside,Refugio
Refugio,Refugio
Woodsboro,Refugio
Miami,Roberts
Bremond,Robertson
Calvert,Robertson
Franklin,Robertson
Hearne,Robertson
Mumford,Robertson
New Baden,Robertson
Wheelock,Robertson
Rockwall,Rockwall
Rockwall,Rockwall
Fate,Rockwall
Royse City,Rockwall
Ballinger,Runnels
Miles,Runnels
Norton,Runnels
Rowena,Runnels
Wingate,Runnels
Winters,Runnels
Henderson,Rusk
Henderson,Rusk
Henderson,Rusk
Joinerville,Rusk
Laird Hill,Rusk
Laneville,Rusk
Minden,Rusk
Mount Enterprise,Rusk
New London,Rusk
Overton,Rusk
Price,Rusk
Selman City,Rusk
Tatum,Rusk
Bronson,Sabine
Brookeland,Sabine
Hemphill,Sabine
Milam,Sabine
Pineland,Sabine
Broaddus,San Augustine
San Augustine,San Augustine
Coldspring,San Jacinto
Oakhurst,San Jacinto
Pointblank,San Jacinto
Shepherd,San Jacinto
Aransas Pass,San Patricio
Aransas Pass,San Patricio
Edroy,San Patricio
Gregory,San Patricio
Ingleside,San Patricio
Mathis,San Patricio
Odem,San Patricio
Portland,San Patricio
Sinton,San Patricio
Taft,San Patricio
Cherokee,San Saba
Richland Springs,San Saba
San Saba,San Saba
Eldorado,Schleicher
Dunn,Scurry
Fluvanna,Scurry
Hermleigh,Scurry
Ira,Scurry
Snyder,Scurry
Snyder,Scurry
Albany,Shackelford
Moran,Shackelford
Center,Shelby
Joaquin,Shelby
Shelbyville,Shelby
Tenaha,Shelby
Timpson,Shelby
Texhoma,Sherman
Stratford,Sherman
Tyler,Smith
Tyler,Smith
Tyler,Smith
Tyler,Smith
Tyler,Smith
Tyler,Smith
Tyler,Smith
Tyler,Smith
Tyler,Smith
Tyler,Smith
Tyler,Smith
Tyler,Smith
Tyler,Smith
Arp,Smith
Bullard,Smith
Flint,Smith
Lindale,Smith
Troup,Smith
Whitehouse,Smith
Winona,Smith
Tyler,Smith
Tyler,Smith
Glen Rose,Somervell
Nemo,Somervell
Rainbow,Somervell
Delmita,Starr
Falcon Heights,Starr
Garciasville,Starr
Grulla,Starr
Rio Grande City,Starr
Roma,Starr
Salineno,Starr
San Isidro,Starr
Santa Elena,Starr
Breckenridge,Stephens
Caddo,Stephens
Sterling City,Sterling
Aspermont,Stonewall
Old Glory,Stonewall
Sonora,Sutton
Happy,Swisher
Kress,Swisher
Tulia,Swisher
Arlington,Tarrant
Arlington,Tarrant
Arlington,Tarrant
Arlington,Tarrant
Arlington,Tarrant
Arlington,Tarrant
Arlington,Tarrant
Arlington,Tarrant
Arlington,Tarrant
Arlington,Tarrant
Arlington,Tarrant
Arlington,Tarrant
Arlington,Tarrant
Arlington,Tarrant
Arlington,Tarrant
Arlington,Tarrant
Arlington,Tarrant
Azle,Tarrant
Bedford,Tarrant
Bedford,Tarrant
Colleyville,Tarrant
Crowley,Tarrant
Euless,Tarrant
Euless,Tarrant
Grapevine,Tarrant
Haslet,Tarrant
Hurst,Tarrant
Hurst,Tarrant
Kennedale,Tarrant
Mansfield,Tarrant
Southlake,Tarrant
Arlington,Tarrant
Bedford,Tarrant
Arlington,Tarrant
Grapevine,Tarrant
Fort Worth,Tarrant
Fort Worth,Tarrant
Fort Worth,Tarrant
Fort Worth,Tarrant
Fort Worth,Tarrant
Fort Worth,Tarrant
Fort Worth,Tarrant
Fort Worth,Tarrant
Fort Worth,Tarrant
Fort Worth,Tarrant
Fort Worth,Tarrant
Fort Worth,Tarrant
Fort Worth,Tarrant
Fort Worth,Tarrant
Fort Worth,Tarrant
Fort Worth,Tarrant
Haltom City,Tarrant
Fort Worth,Tarrant
Fort Worth,Tarrant
Fort Worth,Tarrant
Fort Worth,Tarrant
Fort Worth,Tarrant
Fort Worth,Tarrant
Fort Worth,Tarrant
Fort Worth,Tarrant
Naval Air Station Jrb,Tarrant
Fort Worth,Tarrant
Fort Worth,Tarrant
Fort Worth,Tarrant
Fort Worth,Tarrant
Fort Worth,Tarrant
Fort Worth,Tarrant
Fort Worth,Tarrant
Fort Worth,Tarrant
Fort Worth,Tarrant
Fort Worth,Tarrant
Fort Worth,Tarrant
Fort Worth,Tarrant
Fort Worth,Tarrant
Fort Worth,Tarrant
Fort Worth,Tarrant
Fort Worth,Tarrant
Fort Worth,Tarrant
Fort Worth,Tarrant
Fort Worth,Tarrant
Fort Worth,Tarrant
Fort Worth,Tarrant
North Richland Hills,Tarrant
Fort Worth,Tarrant
North Richland Hills,Tarrant
Fort Worth,Tarrant
Fort Worth,Tarrant
Fort Worth,Tarrant
Fort Worth,Tarrant
Fort Worth,Tarrant
Fort Worth,Tarrant
Fort Worth,Tarrant
Fort Worth,Tarrant
Fort Worth,Tarrant
Fort Worth,Tarrant
Keller,Tarrant
Keller,Tarrant
Buffalo Gap,Taylor
Lawn,Taylor
Merkel,Taylor
Ovalo,Taylor
Trent,Taylor
Tuscola,Taylor
Tye,Taylor
Abilene,Taylor
Abilene,Taylor
Abilene,Taylor
Abilene,Taylor
Abilene,Taylor
Abilene,Taylor
Dyess Afb,Taylor
Abilene,Taylor
Abilene,Taylor
Abilene,Taylor
Abilene,Taylor
Dryden,Terrell
Sanderson,Terrell
Brownfield,Terry
Meadow,Terry
Wellman,Terry
Throckmorton,Throckmorton
Woodson,Throckmorton
Mount Pleasant,Titus
Mount Pleasant,Titus
Winfield,Titus
Cookville,Titus
Veribest,Tom Green
San Angelo,Tom Green
San Angelo,Tom Green
San Angelo,Tom Green
San Angelo,Tom Green
San Angelo,Tom Green
San Angelo,Tom Green
Goodfellow Afb,Tom Green
San Angelo,Tom Green
Carlsbad,Tom Green
Christoval,Tom Green
Knickerbocker,Tom Green
Mereta,Tom Green
Vancourt,Tom Green
Wall,Tom Green
Water Valley,Tom Green
Austin,Travis
Austin,Travis
Del Valle,Travis
Leander,Travis
Mc Neil,Travis
Manchaca,Travis
Manor,Travis
Pflugerville,Travis
Spicewood,Travis
Pflugerville,Travis
Austin,Travis
Austin,Travis
Austin,Travis
Austin,Travis
Austin,Travis
Austin,Travis
Austin,Travis
Austin,Travis
Austin,Travis
Austin,Travis
Austin,Travis
Austin,Travis
Austin,Travis
Austin,Travis
Austin,Travis
Austin,Travis
Austin,Travis
Austin,Travis
Austin,Travis
Austin,Travis
Austin,Travis
Austin,Travis
Austin,Travis
Austin,Travis
Austin,Travis
Austin,Travis
Austin,Travis
Austin,Travis
Austin,Travis
Austin,Travis
Austin,Travis
Austin,Travis
Austin,Travis
Austin,Travis
Austin,Travis
Austin,Travis
Austin,Travis
Austin,Travis
Austin,Travis
Austin,Travis
Austin,Travis
Austin,Travis
Austin,Travis
Austin,Travis
Austin,Travis
Austin,Travis
Austin,Travis
Austin,Travis
Austin,Travis
Austin,Travis
Austin,Travis
Austin,Travis
Austin,Travis
Austin,Travis
Austin,Travis
Austin,Travis
Austin,Travis
Austin,Travis
Austin,Travis
Austin,Travis
Austin,Travis
Austin,Travis
Austin,Travis
Austin,Travis
Austin,Travis
Austin,Travis
Austin,Travis
Austin,Travis
Austin,Travis
Austin,Travis
Centralia,Trinity
Groveton,Trinity
Pennington,Trinity
Trinity,Trinity
Woodlake,Trinity
Apple Springs,Trinity
Chester,Tyler
Colmesneil,Tyler
Doucette,Tyler
Woodville,Tyler
Woodville,Tyler
Fred,Tyler
Hillister,Tyler
Spurger,Tyler
Warren,Tyler
Diana,Upshur
Gilmer,Upshur
Gilmer,Upshur
Ore City,Upshur
Big Sandy,Upshur
Big Sandy,Upshur
Mc Camey,Upton
Midkiff,Upton
Rankin,Upton
Uvalde,Uvalde
Uvalde,Uvalde
Concan,Uvalde
Knippa,Uvalde
Sabinal,Uvalde
Utopia,Uvalde
Comstock,Val Verde
Del Rio,Val Verde
Del Rio,Val Verde
Del Rio,Val Verde
Laughlin Afb,Val Verde
Del Rio,Val Verde
Langtry,Val Verde
Canton,Van Zandt
Edgewood,Van Zandt
Fruitvale,Van Zandt
Grand Saline,Van Zandt
Wills Point,Van Zandt
Ben Wheeler,Van Zandt
Van,Van Zandt
Victoria,Victoria
Victoria,Victoria
Victoria,Victoria
Victoria,Victoria
Victoria,Victoria
Bloomington,Victoria
Inez,Victoria
Mcfaddin,Victoria
Nursery,Victoria
Placedo,Victoria
Telferner,Victoria
Huntsville,Walker
Dodge,Walker
Huntsville,Walker
Huntsville,Walker
Huntsville,Walker
Huntsville,Walker
Huntsville,Walker
Huntsville,Walker
Huntsville,Walker
New Waverly,Walker
Riverside,Walker
Brookshire,Waller
Hempstead,Waller
Prairie View,Waller
Pattison,Waller
Waller,Waller
Barstow,Ward
Grandfalls,Ward
Monahans,Ward
Pyote,Ward
Wickett,Ward
Chappell Hill,Washington
Brenham,Washington
Brenham,Washington
Burton,Washington
Washington,Washington
Laredo,Webb
Laredo,Webb
Laredo,Webb
Laredo,Webb
Laredo,Webb
Laredo,Webb
Laredo,Webb
Bruni,Webb
Mirando City,Webb
Oilton,Webb
Boling,Wharton
Danevang,Wharton
East Bernard,Wharton
Egypt,Wharton
El Campo,Wharton
Glen Flora,Wharton
Hungerford,Wharton
Lane City,Wharton
Lissie,Wharton
Louise,Wharton
Pierce,Wharton
Wharton,Wharton
Allison,Wheeler
Briscoe,Wheeler
Mobeetie,Wheeler
Shamrock,Wheeler
Wheeler,Wheeler
Wichita Falls,Wichita
Wichita Falls,Wichita
Wichita Falls,Wichita
Wichita Falls,Wichita
Wichita Falls,Wichita
Wichita Falls,Wichita
Wichita Falls,Wichita
Wichita Falls,Wichita
Sheppard Afb,Wichita
Burkburnett,Wichita
Electra,Wichita
Iowa Park,Wichita
Kamay,Wichita
Harrold,Wilbarger
Oklaunion,Wilbarger
Vernon,Wilbarger
Vernon,Wilbarger
Odell,Wilbarger
Lasara,Willacy
Lyford,Willacy
Mission,Willacy
Raymondville,Willacy
San Perlita,Willacy
Sebastian,Willacy
Port Mansfield,Willacy
Florence,Williamson
Granger,Williamson
Jarrell,Williamson
Schwertner,Williamson
Taylor,Williamson
Thrall,Williamson
Cedar Park,Williamson
Coupland,Williamson
Georgetown,Williamson
Georgetown,Williamson
Georgetown,Williamson
Cedar Park,Williamson
Georgetown,Williamson
Hutto,Williamson
Leander,Williamson
Liberty Hill,Williamson
Leander,Williamson
Round Rock,Williamson
Round Rock,Williamson
Walburg,Williamson
Weir,Williamson
Round Rock,Williamson
Round Rock,Williamson
Round Rock,Williamson
Round Rock,Williamson
Austin,Williamson
Austin,Williamson
Floresville,Wilson
La Vernia,Wilson
Pandora,Wilson
Poth,Wilson
Stockdale,Wilson
Sutherland Springs,Wilson
Kermit,Winkler
Wink,Winkler
Boyd,Wise
Newark,Wise
Paradise,Wise
Rhome,Wise
Alvord,Wise
Decatur,Wise
Greenwood,Wise
Slidell,Wise
Bridgeport,Wise
Chico,Wise
Golden,Wood
Winnsboro,Wood
Yantis,Wood
Hawkins,Wood
Mineola,Wood
Quitman,Wood
Denver City,Yoakum
Plains,Yoakum
Tokio,Yoakum
Newcastle,Young
Olney,Young
Graham,Young
Loving,Young
South Bend,Young
San Ygnacio,Zapata
Zapata,Zapata
Lopeno,Zapata
Batesville,Zavala
Crystal City,Zavala
La Pryor,Zavala
Beaver,Beaver
Greenville,Beaver
Milford,Beaver
Minersville,Beaver
Bear River City,Box Elder
Brigham City,Box Elder
Collinston,Box Elder
Corinne,Box Elder
Deweyville,Box Elder
Fielding,Box Elder
Garland,Box Elder
Grouse Creek,Box Elder
Honeyville,Box Elder
Howell,Box Elder
Mantua,Box Elder
Park Valley,Box Elder
Plymouth,Box Elder
Portage,Box Elder
Riverside,Box Elder
Snowville,Box Elder
Tremonton,Box Elder
Willard,Box Elder
Cache Junction,Cache
Clarkston,Cache
Cornish,Cache
Hyde Park,Cache
Hyrum,Cache
Lewiston,Cache
Logan,Cache
Logan,Cache
Logan,Cache
Mendon,Cache
Millville,Cache
Newton,Cache
Paradise,Cache
Providence,Cache
Richmond,Cache
Smithfield,Cache
Trenton,Cache
Wellsville,Cache
Logan,Cache
Price,Carbon
East Carbon,Carbon
Helper,Carbon
Kenilworth,Carbon
Sunnyside,Carbon
Wellington,Carbon
Dutch John,Daggett
Manila,Daggett
Bountiful,Davis
Bountiful,Davis
Centerville,Davis
Clearfield,Davis
Clearfield,Davis
Farmington,Davis
Kaysville,Davis
Layton,Davis
Layton,Davis
North Salt Lake,Davis
Hill Afb,Davis
Syracuse,Davis
Woods Cross,Davis
Clearfield,Davis
Altamont,Duchesne
Altonah,Duchesne
Bluebell,Duchesne
Duchesne,Duchesne
Fruitland,Duchesne
Hanna,Duchesne
Mountain Home,Duchesne
Myton,Duchesne
Neola,Duchesne
Roosevelt,Duchesne
Tabiona,Duchesne
Talmage,Duchesne
Castle Dale,Emery
Clawson,Emery
Cleveland,Emery
Elmo,Emery
Emery,Emery
Ferron,Emery
Green River,Emery
Huntington,Emery
Orangeville,Emery
Antimony,Garfield
Boulder,Garfield
Cannonville,Garfield
Escalante,Garfield
Hatch,Garfield
Henrieville,Garfield
Panguitch,Garfield
Bryce,Garfield
Tropic,Garfield
Cisco,Grand
Moab,Grand
Thompson,Grand
Beryl,Iron
Brian Head,Iron
Cedar City,Iron
Cedar City,Iron
Kanarraville,Iron
Modena,Iron
Newcastle,Iron
Paragonah,Iron
Parowan,Iron
Summit,Iron
Eureka,Juab
Levan,Juab
Mona,Juab
Nephi,Juab
Alton,Kane
Glendale,Kane
Kanab,Kane
Mount Carmel,Kane
Orderville,Kane
Duck Creek Village,Kane
Delta,Millard
Fillmore,Millard
Hinckley,Millard
Holden,Millard
Kanosh,Millard
Leamington,Millard
Lynndyl,Millard
Meadow,Millard
Oak City,Millard
Scipio,Millard
Garrison,Millard
Croydon,Morgan
Morgan,Morgan
Circleville,Piute
Greenwich,Piute
Junction,Piute
Kingston,Piute
Marysvale,Piute
Garden City,Rich
Laketown,Rich
Randolph,Rich
Woodruff,Rich
Bingham Canyon,Salt Lake
South Jordan,Salt Lake
Draper,Salt Lake
Magna,Salt Lake
Midvale,Salt Lake
Riverton,Salt Lake
Sandy,Salt Lake
West Jordan,Salt Lake
West Jordan,Salt Lake
West Jordan,Salt Lake
Sandy,Salt Lake
Sandy,Salt Lake
Sandy,Salt Lake
Sandy,Salt Lake
Sandy,Salt Lake
South Jordan,Salt Lake
Herriman,Salt Lake
Salt Lake City,Salt Lake
Salt Lake City,Salt Lake
Salt Lake City,Salt Lake
Salt Lake City,Salt Lake
Salt Lake City,Salt Lake
Salt Lake City,Salt Lake
Salt Lake City,Salt Lake
Salt Lake City,Salt Lake
Salt Lake City,Salt Lake
Salt Lake City,Salt Lake
Salt Lake City,Salt Lake
Salt Lake City,Salt Lake
Salt Lake City,Salt Lake
Salt Lake City,Salt Lake
Salt Lake City,Salt Lake
Salt Lake City,Salt Lake
Salt Lake City,Salt Lake
Salt Lake City,Salt Lake
West Valley City,Salt Lake
West Valley City,Salt Lake
Salt Lake City,Salt Lake
Salt Lake City,Salt Lake
Salt Lake City,Salt Lake
Salt Lake City,Salt Lake
Salt Lake City,Salt Lake
Salt Lake City,Salt Lake
Salt Lake City,Salt Lake
West Valley City,Salt Lake
Salt Lake City,Salt Lake
Salt Lake City,Salt Lake
Salt Lake City,Salt Lake
Salt Lake City,Salt Lake
Salt Lake City,Salt Lake
Salt Lake City,Salt Lake
Salt Lake City,Salt Lake
Salt Lake City,Salt Lake
Salt Lake City,Salt Lake
Salt Lake City,Salt Lake
Salt Lake City,Salt Lake
Salt Lake City,Salt Lake
Salt Lake City,Salt Lake
Salt Lake City,Salt Lake
Salt Lake City,Salt Lake
Salt Lake City,Salt Lake
Salt Lake City,Salt Lake
Salt Lake City,Salt Lake
Salt Lake City,Salt Lake
Salt Lake City,Salt Lake
Salt Lake City,Salt Lake
Salt Lake City,Salt Lake
Salt Lake City,Salt Lake
Salt Lake City,Salt Lake
Salt Lake City,Salt Lake
Salt Lake City,Salt Lake
Salt Lake City,Salt Lake
Aneth,San Juan
Blanding,San Juan
Bluff,San Juan
La Sal,San Juan
Mexican Hat,San Juan
Lake Powell,San Juan
Montezuma Creek,San Juan
Monticello,San Juan
Monument Valley,San Juan
Axtell,Sanpete
Centerfield,Sanpete
Chester,Sanpete
Ephraim,Sanpete
Fairview,Sanpete
Fayette,Sanpete
Fountain Green,Sanpete
Gunnison,Sanpete
Manti,Sanpete
Mayfield,Sanpete
Moroni,Sanpete
Mount Pleasant,Sanpete
Spring City,Sanpete
Sterling,Sanpete
Wales,Sanpete
Aurora,Sevier
Redmond,Sevier
Salina,Sevier
Sigurd,Sevier
Richfield,Sevier
Annabella,Sevier
Elsinore,Sevier
Glenwood,Sevier
Joseph,Sevier
Koosharem,Sevier
Monroe,Sevier
Sevier,Sevier
Coalville,Summit
Echo,Summit
Henefer,Summit
Kamas,Summit
Oakley,Summit
Park City,Summit
Peoa,Summit
Park City,Summit
Park City,Summit
Dugway,Tooele
Grantsville,Tooele
Ibapah,Tooele
Rush Valley,Tooele
Stockton,Tooele
Tooele,Tooele
Vernon,Tooele
Wendover,Tooele
Bonanza,Uintah
Fort Duchesne,Uintah
Jensen,Uintah
Lapoint,Uintah
Randlett,Uintah
Tridell,Uintah
Vernal,Uintah
Vernal,Uintah
Whiterocks,Uintah
American Fork,Utah
Alpine,Utah
Eagle Mountain,Utah
Cedar Valley,Utah
Lindon,Utah
Lehi,Utah
Saratoga Springs,Utah
Orem,Utah
Orem,Utah
Orem,Utah
Pleasant Grove,Utah
Orem,Utah
Provo,Utah
Provo,Utah
Provo,Utah
Provo,Utah
Provo,Utah
Provo,Utah
Elberta,Utah
Goshen,Utah
Payson,Utah
Salem,Utah
Santaquin,Utah
Spanish Fork,Utah
Springville,Utah
Mapleton,Utah
Heber City,Wasatch
Midway,Wasatch
Wallsburg,Wasatch
Central,Washington
Enterprise,Washington
Gunlock,Washington
Hurricane,Washington
Ivins,Washington
La Verkin,Washington
Leeds,Washington
New Harmony,Washington
Rockville,Washington
Santa Clara,Washington
Springdale,Washington
Saint George,Washington
Saint George,Washington
Toquerville,Washington
Virgin,Washington
Washington,Washington
Pine Valley,Washington
Veyo,Washington
Dammeron Valley,Washington
Hildale,Washington
Saint George,Washington
Saint George,Washington
Bicknell,Wayne
Hanksville,Wayne
Loa,Wayne
Lyman,Wayne
Teasdale,Wayne
Torrey,Wayne
Roy,Weber
Ogden,Weber
Ogden,Weber
Eden,Weber
Hooper,Weber
Huntsville,Weber
Ogden,Weber
Ogden,Weber
Ogden,Weber
Ogden,Weber
Ogden,Weber
Ogden,Weber
Ogden,Weber
Ogden,Weber
Ogden,Weber
Ogden,Weber
Ogden,Weber
Accomac,Accomack
Assawoman,Accomack
Atlantic,Accomack
Belle Haven,Accomack
Bloxom,Accomack
Chincoteague Island,Accomack
Wallops Island,Accomack
Craddockville,Accomack
Davis Wharf,Accomack
Greenbackville,Accomack
Greenbush,Accomack
Hacksneck,Accomack
Hallwood,Accomack
Harborton,Accomack
Horntown,Accomack
Oak Hall,Accomack
Jenkins Bridge,Accomack
Keller,Accomack
Locustville,Accomack
Mappsville,Accomack
Mears,Accomack
Melfa,Accomack
Modest Town,Accomack
Nelsonia,Accomack
New Church,Accomack
Oak Hall,Accomack
Onancock,Accomack
Onley,Accomack
Painter,Accomack
Parksley,Accomack
Pungoteague,Accomack
Quinby,Accomack
Sanford,Accomack
Saxis,Accomack
Tangier,Accomack
Tasley,Accomack
Temperanceville,Accomack
Wachapreague,Accomack
Wattsville,Accomack
Withams,Accomack
Charlottesville,Albemarle
Charlottesville,Albemarle
Charlottesville,Albemarle
Batesville,Albemarle
Covesville,Albemarle
Crozet,Albemarle
Earlysville,Albemarle
Esmont,Albemarle
Free Union,Albemarle
Greenwood,Albemarle
Ivy,Albemarle
Keene,Albemarle
Keswick,Albemarle
North Garden,Albemarle
White Hall,Albemarle
Howardsville,Albemarle
Scottsville,Albemarle
Clifton Forge,Alleghany
Iron Gate,Alleghany
Low Moor,Alleghany
Selma,Alleghany
Amelia Court House,Amelia
Jetersville,Amelia
Mannboro,Amelia
Amherst,Amherst
Clifford,Amherst
Madison Heights,Amherst
Monroe,Amherst
Sweet Briar,Amherst
Evergreen,Appomattox
Pamplin,Appomattox
Appomattox,Appomattox
Spout Spring,Appomattox
Arlington,Arlington
Arlington,Arlington
Arlington,Arlington
Arlington,Arlington
Arlington,Arlington
Arlington,Arlington
Arlington,Arlington
Arlington,Arlington
Arlington,Arlington
Fort Myer,Arlington
Arlington,Arlington
Arlington,Arlington
Arlington,Arlington
Arlington,Arlington
Arlington,Arlington
Arlington,Arlington
Arlington,Arlington
Arlington,Arlington
Arlington,Arlington
Arlington,Arlington
Arlington,Arlington
Arlington,Arlington
Arlington,Arlington
Arlington,Arlington
Arlington,Arlington
Arlington,Arlington
Arlington,Arlington
Arlington,Arlington
Mount Solon,Augusta
Fishersville,Augusta
Lyndhurst,Augusta
Augusta Springs,Augusta
Churchville,Augusta
Craigsville,Augusta
Crimora,Augusta
Deerfield,Augusta
Fort Defiance,Augusta
Greenville,Augusta
Middlebrook,Augusta
Mint Spring,Augusta
Mount Sidney,Augusta
New Hope,Augusta
Steeles Tavern,Augusta
Stuarts Draft,Augusta
Swoope,Augusta
Verona,Augusta
West Augusta,Augusta
Weyers Cave,Augusta
Bacova,Bath
Hot Springs,Bath
Millboro,Bath
Warm Springs,Bath
Williamsville,Bath
Goodview,Bedford
Hardy,Bedford
Huddleston,Bedford
Moneta,Bedford
Montvale,Bedford
Thaxton,Bedford
Villamont,Bedford
Big Island,Bedford
Coleman Falls,Bedford
Forest,Bedford
Goode,Bedford
Lowry,Bedford
Bastian,Bland
Bland,Bland
Ceres,Bland
Rocky Gap,Bland
Roanoke,Botetourt
Roanoke,Botetourt
Blue Ridge,Botetourt
Buchanan,Botetourt
Cloverdale,Botetourt
Daleville,Botetourt
Eagle Rock,Botetourt
Fincastle,Botetourt
Oriskany,Botetourt
Troutville,Botetourt
Glen Wilton,Botetourt
Alberta,Brunswick
Dolphin,Brunswick
Ebony,Brunswick
Freeman,Brunswick
Gasburg,Brunswick
Lawrenceville,Brunswick
Meredithville,Brunswick
Rawlings,Brunswick
Valentines,Brunswick
Warfield,Brunswick
White Plains,Brunswick
Brodnax,Brunswick
Davenport,Buchanan
Big Rock,Buchanan
Grundy,Buchanan
Hurley,Buchanan
Keen Mountain,Buchanan
Mavisdale,Buchanan
Maxie,Buchanan
Oakwood,Buchanan
Pilgrims Knob,Buchanan
Raven,Buchanan
Rowe,Buchanan
Shortt Gap,Buchanan
Vansant,Buchanan
Whitewood,Buchanan
Wolford,Buchanan
Arvonia,Buckingham
New Canton,Buckingham
Buckingham,Buckingham
Dillwyn,Buckingham
Lynchburg,Campbell
Altavista,Campbell
Brookneal,Campbell
Concord,Campbell
Evington,Campbell
Gladys,Campbell
Long Island,Campbell
Lynch Station,Campbell
Naruna,Campbell
Rustburg,Campbell
Bowling Green,Caroline
Bowling Green,Caroline
Corbin,Caroline
Ladysmith,Caroline
Milford,Caroline
Port Royal,Caroline
Rappahannock Academy,Caroline
Ruther Glen,Caroline
Sparta,Caroline
Woodford,Caroline
Cana,Carroll
Dugspur,Carroll
Fancy Gap,Carroll
Hillsville,Carroll
Lambsburg,Carroll
Laurel Fork,Carroll
Woodlawn,Carroll
Charles City,Charles City
Ruthville,Charles City
Charlotte Court House,Charlotte
Cullen,Charlotte
Drakes Branch,Charlotte
Keysville,Charlotte
Phenix,Charlotte
Randolph,Charlotte
Red House,Charlotte
Red Oak,Charlotte
Saxe,Charlotte
Wylliesburg,Charlotte
Midlothian,Chesterfield
Midlothian,Chesterfield
Midlothian,Chesterfield
Moseley,Chesterfield
Richmond,Chesterfield
Richmond,Chesterfield
Richmond,Chesterfield
Richmond,Chesterfield
Richmond,Chesterfield
Chester,Chesterfield
Chesterfield,Chesterfield
Chester,Chesterfield
Chesterfield,Chesterfield
Berryville,Clarke
Boyce,Clarke
Millwood,Clarke
White Post,Clarke
New Castle,Craig
Paint Bank,Craig
Culpeper,Culpeper
Boston,Culpeper
Brandy Station,Culpeper
Elkwood,Culpeper
Jeffersonton,Culpeper
Lignum,Culpeper
Mitchells,Culpeper
Rapidan,Culpeper
Reva,Culpeper
Richardsville,Culpeper
Rixeyville,Culpeper
Stevensburg,Culpeper
Cartersville,Cumberland
Cumberland,Cumberland
Bee,Dickenson
Birchleaf,Dickenson
Clinchco,Dickenson
Clintwood,Dickenson
Haysi,Dickenson
Mc Clure,Dickenson
Nora,Dickenson
Breaks,Dickenson
Ammon,Dinwiddie
Carson,Dinwiddie
Church Road,Dinwiddie
Dewitt,Dinwiddie
Dinwiddie,Dinwiddie
Ford,Dinwiddie
Mc Kenney,Dinwiddie
Sutherland,Dinwiddie
Wilsons,Dinwiddie
Caret,Essex
Center Cross,Essex
Champlain,Essex
Dunnsville,Essex
Hustle,Essex
Laneview,Essex
Loretto,Essex
Tappahannock,Essex
Millers Tavern,Essex
Centreville,Fairfax
Centreville,Fairfax
Centreville,Fairfax
Clifton,Fairfax
Chantilly,Fairfax
Chantilly,Fairfax
Herndon,Fairfax
Herndon,Fairfax
Herndon,Fairfax
Reston,Fairfax
Reston,Fairfax
Herndon,Fairfax
Reston,Fairfax
Reston,Fairfax
Reston,Fairfax
Annandale,Fairfax
Burke,Fairfax
Burke,Fairfax
Dunn Loring,Fairfax
Fairfax,Fairfax
Fairfax,Fairfax
Fairfax,Fairfax
Fairfax,Fairfax
Fairfax,Fairfax
Fairfax,Fairfax
Fairfax Station,Fairfax
Falls Church,Fairfax
Falls Church,Fairfax
Falls Church,Fairfax
Falls Church,Fairfax
Fort Belvoir,Fairfax
Great Falls,Fairfax
Greenway,Fairfax
Lorton,Fairfax
Merrifield,Fairfax
Merrifield,Fairfax
Herndon,Fairfax
Reston,Fairfax
Mc Lean,Fairfax
Mc Lean,Fairfax
West Mclean,Fairfax
Mc Lean,Fairfax
Mc Lean,Fairfax
Mc Lean,Fairfax
Mc Lean,Fairfax
Merrifield,Fairfax
Merrifield,Fairfax
Merrifield,Fairfax
Mount Vernon,Fairfax
Newington,Fairfax
Oakton,Fairfax
Springfield,Fairfax
Springfield,Fairfax
Springfield,Fairfax
Springfield,Fairfax
Springfield,Fairfax
Springfield,Fairfax
Springfield,Fairfax
Springfield,Fairfax
Springfield,Fairfax
Vienna,Fairfax
Vienna,Fairfax
Vienna,Fairfax
Vienna,Fairfax
Vienna,Fairfax
Lorton,Fairfax
Alexandria,Fairfax
Alexandria,Fairfax
Alexandria,Fairfax
Alexandria,Fairfax
Alexandria,Fairfax
Alexandria,Fairfax
Alexandria,Fairfax
Alexandria,Fairfax
Marshall,Fauquier
Marshall,Fauquier
Catlett,Fauquier
Orlean,Fauquier
Paris,Fauquier
Broad Run,Fauquier
Calverton,Fauquier
Casanova,Fauquier
Rectortown,Fauquier
Delaplane,Fauquier
Upperville,Fauquier
Upperville,Fauquier
Warrenton,Fauquier
Warrenton,Fauquier
Warrenton,Fauquier
The Plains,Fauquier
Hume,Fauquier
Markham,Fauquier
Bealeton,Fauquier
Goldvein,Fauquier
Midland,Fauquier
Remington,Fauquier
Somerville,Fauquier
Sumerduck,Fauquier
Check,Floyd
Copper Hill,Floyd
Floyd,Floyd
Indian Valley,Floyd
Willis,Floyd
Palmyra,Fluvanna
Troy,Fluvanna
Bremo Bluff,Fluvanna
Fork Union,Fluvanna
Kents Store,Fluvanna
Boones Mill,Franklin
Callaway,Franklin
Ferrum,Franklin
Glade Hill,Franklin
Henry,Franklin
Penhook,Franklin
Redwood,Franklin
Rocky Mount,Franklin
Union Hall,Franklin
Wirtz,Franklin
Winchester,Frederick
Winchester,Frederick
Brucetown,Frederick
Clear Brook,Frederick
Cross Junction,Frederick
Gore,Frederick
Middletown,Frederick
Star Tannery,Frederick
Stephens City,Frederick
Stephenson,Frederick
Eggleston,Giles
Glen Lyn,Giles
Narrows,Giles
Newport,Giles
Pearisburg,Giles
Pembroke,Giles
Rich Creek,Giles
Ripplemead,Giles
Staffordsville,Giles
Achilles,Gloucester
Ark,Gloucester
Bena,Gloucester
Dutton,Gloucester
Gloucester,Gloucester
Gloucester Point,Gloucester
Hayes,Gloucester
Maryus,Gloucester
Ordinary,Gloucester
Schley,Gloucester
Severn,Gloucester
Ware Neck,Gloucester
White Marsh,Gloucester
Wicomico,Gloucester
Woods Cross Roads,Gloucester
Beaumont,Goochland
Columbia,Goochland
Crozier,Goochland
Goochland,Goochland
Gum Spring,Goochland
Hadensville,Goochland
Maidens,Goochland
Manakin Sabot,Goochland
Oilville,Goochland
Sandy Hook,Goochland
State Farm,Goochland
Whitetop,Grayson
Elk Creek,Grayson
Fries,Grayson
Independence,Grayson
Mouth Of Wilson,Grayson
Troutdale,Grayson
Dyke,Greene
Quinque,Greene
Ruckersville,Greene
Stanardsville,Greene
Jarratt,Greensville
Skippers,Greensville
Alton,Halifax
Clover,Halifax
Cluster Springs,Halifax
Crystal Hill,Halifax
Halifax,Halifax
Nathalie,Halifax
Scottsburg,Halifax
South Boston,Halifax
Vernon Hill,Halifax
Virgilina,Halifax
Ashland,Hanover
Beaverdam,Hanover
Doswell,Hanover
Glen Allen,Hanover
Hanover,Hanover
Mechanicsville,Hanover
Mechanicsville,Hanover
Rockville,Hanover
Studley,Hanover
Montpelier,Hanover
Glen Allen,Henrico
Glen Allen,Henrico
Henrico,Henrico
Sandston,Henrico
Richmond,Henrico
Richmond,Henrico
Henrico,Henrico
Henrico,Henrico
Richmond,Henrico
Henrico,Henrico
Henrico,Henrico
Henrico,Henrico
Henrico,Henrico
Richmond,Henrico
Henrico,Henrico
Henrico,Henrico
Richmond,Henrico
Henrico,Henrico
Axton,Henry
Bassett,Henry
Collinsville,Henry
Fieldale,Henry
Ridgeway,Henry
Spencer,Henry
Stanleytown,Henry
Blue Grass,Highland
Doe Hill,Highland
Head Waters,Highland
Mc Dowell,Highland
Monterey,Highland
Mustoe,Highland
Battery Park,Isle of Wight
Carrollton,Isle of Wight
Carrsville,Isle of Wight
Isle Of Wight,Isle of Wight
Rescue,Isle of Wight
Smithfield,Isle of Wight
Smithfield,Isle of Wight
Windsor,Isle of Wight
Zuni,Isle of Wight
Jamestown,James City
Norge,James City
Toano,James City
Williamsburg,James City
Williamsburg,James City
Bruington,King and Queen
King And Queen Court House,King and Queen
Little Plymouth,King and Queen
Mascot,King and Queen
Mattaponi,King and Queen
Newtown,King and Queen
Saint Stephens Church,King and Queen
Shacklefords,King and Queen
Stevensville,King and Queen
Walkerton,King and Queen
Dahlgren,King George
Dogue,King George
Jersey,King George
King George,King George
Ninde,King George
Rollins Fork,King George
Sealston,King George
Aylett,King William
King William,King William
Manquin,King William
West Point,King William
Irvington,Lancaster
Kilmarnock,Lancaster
Lancaster,Lancaster
Lively,Lancaster
Merry Point,Lancaster
Mollusk,Lancaster
Morattico,Lancaster
Nuttsville,Lancaster
Weems,Lancaster
White Stone,Lancaster
Ben Hur,Lee
Blackwater,Lee
Dryden,Lee
Ewing,Lee
Jonesville,Lee
Keokee,Lee
Pennington Gap,Lee
Rose Hill,Lee
Saint Charles,Lee
Dulles,Loudoun
Dulles,Loudoun
Dulles,Loudoun
Dulles,Loudoun
Aldie,Loudoun
Middleburg,Loudoun
Middleburg,Loudoun
Paeonian Springs,Loudoun
Philomont,Loudoun
Purcellville,Loudoun
Purcellville,Loudoun
Bluemont,Loudoun
Round Hill,Loudoun
Round Hill,Loudoun
Ashburn,Loudoun
Ashburn,Loudoun
Ashburn,Loudoun
Ashburn,Loudoun
Chantilly,Loudoun
Hamilton,Loudoun
Hamilton,Loudoun
Lincoln,Loudoun
Sterling,Loudoun
Sterling,Loudoun
Sterling,Loudoun
Sterling,Loudoun
Sterling,Loudoun
Leesburg,Loudoun
Leesburg,Loudoun
Leesburg,Loudoun
Leesburg,Loudoun
Lovettsville,Loudoun
Dulles,Loudoun
Waterford,Loudoun
Dhs,Loudoun
Bumpass,Louisa
Louisa,Louisa
Mineral,Louisa
Trevilians,Louisa
Dundas,Lunenburg
Fort Mitchell,Lunenburg
Kenbridge,Lunenburg
Lunenburg,Lunenburg
Victoria,Lunenburg
Aroda,Madison
Banco,Madison
Brightwood,Madison
Etlan,Madison
Haywood,Madison
Hood,Madison
Leon,Madison
Madison,Madison
Oakpark,Madison
Pratts,Madison
Radiant,Madison
Rochelle,Madison
Syria,Madison
Wolftown,Madison
Locust Dale,Madison
Woodberry Forest,Madison
Bohannon,Mathews
Cardinal,Mathews
Cobbs Creek,Mathews
Diggs,Mathews
Foster,Mathews
Grimstead,Mathews
Gwynn,Mathews
Hallieford,Mathews
Hudgins,Mathews
Mathews,Mathews
Moon,Mathews
New Point,Mathews
North,Mathews
Onemo,Mathews
Port Haywood,Mathews
Susan,Mathews
Baskerville,Mecklenburg
Boydton,Mecklenburg
Bracey,Mecklenburg
Chase City,Mecklenburg
Clarksville,Mecklenburg
La Crosse,Mecklenburg
Skipwith,Mecklenburg
South Hill,Mecklenburg
Buffalo Junction,Mecklenburg
Nelson,Mecklenburg
Christchurch,Middlesex
Church View,Middlesex
Deltaville,Middlesex
Hardyville,Middlesex
Hartfield,Middlesex
Jamaica,Middlesex
Locust Hill,Middlesex
Saluda,Middlesex
Topping,Middlesex
Urbanna,Middlesex
Wake,Middlesex
Water View,Middlesex
Roanoke,Montgomery
Blacksburg,Montgomery
Blacksburg,Montgomery
Blacksburg,Montgomery
Blacksburg,Montgomery
Christiansburg,Montgomery
Christiansburg,Montgomery
Mc Coy,Montgomery
Pilot,Montgomery
Riner,Montgomery
Shawsville,Montgomery
Afton,Nelson
Arrington,Nelson
Faber,Nelson
Lovingston,Nelson
Nellysford,Nelson
Piney River,Nelson
Roseland,Nelson
Schuyler,Nelson
Shipman,Nelson
Tyro,Nelson
Montebello,Nelson
Gladstone,Nelson
Norwood,Nelson
Wingina,Nelson
Barhamsville,New Kent
Lanexa,New Kent
New Kent,New Kent
Providence Forge,New Kent
Quinton,New Kent
Birdsnest,Northampton
Cape Charles,Northampton
Capeville,Northampton
Cheriton,Northampton
Eastville,Northampton
Exmore,Northampton
Franktown,Northampton
Jamesville,Northampton
Machipongo,Northampton
Marionville,Northampton
Nassawadox,Northampton
Oyster,Northampton
Seaview,Northampton
Townsend,Northampton
Wardtown,Northampton
Willis Wharf,Northampton
Burgess,Northumberland
Callao,Northumberland
Edwardsville,Northumberland
Heathsville,Northumberland
Lottsburg,Northumberland
Ophelia,Northumberland
Reedville,Northumberland
Wicomico Church,Northumberland
Blackstone,Nottoway
Burkeville,Nottoway
Crewe,Nottoway
Nottoway,Nottoway
Burr Hill,Orange
Locust Grove,Orange
Rhoadesville,Orange
Unionville,Orange
Barboursville,Orange
Gordonsville,Orange
Montpelier Station,Orange
Orange,Orange
Somerset,Orange
Rileyville,Page
Luray,Page
Shenandoah,Page
Stanley,Page
Ararat,Patrick
Claudville,Patrick
Critz,Patrick
Meadows Of Dan,Patrick
Patrick Springs,Patrick
Stuart,Patrick
Vesta,Patrick
Woolwine,Patrick
Cascade,Pittsylvania
Pittsville,Pittsylvania
Sandy Level,Pittsylvania
Blairs,Pittsylvania
Callands,Pittsylvania
Chatham,Pittsylvania
Dry Fork,Pittsylvania
Gretna,Pittsylvania
Hurt,Pittsylvania
Java,Pittsylvania
Keeling,Pittsylvania
Ringgold,Pittsylvania
Sutherlin,Pittsylvania
Powhatan,Powhatan
Farmville,Prince Edward
Farmville,Prince Edward
Green Bay,Prince Edward
Hampden Sydney,Prince Edward
Meherrin,Prince Edward
Prospect,Prince Edward
Rice,Prince Edward
Fort Lee,Prince George
Disputanta,Prince George
Prince George,Prince George
Bristow,Prince William
Catharpin,Prince William
Gainesville,Prince William
Gainesville,Prince William
Haymarket,Prince William
Haymarket,Prince William
Nokesville,Prince William
Nokesville,Prince William
Dumfries,Prince William
Dumfries,Prince William
Occoquan,Prince William
Quantico,Prince William
Quantico,Prince William
Triangle,Prince William
Woodbridge,Prince William
Woodbridge,Prince William
Woodbridge,Prince William
Woodbridge,Prince William
Woodbridge,Prince William
Belspring,Pulaski
Dublin,Pulaski
Newbern,Pulaski
New River,Pulaski
Parrott,Pulaski
Pulaski,Pulaski
Draper,Pulaski
Hiwassee,Pulaski
Amissville,Rappahannock
Chester Gap,Rappahannock
Flint Hill,Rappahannock
Huntly,Rappahannock
Castleton,Rappahannock
Sperryville,Rappahannock
Viewtown,Rappahannock
Washington,Rappahannock
Woodville,Rappahannock
Farnham,Richmond
Haynesville,Richmond
Sharps,Richmond
Village,Richmond
Warsaw,Richmond
Roanoke,Roanoke
Roanoke,Roanoke
Bent Mountain,Roanoke
Catawba,Roanoke
Elliston,Roanoke
Vinton,Roanoke
Brownsburg,Rockbridge
Fairfield,Rockbridge
Goshen,Rockbridge
Raphine,Rockbridge
Rockbridge Baths,Rockbridge
Vesuvius,Rockbridge
Glasgow,Rockbridge
Natural Bridge,Rockbridge
Natural Bridge Station,Rockbridge
Harrisonburg,Rockingham
Bergton,Rockingham
Bridgewater,Rockingham
Broadway,Rockingham
Criders,Rockingham
Dayton,Rockingham
Elkton,Rockingham
Fulks Run,Rockingham
Hinton,Rockingham
Keezletown,Rockingham
Lacey Spring,Rockingham
Linville,Rockingham
Mc Gaheysville,Rockingham
Mount Crawford,Rockingham
Penn Laird,Rockingham
Pleasant Valley,Rockingham
Singers Glen,Rockingham
Timberville,Rockingham
Grottoes,Rockingham
Port Republic,Rockingham
Castlewood,Russell
Cleveland,Russell
Dante,Russell
Honaker,Russell
Lebanon,Russell
Rosedale,Russell
Swords Creek,Russell
Duffield,Scott
Dungannon,Scott
Fort Blackmore,Scott
Gate City,Scott
Hiltons,Scott
Nickelsville,Scott
Weber City,Scott
Fishers Hill,Shenandoah
Strasburg,Shenandoah
Maurertown,Shenandoah
Fort Valley,Shenandoah
Strasburg,Shenandoah
Toms Brook,Shenandoah
Woodstock,Shenandoah
Basye,Shenandoah
Edinburg,Shenandoah
Mount Jackson,Shenandoah
New Market,Shenandoah
Orkney Springs,Shenandoah
Quicksburg,Shenandoah
Atkins,Smyth
Broadford,Smyth
Chilhowie,Smyth
Marion,Smyth
Saltville,Smyth
Sugar Grove,Smyth
Boykins,Southampton
Branchville,Southampton
Capron,Southampton
Courtland,Southampton
Drewryville,Southampton
Ivor,Southampton
Newsoms,Southampton
Sedley,Southampton
Fredericksburg,Spotsylvania
Fredericksburg,Spotsylvania
Fredericksburg,Spotsylvania
Partlow,Spotsylvania
Spotsylvania,Spotsylvania
Spotsylvania,Spotsylvania
Thornburg,Spotsylvania
Fredericksburg,Stafford
Fredericksburg,Stafford
Fredericksburg,Stafford
Brooke,Stafford
Garrisonville,Stafford
Hartwood,Stafford
Ruby,Stafford
Stafford,Stafford
Stafford,Stafford
Stafford,Stafford
Dendron,Surry
Elberon,Surry
Spring Grove,Surry
Surry,Surry
Claremont,Surry
Jarratt,Sussex
Stony Creek,Sussex
Sussex,Sussex
Wakefield,Sussex
Waverly,Sussex
Waverly,Sussex
Yale,Sussex
Tannersville,Tazewell
Amonate,Tazewell
Bandy,Tazewell
Bishop,Tazewell
Bluefield,Tazewell
Boissevain,Tazewell
Burkes Garden,Tazewell
Cedar Bluff,Tazewell
Doran,Tazewell
Falls Mills,Tazewell
Horsepen,Tazewell
Jewell Ridge,Tazewell
North Tazewell,Tazewell
Pocahontas,Tazewell
Pounding Mill,Tazewell
Red Ash,Tazewell
Richlands,Tazewell
Tazewell,Tazewell
Bentonville,Warren
Front Royal,Warren
Linden,Warren
Middletown,Warren
Abingdon,Washington
Abingdon,Washington
Abingdon,Washington
Damascus,Washington
Mendota,Washington
Emory,Washington
Glade Spring,Washington
Meadowview,Washington
Coles Point,Westmoreland
Colonial Beach,Westmoreland
Hague,Westmoreland
Kinsale,Westmoreland
Montross,Westmoreland
Mount Holly,Westmoreland
Oldhams,Westmoreland
Stratford,Westmoreland
Sandy Point,Westmoreland
Zacata,Westmoreland
Andover,Wise
Appalachia,Wise
Big Stone Gap,Wise
Coeburn,Wise
East Stone Gap,Wise
Pound,Wise
Saint Paul,Wise
Wise,Wise
Austinville,Wythe
Barren Springs,Wythe
Cripple Creek,Wythe
Crockett,Wythe
Ivanhoe,Wythe
Max Meadows,Wythe
Rural Retreat,Wythe
Speedwell,Wythe
Wytheville,Wythe
Lightfoot,York
Yorktown,York
Yorktown,York
Yorktown,York
Yorktown,York
Lackey,York
Seaford,York
Alexandria,City of Alexandria
Alexandria,City of Alexandria
Alexandria,City of Alexandria
Alexandria,City of Alexandria
Alexandria,City of Alexandria
Alexandria,City of Alexandria
Alexandria,City of Alexandria
Alexandria,City of Alexandria
Alexandria,City of Alexandria
Alexandria,City of Alexandria
Alexandria,City of Alexandria
Alexandria,City of Alexandria
Alexandria,City of Alexandria
Bedford,Bedford (city)
Bristol,Bristol (city)
Bristol,Bristol (city)
Bristol,Bristol (city)
Bristol,Bristol (city)
Bristol,Bristol (city)
Buena Vista,Buena Vista (city)
Charlottesville,Charlottesville (city)
Charlottesville,Charlottesville (city)
Charlottesville,Charlottesville (city)
Charlottesville,Charlottesville (city)
Charlottesville,Charlottesville (city)
Charlottesville,Charlottesville (city)
Charlottesville,Charlottesville (city)
Charlottesville,Charlottesville (city)
Chesapeake,Chesapeake (city)
Chesapeake,Chesapeake (city)
Chesapeake,Chesapeake (city)
Chesapeake,Chesapeake (city)
Chesapeake,Chesapeake (city)
Chesapeake,Chesapeake (city)
Chesapeake,Chesapeake (city)
Chesapeake,Chesapeake (city)
Chesapeake,Chesapeake (city)
Colonial Heights,Colonial Heights (city
Covington,Covington (city)
Danville,Danville (city)
Danville,Danville (city)
Danville,Danville (city)
Emporia,Emporia (city)
Fairfax,Fairfax (city)
Fairfax,Fairfax (city)
Fairfax,Fairfax (city)
Falls Church,Falls Church (city)
Falls Church,Falls Church (city)
Franklin,Franklin (city)
Fredericksburg,Fredericksburg (city)
Fredericksburg,Fredericksburg (city)
Fredericksburg,Fredericksburg (city)
Galax,Galax (city)
Hampton,Hampton (city)
Fort Monroe,Hampton (city)
Hampton,Hampton (city)
Hampton,Hampton (city)
Hampton,Hampton (city)
Hampton,Hampton (city)
Hampton,Hampton (city)
Hampton,Hampton (city)
Hampton,Hampton (city)
Hampton,Hampton (city)
Hampton,Hampton (city)
Hampton,Hampton (city)
Harrisonburg,City of Harrisonburg
Harrisonburg,City of Harrisonburg
Harrisonburg,City of Harrisonburg
Hopewell,Hopewell (city)
Lexington,Lexington (city)
Lynchburg,Lynchburg (city)
Lynchburg,Lynchburg (city)
Lynchburg,Lynchburg (city)
Lynchburg,Lynchburg (city)
Lynchburg,Lynchburg (city)
Lynchburg,Lynchburg (city)
Lynchburg,Lynchburg (city)
Lynchburg,Lynchburg (city)
Manassas,Manassas (city)
Manassas,Manassas (city)
Manassas,Manassas (city)
Manassas,Manassas Park (city)
Manassas,Manassas Park (city)
Manassas,Manassas Park (city)
Martinsville,Martinsville (city)
Martinsville,Martinsville (city)
Martinsville,Martinsville (city)
Martinsville,Martinsville (city)
Newport News,Newport News (city)
Newport News,Newport News (city)
Newport News,Newport News (city)
Fort Eustis,Newport News (city)
Newport News,Newport News (city)
Newport News,Newport News (city)
Newport News,Newport News (city)
Newport News,Newport News (city)
Newport News,Newport News (city)
Newport News,Newport News (city)
Newport News,Newport News (city)
Norfolk,Norfolk (city)
Norfolk,Norfolk (city)
Norfolk,Norfolk (city)
Norfolk,Norfolk (city)
Norfolk,Norfolk (city)
Norfolk,Norfolk (city)
Norfolk,Norfolk (city)
Norfolk,Norfolk (city)
Norfolk,Norfolk (city)
Norfolk,Norfolk (city)
Norfolk,Norfolk (city)
Norfolk,Norfolk (city)
Norfolk,Norfolk (city)
Norfolk,Norfolk (city)
Norfolk,Norfolk (city)
Norfolk,Norfolk (city)
Norfolk,Norfolk (city)
Norfolk,Norfolk (city)
Norfolk,Norfolk (city)
Norfolk,Norfolk (city)
Norfolk,Norfolk (city)
Norton,Norton (city)
Petersburg,Petersburg (city)
Petersburg,Petersburg (city)
Petersburg,Petersburg (city)
Virginia State University,Petersburg (city)
Poquoson,Poquoson (city)
Portsmouth,Portsmouth (city)
Portsmouth,Portsmouth (city)
Portsmouth,Portsmouth (city)
Portsmouth,Portsmouth (city)
Portsmouth,Portsmouth (city)
Portsmouth,Portsmouth (city)
Portsmouth,Portsmouth (city)
Portsmouth,Portsmouth (city)
Radford,Radford (city)
Radford,Radford (city)
Radford,Radford (city)
Richmond,City of Richmond
Richmond,City of Richmond
Richmond,City of Richmond
Richmond,City of Richmond
Richmond,City of Richmond
Richmond,City of Richmond
Richmond,City of Richmond
Richmond,City of Richmond
Richmond,City of Richmond
Richmond,City of Richmond
Richmond,City of Richmond
Richmond,City of Richmond
Richmond,City of Richmond
Richmond,City of Richmond
Richmond,City of Richmond
Henrico,City of Richmond
Richmond,City of Richmond
Richmond,City of Richmond
Richmond,City of Richmond
Richmond,City of Richmond
Richmond,City of Richmond
Richmond,City of Richmond
Richmond,City of Richmond
Richmond,City of Richmond
Richmond,City of Richmond
Richmond,City of Richmond
Richmond,City of Richmond
Richmond,City of Richmond
Richmond,City of Richmond
Richmond,City of Richmond
Roanoke,Roanoke (city)
Roanoke,Roanoke (city)
Roanoke,Roanoke (city)
Roanoke,Roanoke (city)
Roanoke,Roanoke (city)
Roanoke,Roanoke (city)
Roanoke,Roanoke (city)
Roanoke,Roanoke (city)
Roanoke,Roanoke (city)
Roanoke,Roanoke (city)
Roanoke,Roanoke (city)
Roanoke,Roanoke (city)
Roanoke,Roanoke (city)
Roanoke,Roanoke (city)
Roanoke,Roanoke (city)
Roanoke,Roanoke (city)
Roanoke,Roanoke (city)
Roanoke,Roanoke (city)
Roanoke,Roanoke (city)
Roanoke,Roanoke (city)
Roanoke,Roanoke (city)
Roanoke,Roanoke (city)
Roanoke,Roanoke (city)
Roanoke,Roanoke (city)
Roanoke,Roanoke (city)
Roanoke,Roanoke (city)
Roanoke,Roanoke (city)
Roanoke,Roanoke (city)
Roanoke,Roanoke (city)
Roanoke,Roanoke (city)
Roanoke,Roanoke (city)
Roanoke,Roanoke (city)
Roanoke,Roanoke (city)
Roanoke,Roanoke (city)
Roanoke,Roanoke (city)
Roanoke,Roanoke (city)
Salem,Salem (city)
Salem,Salem (city)
Salem,Salem (city)
Staunton,Staunton (city)
Staunton,Staunton (city)
Suffolk,City of Suffolk
Suffolk,City of Suffolk
Suffolk,City of Suffolk
Suffolk,City of Suffolk
Suffolk,City of Suffolk
Suffolk,City of Suffolk
Suffolk,City of Suffolk
Suffolk,City of Suffolk
Virginia Beach,City of Suffolk
Virginia Beach,Virginia Beach (city)
Virginia Beach,Virginia Beach (city)
Virginia Beach,Virginia Beach (city)
Virginia Beach,Virginia Beach (city)
Virginia Beach,Virginia Beach (city)
Virginia Beach,Virginia Beach (city)
Virginia Beach,Virginia Beach (city)
Virginia Beach,Virginia Beach (city)
Virginia Beach,Virginia Beach (city)
Virginia Beach,Virginia Beach (city)
Virginia Beach,Virginia Beach (city)
Virginia Beach,Virginia Beach (city)
Virginia Beach,Virginia Beach (city)
Virginia Beach,Virginia Beach (city)
Virginia Beach,Virginia Beach (city)
Virginia Beach,Virginia Beach (city)
Virginia Beach,Virginia Beach (city)
Virginia Beach,Virginia Beach (city)
Virginia Beach,Virginia Beach (city)
Waynesboro,Waynesboro (city)
Williamsburg,Williamsburg (city)
Williamsburg,Williamsburg (city)
Winchester,Winchester (city)
Winchester,Winchester (city)
Bristol,Addison
Ferrisburgh,Addison
Monkton,Addison
New Haven,Addison
North Ferrisburgh,Addison
Starksboro,Addison
Vergennes,Addison
Roxbury,Addison
Bridport,Addison
East Middlebury,Addison
Granville,Addison
Hancock,Addison
Middlebury,Addison
Orwell,Addison
Ripton,Addison
Salisbury,Addison
Shoreham,Addison
Whiting,Addison
Peru,Bennington
Bennington,Bennington
Arlington,Bennington
Dorset,Bennington
East Arlington,Bennington
East Dorset,Bennington
Manchester,Bennington
Manchester Center,Bennington
North Bennington,Bennington
North Pownal,Bennington
Pownal,Bennington
Shaftsbury,Bennington
Bondville,Bennington
Readsboro,Bennington
Stamford,Bennington
Rupert,Bennington
West Rupert,Bennington
East Ryegate,Caledonia
Groton,Caledonia
Mc Indoe Falls,Caledonia
South Ryegate,Caledonia
Saint Johnsbury,Caledonia
Barnet,Caledonia
Danville,Caledonia
East Burke,Caledonia
East Hardwick,Caledonia
East Saint Johnsbury,Caledonia
Hardwick,Caledonia
Lower Waterford,Caledonia
Lyndon,Caledonia
Lyndon Center,Caledonia
Lyndonville,Caledonia
Passumpsic,Caledonia
Peacham,Caledonia
Saint Johnsbury Center,Caledonia
Sheffield,Caledonia
Sutton,Caledonia
West Burke,Caledonia
West Danville,Caledonia
Burlington,Chittenden
Burlington,Chittenden
South Burlington,Chittenden
Winooski,Chittenden
Burlington,Chittenden
Burlington,Chittenden
South Burlington,Chittenden
Burlington,Chittenden
Colchester,Chittenden
Charlotte,Chittenden
Colchester,Chittenden
Colchester,Chittenden
Essex,Chittenden
Essex Junction,Chittenden
Essex Junction,Chittenden
Hinesburg,Chittenden
Huntington,Chittenden
Jericho,Chittenden
Jonesville,Chittenden
Milton,Chittenden
Richmond,Chittenden
Shelburne,Chittenden
Underhill,Chittenden
Underhill Center,Chittenden
Westford,Chittenden
Williston,Chittenden
Concord,Essex
East Haven,Essex
Granby,Essex
Island Pond,Essex
North Concord,Essex
Averill,Essex
Beecher Falls,Essex
Canaan,Essex
Gilman,Essex
Guildhall,Essex
Lunenburg,Essex
Norton,Essex
Bakersfield,Franklin
East Berkshire,Franklin
East Fairfield,Franklin
Enosburg Falls,Franklin
Fairfax,Franklin
Fairfield,Franklin
Franklin,Franklin
Highgate Center,Franklin
Highgate Springs,Franklin
Montgomery,Franklin
Montgomery Center,Franklin
Richford,Franklin
Saint Albans,Franklin
Saint Albans,Franklin
Saint Albans Bay,Franklin
Sheldon,Franklin
Sheldon Springs,Franklin
Swanton,Franklin
Alburgh,Grand Isle
Grand Isle,Grand Isle
Isle La Motte,Grand Isle
North Hero,Grand Isle
South Hero,Grand Isle
Belvidere Center,Lamoille
Cambridge,Lamoille
Jeffersonville,Lamoille
Waterville,Lamoille
Eden,Lamoille
Eden Mills,Lamoille
Hyde Park,Lamoille
Johnson,Lamoille
Lake Elmore,Lamoille
Morrisville,Lamoille
Moscow,Lamoille
North Hyde Park,Lamoille
Stowe,Lamoille
Wolcott,Lamoille
Bradford,Orange
Brookfield,Orange
Chelsea,Orange
Corinth,Orange
East Corinth,Orange
East Randolph,Orange
East Thetford,Orange
Fairlee,Orange
Newbury,Orange
North Thetford,Orange
Post Mills,Orange
Randolph,Orange
Randolph Center,Orange
South Strafford,Orange
Strafford,Orange
Thetford,Orange
Thetford Center,Orange
Topsham,Orange
Tunbridge,Orange
Vershire,Orange
Wells River,Orange
West Fairlee,Orange
West Newbury,Orange
West Topsham,Orange
Washington,Orange
Williamstown,Orange
Albany,Orleans
Barton,Orleans
Beebe Plain,Orleans
Coventry,Orleans
Craftsbury,Orleans
Craftsbury Common,Orleans
Derby,Orleans
Derby Line,Orleans
East Charleston,Orleans
Glover,Orleans
Greensboro,Orleans
Greensboro Bend,Orleans
Irasburg,Orleans
Lowell,Orleans
Morgan,Orleans
Newport,Orleans
Newport Center,Orleans
North Troy,Orleans
Orleans,Orleans
Troy,Orleans
West Charleston,Orleans
Westfield,Orleans
Barton,Orleans
Rutland,Rutland
Rutland,Rutland
Belmont,Rutland
Benson,Rutland
Bomoseen,Rutland
Brandon,Rutland
Castleton,Rutland
Center Rutland,Rutland
Chittenden,Rutland
Cuttingsville,Rutland
Danby,Rutland
East Poultney,Rutland
East Wallingford,Rutland
Fair Haven,Rutland
Florence,Rutland
Forest Dale,Rutland
Hydeville,Rutland
Killington,Rutland
Middletown Springs,Rutland
Mount Holly,Rutland
North Clarendon,Rutland
Pawlet,Rutland
Pittsfield,Rutland
Pittsford,Rutland
Poultney,Rutland
Proctor,Rutland
Wallingford,Rutland
Wells,Rutland
West Pawlet,Rutland
West Rutland,Rutland
Montpelier,Washington
Montpelier,Washington
Montpelier,Washington
Montpelier,Washington
Montpelier,Washington
Montpelier,Washington
Montpelier,Washington
Adamant,Washington
Barre,Washington
Cabot,Washington
Calais,Washington
East Barre,Washington
East Calais,Washington
East Montpelier,Washington
Graniteville,Washington
Marshfield,Washington
Moretown,Washington
Northfield,Washington
Northfield Falls,Washington
North Montpelier,Washington
Plainfield,Washington
South Barre,Washington
Waterbury,Washington
Waitsfield,Washington
Warren,Washington
Waterbury,Washington
Waterbury Center,Washington
Websterville,Washington
Woodbury,Washington
Worcester,Washington
Bellows Falls,Windham
Cambridgeport,Windham
Grafton,Windham
Londonderry,Windham
Saxtons River,Windham
South Londonderry,Windham
Westminster,Windham
Westminster Station,Windham
Brattleboro,Windham
Brattleboro,Windham
Brattleboro,Windham
Brattleboro,Windham
East Dover,Windham
Jacksonville,Windham
Jamaica,Windham
Marlboro,Windham
Newfane,Windham
Putney,Windham
South Newfane,Windham
Townshend,Windham
Vernon,Windham
Wardsboro,Windham
West Dover,Windham
West Dummerston,Windham
West Halifax,Windham
West Townshend,Windham
West Wardsboro,Windham
Whitingham,Windham
Williamsville,Windham
Wilmington,Windham
White River Junction,Windsor
White River Junction,Windsor
Ascutney,Windsor
Barnard,Windsor
Bethel,Windsor
Bridgewater,Windsor
Bridgewater Corners,Windsor
Brownsville,Windsor
Hartford,Windsor
Hartland,Windsor
Hartland Four Corners,Windsor
North Hartland,Windsor
North Pomfret,Windsor
Norwich,Windsor
Plymouth,Windsor
Quechee,Windsor
Reading,Windsor
Sharon,Windsor
South Pomfret,Windsor
South Royalton,Windsor
South Woodstock,Windsor
Taftsville,Windsor
West Hartford,Windsor
Wilder,Windsor
Windsor,Windsor
Woodstock,Windsor
Cavendish,Windsor
Chester,Windsor
Ludlow,Windsor
North Springfield,Windsor
Perkinsville,Windsor
Proctorsville,Windsor
Springfield,Windsor
Weston,Windsor
Gaysville,Windsor
Rochester,Windsor
Stockbridge,Windsor
Benge,Adams
Ritzville,Adams
Lind,Adams
Othello,Adams
Washtucna,Adams
Anatone,Asotin
Asotin,Asotin
Clarkston,Asotin
Benton City,Benton
Kennewick,Benton
Kennewick,Benton
Kennewick,Benton
Paterson,Benton
Plymouth,Benton
Prosser,Benton
Richland,Benton
West Richland,Benton
Richland,Benton
Wenatchee,Chelan
Wenatchee,Chelan
Ardenvoir,Chelan
Cashmere,Chelan
Chelan,Chelan
Chelan Falls,Chelan
Dryden,Chelan
Entiat,Chelan
Leavenworth,Chelan
Malaga,Chelan
Manson,Chelan
Monitor,Chelan
Peshastin,Chelan
Stehekin,Chelan
Beaver,Clallam
Carlsborg,Clallam
Clallam Bay,Clallam
Forks,Clallam
Joyce,Clallam
La Push,Clallam
Neah Bay,Clallam
Port Angeles,Clallam
Port Angeles,Clallam
Sekiu,Clallam
Sequim,Clallam
Amboy,Clark
Battle Ground,Clark
Brush Prairie,Clark
Camas,Clark
Heisson,Clark
La Center,Clark
Ridgefield,Clark
Vancouver,Clark
Vancouver,Clark
Vancouver,Clark
Vancouver,Clark
Vancouver,Clark
Vancouver,Clark
Vancouver,Clark
Vancouver,Clark
Washougal,Clark
Yacolt,Clark
Vancouver,Clark
Vancouver,Clark
Vancouver,Clark
Vancouver,Clark
Vancouver,Clark
Vancouver,Clark
Dayton,Columbia
Starbuck,Columbia
Ryderwood,Cowlitz
Ariel,Cowlitz
Carrolls,Cowlitz
Castle Rock,Cowlitz
Cougar,Cowlitz
Kalama,Cowlitz
Kelso,Cowlitz
Longview,Cowlitz
Silverlake,Cowlitz
Toutle,Cowlitz
Woodland,Cowlitz
East Wenatchee,Douglas
Bridgeport,Douglas
Mansfield,Douglas
Orondo,Douglas
Palisades,Douglas
Rock Island,Douglas
Waterville,Douglas
Boyds,Ferry
Curlew,Ferry
Danville,Ferry
Inchelium,Ferry
Keller,Ferry
Laurier,Ferry
Malo,Ferry
Orient,Ferry
Republic,Ferry
Pasco,Franklin
Pasco,Franklin
Connell,Franklin
Eltopia,Franklin
Kahlotus,Franklin
Mesa,Franklin
Pomeroy,Garfield
Ephrata,Grant
George,Grant
Marlin,Grant
Moses Lake,Grant
Quincy,Grant
Soap Lake,Grant
Stratford,Grant
Warden,Grant
Wilson Creek,Grant
Coulee City,Grant
Electric City,Grant
Grand Coulee,Grant
Hartline,Grant
Beverly,Grant
Mattawa,Grant
Royal City,Grant
Aberdeen,Grays Harbor
Amanda Park,Grays Harbor
Copalis Beach,Grays Harbor
Copalis Crossing,Grays Harbor
Cosmopolis,Grays Harbor
Elma,Grays Harbor
Grayland,Grays Harbor
Hoquiam,Grays Harbor
Humptulips,Grays Harbor
Mccleary,Grays Harbor
Malone,Grays Harbor
Moclips,Grays Harbor
Montesano,Grays Harbor
Neilton,Grays Harbor
Oakville,Grays Harbor
Ocean Shores,Grays Harbor
Pacific Beach,Grays Harbor
Quinault,Grays Harbor
Satsop,Grays Harbor
Taholah,Grays Harbor
Westport,Grays Harbor
Clinton,Island
Coupeville,Island
Freeland,Island
Greenbank,Island
Langley,Island
Oak Harbor,Island
Oak Harbor,Island
Brinnon,Jefferson
Chimacum,Jefferson
Port Hadlock,Jefferson
Nordland,Jefferson
Port Ludlow,Jefferson
Port Townsend,Jefferson
Quilcene,Jefferson
Auburn,King
Auburn,King
Federal Way,King
Bellevue,King
Bellevue,King
Bellevue,King
Bellevue,King
Bellevue,King
Bellevue,King
Black Diamond,King
Bothell,King
Burton,King
Carnation,King
Bellevue,King
Duvall,King
Enumclaw,King
Federal Way,King
Fall City,King
Hobart,King
Issaquah,King
Kenmore,King
Issaquah,King
Kent,King
Kent,King
Kent,King
Kirkland,King
Kirkland,King
Kent,King
Maple Valley,King
Medina,King
Mercer Island,King
Bothell,King
Kent,King
North Bend,King
Pacific,King
Preston,King
Ravensdale,King
Redmond,King
Redmond,King
Renton,King
Renton,King
Renton,King
Renton,King
Renton,King
Seahurst,King
Federal Way,King
Kent,King
Snoqualmie,King
Snoqualmie Pass,King
Vashon,King
Auburn,King
Woodinville,King
Redmond,King
Sammamish,King
Sammamish,King
Kirkland,King
Kent,King
Auburn,King
Federal Way,King
Seattle,King
Seattle,King
Seattle,King
Seattle,King
Seattle,King
Seattle,King
Seattle,King
Seattle,King
Seattle,King
Seattle,King
Seattle,King
Seattle,King
Seattle,King
Seattle,King
Seattle,King
Seattle,King
Seattle,King
Seattle,King
Seattle,King
Seattle,King
Seattle,King
Seattle,King
Seattle,King
Seattle,King
Seattle,King
Seattle,King
Seattle,King
Seattle,King
Seattle,King
Seattle,King
Seattle,King
Seattle,King
Seattle,King
Seattle,King
Seattle,King
Seattle,King
Seattle,King
Seattle,King
Seattle,King
Seattle,King
Seattle,King
Seattle,King
Seattle,King
Seattle,King
Seattle,King
Seattle,King
Seattle,King
Seattle,King
Seattle,King
Seattle,King
Seattle,King
Seattle,King
Seattle,King
Seattle,King
Seattle,King
Seattle,King
Seattle,King
Seattle,King
Seattle,King
Baring,King
Skykomish,King
Rollingbay,Kitsap
Bainbridge Island,Kitsap
Bremerton,Kitsap
Bremerton,Kitsap
Bremerton,Kitsap
Bremerton,Kitsap
Silverdale,Kitsap
Burley,Kitsap
Bremerton,Kitsap
Hansville,Kitsap
Indianola,Kitsap
Keyport,Kitsap
Kingston,Kitsap
Manchester,Kitsap
Olalla,Kitsap
Port Gamble,Kitsap
Port Orchard,Kitsap
Port Orchard,Kitsap
Poulsbo,Kitsap
Retsil,Kitsap
Seabeck,Kitsap
Silverdale,Kitsap
South Colby,Kitsap
Southworth,Kitsap
Suquamish,Kitsap
Tracyton,Kitsap
Cle Elum,Kittitas
Easton,Kittitas
Ellensburg,Kittitas
Kittitas,Kittitas
Ronald,Kittitas
Roslyn,Kittitas
South Cle Elum,Kittitas
Thorp,Kittitas
Vantage,Kittitas
Appleton,Klickitat
Bingen,Klickitat
Centerville,Klickitat
Dallesport,Klickitat
Glenwood,Klickitat
Goldendale,Klickitat
Husum,Klickitat
Klickitat,Klickitat
Lyle,Klickitat
Trout Lake,Klickitat
Wahkiacus,Klickitat
White Salmon,Klickitat
Wishram,Klickitat
Bickleton,Klickitat
Roosevelt,Klickitat
Glenoma,Lewis
Mineral,Lewis
Morton,Lewis
Packwood,Lewis
Randle,Lewis
Adna,Lewis
Centralia,Lewis
Chehalis,Lewis
Cinebar,Lewis
Curtis,Lewis
Doty,Lewis
Ethel,Lewis
Galvin,Lewis
Mossyrock,Lewis
Napavine,Lewis
Onalaska,Lewis
Pe Ell,Lewis
Salkum,Lewis
Silver Creek,Lewis
Toledo,Lewis
Vader,Lewis
Winlock,Lewis
Edwall,Lincoln
Sprague,Lincoln
Almira,Lincoln
Creston,Lincoln
Davenport,Lincoln
Harrington,Lincoln
Lamona,Lincoln
Lincoln,Lincoln
Mohler,Lincoln
Odessa,Lincoln
Wilbur,Lincoln
Allyn,Mason
Belfair,Mason
Grapeview,Mason
Hoodsport,Mason
Lilliwaup,Mason
Matlock,Mason
Shelton,Mason
Tahuya,Mason
Union,Mason
Brewster,Okanogan
Carlton,Okanogan
Conconully,Okanogan
Loomis,Okanogan
Malott,Okanogan
Mazama,Okanogan
Methow,Okanogan
Okanogan,Okanogan
Omak,Okanogan
Oroville,Okanogan
Pateros,Okanogan
Riverside,Okanogan
Tonasket,Okanogan
Twisp,Okanogan
Wauconda,Okanogan
Winthrop,Okanogan
Coulee Dam,Okanogan
Elmer City,Okanogan
Nespelem,Okanogan
Bay Center,Pacific
Lebam,Pacific
Menlo,Pacific
Raymond,Pacific
South Bend,Pacific
Tokeland,Pacific
Chinook,Pacific
Ilwaco,Pacific
Long Beach,Pacific
Nahcotta,Pacific
Naselle,Pacific
Ocean Park,Pacific
Oysterville,Pacific
Seaview,Pacific
Cusick,Pend Oreille
Ione,Pend Oreille
Metaline,Pend Oreille
Metaline Falls,Pend Oreille
Newport,Pend Oreille
Usk,Pend Oreille
Anderson Island,Pierce
Ashford,Pierce
Buckley,Pierce
Carbonado,Pierce
Dupont,Pierce
Eatonville,Pierce
Gig Harbor,Pierce
Elbe,Pierce
Gig Harbor,Pierce
Fox Island,Pierce
Gig Harbor,Pierce
Graham,Pierce
Kapowsin,Pierce
La Grande,Pierce
Lakebay,Pierce
Longbranch,Pierce
Sumner,Pierce
Milton,Pierce
Orting,Pierce
Puyallup,Pierce
Puyallup,Pierce
Puyallup,Pierce
Puyallup,Pierce
Puyallup,Pierce
South Prairie,Pierce
Spanaway,Pierce
Steilacoom,Pierce
Sumner,Pierce
Bonney Lake,Pierce
Vaughn,Pierce
Wauna,Pierce
Wilkeson,Pierce
Longmire,Pierce
Paradise Inn,Pierce
Tacoma,Pierce
Tacoma,Pierce
Tacoma,Pierce
Tacoma,Pierce
Tacoma,Pierce
Tacoma,Pierce
Tacoma,Pierce
Tacoma,Pierce
Tacoma,Pierce
Tacoma,Pierce
Tacoma,Pierce
Tacoma,Pierce
Tacoma,Pierce
Tacoma,Pierce
Tacoma,Pierce
Tacoma,Pierce
Tacoma,Pierce
Tacoma,Pierce
Tacoma,Pierce
Tacoma,Pierce
Camp Murray,Pierce
Tacoma,Pierce
Tacoma,Pierce
Mcchord Afb,Pierce
Lakewood,Pierce
Tacoma,Pierce
Tacoma,Pierce
Tacoma,Pierce
Tacoma,Pierce
Tacoma,Pierce
Tacoma,Pierce
Tacoma,Pierce
Tacoma,Pierce
Tacoma,Pierce
University Place,Pierce
Tacoma,Pierce
Tacoma,Pierce
Tacoma,Pierce
Tacoma,Pierce
Lakewood,Pierce
Lakewood,Pierce
Lakewood,Pierce
Lakewood,Pierce
Mckenna,Pierce
Roy,Pierce
Blakely Island,San Juan
Deer Harbor,San Juan
Eastsound,San Juan
Friday Harbor,San Juan
Lopez Island,San Juan
Olga,San Juan
Orcas,San Juan
Shaw Island,San Juan
Waldron,San Juan
Anacortes,Skagit
Bow,Skagit
Burlington,Skagit
Clearlake,Skagit
Concrete,Skagit
Conway,Skagit
Hamilton,Skagit
La Conner,Skagit
Lyman,Skagit
Marblemount,Skagit
Mount Vernon,Skagit
Mount Vernon,Skagit
Rockport,Skagit
Sedro Woolley,Skagit
Carson,Skamania
North Bonneville,Skamania
Stevenson,Skamania
Underwood,Skamania
Bothell,Snohomish
Edmonds,Snohomish
Bothell,Snohomish
Edmonds,Snohomish
Lynnwood,Snohomish
Lynnwood,Snohomish
Mountlake Terrace,Snohomish
Lynnwood,Snohomish
Woodinville,Snohomish
Mill Creek,Snohomish
Lynnwood,Snohomish
Everett,Snohomish
Everett,Snohomish
Everett,Snohomish
Everett,Snohomish
Everett,Snohomish
Everett,Snohomish
Everett,Snohomish
Arlington,Snohomish
Darrington,Snohomish
Gold Bar,Snohomish
Granite Falls,Snohomish
Index,Snohomish
Lake Stevens,Snohomish
North Lakewood,Snohomish
Marysville,Snohomish
Marysville,Snohomish
Monroe,Snohomish
Mukilteo,Snohomish
Camano Island,Snohomish
Silvana,Snohomish
Snohomish,Snohomish
Snohomish,Snohomish
Stanwood,Snohomish
Startup,Snohomish
Sultan,Snohomish
Snohomish,Snohomish
Airway Heights,Spokane
Chattaroy,Spokane
Cheney,Spokane
Colbert,Spokane
Deer Park,Spokane
Elk,Spokane
Fairchild Air Force Base,Spokane
Fairfield,Spokane
Four Lakes,Spokane
Greenacres,Spokane
Latah,Spokane
Liberty Lake,Spokane
Marshall,Spokane
Mead,Spokane
Medical Lake,Spokane
Mica,Spokane
Newman Lake,Spokane
Nine Mile Falls,Spokane
Otis Orchards,Spokane
Reardan,Spokane
Rockford,Spokane
Spangle,Spokane
Valleyford,Spokane
Veradale,Spokane
Waverly,Spokane
Spokane,Spokane
Spokane,Spokane
Spokane,Spokane
Spokane,Spokane
Spokane,Spokane
Spokane,Spokane
Spokane,Spokane
Spokane,Spokane
Spokane,Spokane
Spokane,Spokane
Spokane,Spokane
Spokane,Spokane
Spokane,Spokane
Spokane,Spokane
Spokane,Spokane
Spokane,Spokane
Spokane,Spokane
Spokane,Spokane
Spokane,Spokane
Spokane,Spokane
Spokane,Spokane
Spokane,Spokane
Spokane,Spokane
Spokane,Spokane
Spokane,Spokane
Spokane,Spokane
Spokane,Spokane
Spokane,Spokane
Ford,Stevens
Tumtum,Stevens
Wellpinit,Stevens
Addy,Stevens
Chewelah,Stevens
Clayton,Stevens
Colville,Stevens
Evans,Stevens
Fruitland,Stevens
Gifford,Stevens
Hunters,Stevens
Kettle Falls,Stevens
Loon Lake,Stevens
Marcus,Stevens
Northport,Stevens
Rice,Stevens
Springdale,Stevens
Valley,Stevens
Olympia,Thurston
Olympia,Thurston
Lacey,Thurston
Olympia,Thurston
Olympia,Thurston
Olympia,Thurston
Olympia,Thurston
Olympia,Thurston
Lacey,Thurston
Tumwater,Thurston
Olympia,Thurston
Olympia,Thurston
Olympia,Thurston
Bucoda,Thurston
East Olympia,Thurston
Littlerock,Thurston
Rainier,Thurston
Rochester,Thurston
Tenino,Thurston
Yelm,Thurston
Olympia,Thurston
Cathlamet,Wahkiakum
Grays River,Wahkiakum
Rosburg,Wahkiakum
Skamokawa,Wahkiakum
Burbank,Walla Walla
College Place,Walla Walla
Dixie,Walla Walla
Prescott,Walla Walla
Touchet,Walla Walla
Waitsburg,Walla Walla
Walla Walla,Walla Walla
Wallula,Walla Walla
Acme,Whatcom
Bellingham,Whatcom
Bellingham,Whatcom
Bellingham,Whatcom
Bellingham,Whatcom
Bellingham,Whatcom
Blaine,Whatcom
Blaine,Whatcom
Custer,Whatcom
Deming,Whatcom
Everson,Whatcom
Ferndale,Whatcom
Lummi Island,Whatcom
Lynden,Whatcom
Maple Falls,Whatcom
Nooksack,Whatcom
Point Roberts,Whatcom
Sumas,Whatcom
Lamont,Whitman
Tekoa,Whitman
Albion,Whitman
Belmont,Whitman
Colfax,Whitman
Colton,Whitman
Endicott,Whitman
Farmington,Whitman
Garfield,Whitman
Hay,Whitman
Lacrosse,Whitman
Malden,Whitman
Oakesdale,Whitman
Palouse,Whitman
Pullman,Whitman
Pullman,Whitman
Rosalia,Whitman
Saint John,Whitman
Steptoe,Whitman
Thornton,Whitman
Uniontown,Whitman
Hooper,Whitman
Yakima,Yakima
Yakima,Yakima
Yakima,Yakima
Yakima,Yakima
Yakima,Yakima
Yakima,Yakima
Yakima,Yakima
Brownstown,Yakima
Buena,Yakima
Cowiche,Yakima
Grandview,Yakima
Granger,Yakima
Harrah,Yakima
Mabton,Yakima
Moxee,Yakima
Naches,Yakima
Outlook,Yakima
Parker,Yakima
Selah,Yakima
Sunnyside,Yakima
Tieton,Yakima
Toppenish,Yakima
Wapato,Yakima
White Swan,Yakima
Zillah,Yakima
Adams,Adams
Dellwood,Adams
Friendship,Adams
Grand Marsh,Adams
Arkdale,Adams
Butternut,Ashland
Clam Lake,Ashland
Glidden,Ashland
Mellen,Ashland
Ashland,Ashland
High Bridge,Ashland
La Pointe,Ashland
Marengo,Ashland
Odanah,Ashland
Chetek,Barron
Dallas,Barron
Prairie Farm,Barron
Almena,Barron
Barron,Barron
Barronett,Barron
Brill,Barron
Cameron,Barron
Comstock,Barron
Cumberland,Barron
Haugen,Barron
Mikana,Barron
Rice Lake,Barron
Turtle Lake,Barron
Bayfield,Bayfield
Benoit,Bayfield
Cable,Bayfield
Cornucopia,Bayfield
Drummond,Bayfield
Grand View,Bayfield
Herbster,Bayfield
Iron River,Bayfield
Mason,Bayfield
Port Wing,Bayfield
Washburn,Bayfield
De Pere,Brown
Greenleaf,Brown
Pulaski,Brown
Suamico,Brown
Wrightstown,Brown
Denmark,Brown
New Franken,Brown
Green Bay,Brown
Green Bay,Brown
Green Bay,Brown
Green Bay,Brown
Green Bay,Brown
Green Bay,Brown
Green Bay,Brown
Green Bay,Brown
Green Bay,Brown
Green Bay,Brown
Green Bay,Brown
Green Bay,Brown
Alma,Buffalo
Cochrane,Buffalo
Fountain City,Buffalo
Gilmanton,Buffalo
Mondovi,Buffalo
Nelson,Buffalo
Danbury,Burnett
Grantsburg,Burnett
Hertel,Burnett
Siren,Burnett
Webster,Burnett
Chilton,Calumet
New Holstein,Calumet
New Holstein,Calumet
Stockbridge,Calumet
Brillion,Calumet
Forest Junction,Calumet
Hilbert,Calumet
Potter,Calumet
Sherwood,Calumet
Bloomer,Chippewa
Boyd,Chippewa
Cadott,Chippewa
Chippewa Falls,Chippewa
Cornell,Chippewa
Holcombe,Chippewa
Jim Falls,Chippewa
New Auburn,Chippewa
Stanley,Chippewa
Chippewa Falls,Chippewa
Abbotsford,Clark
Chili,Clark
Colby,Clark
Curtiss,Clark
Dorchester,Clark
Granton,Clark
Greenwood,Clark
Loyal,Clark
Neillsville,Clark
Owen,Clark
Willard,Clark
Withee,Clark
Humbird,Clark
Thorp,Clark
Lodi,Columbia
Portage,Columbia
Arlington,Columbia
Cambria,Columbia
Columbus,Columbia
Doylestown,Columbia
Fall River,Columbia
Friesland,Columbia
Pardeeville,Columbia
Poynette,Columbia
Randolph,Columbia
Rio,Columbia
Wisconsin Dells,Columbia
Wyocena,Columbia
Prairie Du Chien,Crawford
Wauzeka,Crawford
Eastman,Crawford
Ferryville,Crawford
Gays Mills,Crawford
Lynxville,Crawford
Mount Sterling,Crawford
Seneca,Crawford
Soldiers Grove,Crawford
Steuben,Crawford
Belleville,Dane
Black Earth,Dane
Blue Mounds,Dane
Cambridge,Dane
Cottage Grove,Dane
Cross Plains,Dane
Dane,Dane
Deerfield,Dane
Deforest,Dane
Mc Farland,Dane
Marshall,Dane
Mazomanie,Dane
Middleton,Dane
Morrisonville,Dane
Mount Horeb,Dane
Oregon,Dane
Stoughton,Dane
Sun Prairie,Dane
Verona,Dane
Sun Prairie,Dane
Waunakee,Dane
Windsor,Dane
Madison,Dane
Madison,Dane
Madison,Dane
Madison,Dane
Madison,Dane
Madison,Dane
Madison,Dane
Madison,Dane
Madison,Dane
Madison,Dane
Madison,Dane
Madison,Dane
Madison,Dane
Madison,Dane
Madison,Dane
Madison,Dane
Madison,Dane
Madison,Dane
Madison,Dane
Madison,Dane
Madison,Dane
Madison,Dane
Madison,Dane
Madison,Dane
Madison,Dane
Madison,Dane
Madison,Dane
Madison,Dane
Madison,Dane
Madison,Dane
Madison,Dane
Madison,Dane
Madison,Dane
Madison,Dane
Madison,Dane
Ashippun,Dodge
Brownsville,Dodge
Clyman,Dodge
Horicon,Dodge
Hustisford,Dodge
Iron Ridge,Dodge
Juneau,Dodge
Lebanon,Dodge
Lomira,Dodge
Mayville,Dodge
Neosho,Dodge
Rubicon,Dodge
Theresa,Dodge
Watertown,Dodge
Woodland,Dodge
Lowell,Dodge
Reeseville,Dodge
Beaver Dam,Dodge
Burnett,Dodge
Fox Lake,Dodge
Randolph,Dodge
Waupun,Dodge
Baileys Harbor,Door
Brussels,Door
Egg Harbor,Door
Ellison Bay,Door
Ephraim,Door
Fish Creek,Door
Forestville,Door
Maplewood,Door
Sister Bay,Door
Sturgeon Bay,Door
Washington Island,Door
Brule,Douglas
Foxboro,Douglas
Gordon,Douglas
Hawthorne,Douglas
Lake Nebagamon,Douglas
Maple,Douglas
Poplar,Douglas
Solon Springs,Douglas
South Range,Douglas
Superior,Douglas
Wascott,Douglas
Boyceville,Dunn
Colfax,Dunn
Downing,Dunn
Downsville,Dunn
Eau Galle,Dunn
Elk Mound,Dunn
Knapp,Dunn
Menomonie,Dunn
Ridgeland,Dunn
Rock Falls,Dunn
Sand Creek,Dunn
Wheeler,Dunn
Eau Claire,Eau Claire
Eau Claire,Eau Claire
Eau Claire,Eau Claire
Altoona,Eau Claire
Augusta,Eau Claire
Fairchild,Eau Claire
Fall Creek,Eau Claire
Fence,Florence
Florence,Florence
Long Lake,Florence
Campbellsport,Fond du Lac
Eden,Fond du Lac
Malone,Fond du Lac
Mount Calvary,Fond du Lac
Oakfield,Fond du Lac
Saint Cloud,Fond du Lac
Brandon,Fond du Lac
Fairwater,Fond du Lac
Eldorado,Fond du Lac
Fond Du Lac,Fond du Lac
Fond Du Lac,Fond du Lac
Fond Du Lac,Fond du Lac
Ripon,Fond du Lac
Rosendale,Fond du Lac
Van Dyne,Fond du Lac
Armstrong Creek,Forest
Argonne,Forest
Crandon,Forest
Laona,Forest
Wabeno,Forest
Blue River,Grant
Livingston,Grant
Montfort,Grant
Muscoda,Grant
Bagley,Grant
Beetown,Grant
Bloomington,Grant
Boscobel,Grant
Cassville,Grant
Cuba City,Grant
Dickeyville,Grant
Fennimore,Grant
Glen Haven,Grant
Hazel Green,Grant
Kieler,Grant
Lancaster,Grant
Mount Hope,Grant
Patch Grove,Grant
Platteville,Grant
Potosi,Grant
Sinsinawa,Grant
Stitzer,Grant
Woodman,Grant
Albany,Green
Brodhead,Green
Brooklyn,Green
Browntown,Green
Juda,Green
Monroe,Green
Monticello,Green
New Glarus,Green
Dalton,Green Lake
Kingston,Green Lake
Markesan,Green Lake
Marquette,Green Lake
Berlin,Green Lake
Green Lake,Green Lake
Princeton,Green Lake
Arena,Iowa
Avoca,Iowa
Barneveld,Iowa
Cobb,Iowa
Dodgeville,Iowa
Edmund,Iowa
Highland,Iowa
Hollandale,Iowa
Linden,Iowa
Mineral Point,Iowa
Rewey,Iowa
Ridgeway,Iowa
Dodgeville,Iowa
Gile,Iron
Hurley,Iron
Iron Belt,Iron
Mercer,Iron
Montreal,Iron
Saxon,Iron
Upson,Iron
Alma Center,Jackson
Black River Falls,Jackson
Hixton,Jackson
Melrose,Jackson
Millston,Jackson
Taylor,Jackson
Merrillan,Jackson
Ixonia,Jefferson
Johnson Creek,Jefferson
Watertown,Jefferson
Helenville,Jefferson
Palmyra,Jefferson
Sullivan,Jefferson
Fort Atkinson,Jefferson
Jefferson,Jefferson
Lake Mills,Jefferson
Waterloo,Jefferson
Elroy,Juneau
Lyndon Station,Juneau
Mauston,Juneau
New Lisbon,Juneau
Union Center,Juneau
Wonewoc,Juneau
Camp Douglas,Juneau
Hustler,Juneau
Mather,Juneau
Necedah,Juneau
Bassett,Kenosha
Benet Lake,Kenosha
Bristol,Kenosha
Camp Lake,Kenosha
Kenosha,Kenosha
Kenosha,Kenosha
Kenosha,Kenosha
Kenosha,Kenosha
Kenosha,Kenosha
New Munster,Kenosha
Pleasant Prairie,Kenosha
Powers Lake,Kenosha
Salem,Kenosha
Silver Lake,Kenosha
Somers,Kenosha
Trevor,Kenosha
Twin Lakes,Kenosha
Wilmot,Kenosha
Woodworth,Kenosha
Algoma,Kewaunee
Casco,Kewaunee
Kewaunee,Kewaunee
Luxemburg,Kewaunee
La Crosse,La Crosse
La Crosse,La Crosse
La Crosse,La Crosse
Bangor,La Crosse
Holmen,La Crosse
Mindoro,La Crosse
Onalaska,La Crosse
Rockland,La Crosse
West Salem,La Crosse
Argyle,Lafayette
Belmont,Lafayette
Blanchardville,Lafayette
Darlington,Lafayette
Gratiot,Lafayette
Shullsburg,Lafayette
South Wayne,Lafayette
Woodford,Lafayette
Benton,Lafayette
Antigo,Langlade
Bryant,Langlade
Deerbrook,Langlade
Elcho,Langlade
Elton,Langlade
Pearson,Langlade
Phlox,Langlade
Pickerel,Langlade
Summit Lake,Langlade
White Lake,Langlade
Gleason,Lincoln
Irma,Lincoln
Merrill,Lincoln
Tomahawk,Lincoln
Heafford Junction,Lincoln
Cleveland,Manitowoc
Kiel,Manitowoc
Newton,Manitowoc
Collins,Manitowoc
Francis Creek,Manitowoc
Kellnersville,Manitowoc
Manitowoc,Manitowoc
Manitowoc,Manitowoc
Maribel,Manitowoc
Mishicot,Manitowoc
Reedsville,Manitowoc
Saint Nazianz,Manitowoc
Tisch Mills,Manitowoc
Two Rivers,Manitowoc
Valders,Manitowoc
Whitelaw,Manitowoc
Wausau,Marathon
Wausau,Marathon
Wausau,Marathon
Aniwa,Marathon
Athens,Marathon
Brokaw,Marathon
Edgar,Marathon
Eland,Marathon
Elderon,Marathon
Galloway,Marathon
Hatley,Marathon
Marathon,Marathon
Mosinee,Marathon
Ringle,Marathon
Rothschild,Marathon
Schofield,Marathon
Spencer,Marathon
Stratford,Marathon
Unity,Marathon
Amberg,Marinette
Athelstane,Marinette
Coleman,Marinette
Crivitz,Marinette
Dunbar,Marinette
Goodman,Marinette
Marinette,Marinette
Niagara,Marinette
Pembine,Marinette
Peshtigo,Marinette
Porterfield,Marinette
Pound,Marinette
Wausaukee,Marinette
Briggsville,Marquette
Endeavor,Marquette
Montello,Marquette
Oxford,Marquette
Packwaukee,Marquette
Westfield,Marquette
Neshkoro,Marquette
Keshena,Menominee
Neopit,Menominee
Cudahy,Milwaukee
Greendale,Milwaukee
Hales Corners,Milwaukee
Franklin,Milwaukee
Oak Creek,Milwaukee
South Milwaukee,Milwaukee
Milwaukee,Milwaukee
Milwaukee,Milwaukee
Milwaukee,Milwaukee
Milwaukee,Milwaukee
Milwaukee,Milwaukee
Milwaukee,Milwaukee
Milwaukee,Milwaukee
Milwaukee,Milwaukee
Milwaukee,Milwaukee
Milwaukee,Milwaukee
Milwaukee,Milwaukee
Milwaukee,Milwaukee
Milwaukee,Milwaukee
Milwaukee,Milwaukee
Milwaukee,Milwaukee
Milwaukee,Milwaukee
Milwaukee,Milwaukee
Milwaukee,Milwaukee
Milwaukee,Milwaukee
Milwaukee,Milwaukee
Milwaukee,Milwaukee
Milwaukee,Milwaukee
Milwaukee,Milwaukee
Milwaukee,Milwaukee
Milwaukee,Milwaukee
Milwaukee,Milwaukee
Milwaukee,Milwaukee
Milwaukee,Milwaukee
Milwaukee,Milwaukee
Milwaukee,Milwaukee
Saint Francis,Milwaukee
Milwaukee,Milwaukee
Milwaukee,Milwaukee
Milwaukee,Milwaukee
Milwaukee,Milwaukee
Milwaukee,Milwaukee
Milwaukee,Milwaukee
Milwaukee,Milwaukee
Milwaukee,Milwaukee
Milwaukee,Milwaukee
Milwaukee,Milwaukee
Milwaukee,Milwaukee
Cashton,Monroe
Cataract,Monroe
Kendall,Monroe
Norwalk,Monroe
Oakdale,Monroe
Sparta,Monroe
Tomah,Monroe
Tunnel City,Monroe
Warrens,Monroe
Wilton,Monroe
Abrams,Oconto
Gillett,Oconto
Lakewood,Oconto
Lena,Oconto
Little Suamico,Oconto
Mountain,Oconto
Oconto,Oconto
Oconto Falls,Oconto
Sobieski,Oconto
Suring,Oconto
Townsend,Oconto
Pelican Lake,Oneida
Rhinelander,Oneida
Harshaw,Oneida
Hazelhurst,Oneida
Lake Tomahawk,Oneida
Mc Naughton,Oneida
Minocqua,Oneida
Three Lakes,Oneida
Tripoli,Oneida
Woodruff,Oneida
Black Creek,Outagamie
Combined Locks,Outagamie
Kaukauna,Outagamie
Freedom,Outagamie
Kimberly,Outagamie
Little Chute,Outagamie
Nichols,Outagamie
Oneida,Outagamie
Seymour,Outagamie
Shiocton,Outagamie
Appleton,Outagamie
Appleton,Outagamie
Appleton,Outagamie
Appleton,Outagamie
Appleton,Outagamie
Appleton,Outagamie
Bear Creek,Outagamie
Dale,Outagamie
Greenville,Outagamie
Hortonville,Outagamie
Belgium,Ozaukee
Cedarburg,Ozaukee
Fredonia,Ozaukee
Grafton,Ozaukee
Port Washington,Ozaukee
Saukville,Ozaukee
Mequon,Ozaukee
Mequon,Ozaukee
Arkansaw,Pepin
Durand,Pepin
Pepin,Pepin
Stockholm,Pepin
Beldenville,Pierce
East Ellsworth,Pierce
Ellsworth,Pierce
Hager City,Pierce
Prescott,Pierce
River Falls,Pierce
Bay City,Pierce
Elmwood,Pierce
Maiden Rock,Pierce
Plum City,Pierce
Spring Valley,Pierce
Amery,Polk
Clayton,Polk
Clear Lake,Polk
Cushing,Polk
Dresser,Polk
Osceola,Polk
Saint Croix Falls,Polk
Star Prairie,Polk
Balsam Lake,Polk
Centuria,Polk
Frederic,Polk
Luck,Polk
Milltown,Polk
Amherst,Portage
Amherst Junction,Portage
Custer,Portage
Junction City,Portage
Nelsonville,Portage
Plover,Portage
Rosholt,Portage
Stevens Point,Portage
Stevens Point,Portage
Stevens Point,Portage
Almond,Portage
Bancroft,Portage
Ogema,Price
Brantwood,Price
Catawba,Price
Fifield,Price
Kennan,Price
Park Falls,Price
Phillips,Price
Prentice,Price
Burlington,Racine
Caledonia,Racine
Franksville,Racine
Kansasville,Racine
Rochester,Racine
Sturtevant,Racine
Union Grove,Racine
Waterford,Racine
Racine,Racine
Racine,Racine
Racine,Racine
Racine,Racine
Racine,Racine
Racine,Racine
Racine,Racine
Racine,Racine
Gotham,Richland
Lone Rock,Richland
Richland Center,Richland
Sextonville,Richland
Cazenovia,Richland
Afton,Rock
Avalon,Rock
Beloit,Rock
Beloit,Rock
Clinton,Rock
Edgerton,Rock
Evansville,Rock
Footville,Rock
Hanover,Rock
Janesville,Rock
Janesville,Rock
Janesville,Rock
Janesville,Rock
Milton,Rock
Orfordville,Rock
Glen Flora,Rusk
Hawkins,Rusk
Tony,Rusk
Conrath,Rusk
Sheldon,Rusk
Bruce,Rusk
Ladysmith,Rusk
Weyerhaeuser,Rusk
Baldwin,St. Croix
Deer Park,St. Croix
Glenwood City,St. Croix
Hammond,St. Croix
Hudson,St. Croix
New Richmond,St. Croix
Roberts,St. Croix
Somerset,St. Croix
Wilson,St. Croix
Woodville,St. Croix
Houlton,St. Croix
Merrimac,Sauk
Plain,Sauk
Prairie Du Sac,Sauk
Sauk City,Sauk
Spring Green,Sauk
Baraboo,Sauk
Hillpoint,Sauk
Lake Delton,Sauk
La Valle,Sauk
Lime Ridge,Sauk
Loganville,Sauk
North Freedom,Sauk
Reedsburg,Sauk
Reedsburg,Sauk
Rock Springs,Sauk
Couderay,Sawyer
Edgewater,Sawyer
Exeland,Sawyer
Hayward,Sawyer
Ojibwa,Sawyer
Radisson,Sawyer
Stone Lake,Sawyer
Winter,Sawyer
Bonduel,Shawano
Cecil,Shawano
Green Valley,Shawano
Gresham,Shawano
Krakow,Shawano
Shawano,Shawano
Zachow,Shawano
Birnamwood,Shawano
Bowler,Shawano
Mattoon,Shawano
Tigerton,Shawano
Wittenberg,Shawano
Caroline,Shawano
Leopolis,Shawano
Tilleda,Shawano
Adell,Sheboygan
Cascade,Sheboygan
Cedar Grove,Sheboygan
Elkhart Lake,Sheboygan
Glenbeulah,Sheboygan
Greenbush,Sheboygan
Hingham,Sheboygan
Kohler,Sheboygan
Oostburg,Sheboygan
Plymouth,Sheboygan
Random Lake,Sheboygan
Sheboygan,Sheboygan
Sheboygan,Sheboygan
Sheboygan,Sheboygan
Sheboygan Falls,Sheboygan
Waldo,Sheboygan
Gilman,Taylor
Jump River,Taylor
Hannibal,Taylor
Lublin,Taylor
Medford,Taylor
Rib Lake,Taylor
Stetsonville,Taylor
Westboro,Taylor
Arcadia,Trempealeau
Blair,Trempealeau
Dodge,Trempealeau
Ettrick,Trempealeau
Galesville,Trempealeau
Trempealeau,Trempealeau
Eleva,Trempealeau
Independence,Trempealeau
Osseo,Trempealeau
Pigeon Falls,Trempealeau
Strum,Trempealeau
Whitehall,Trempealeau
Chaseburg,Vernon
Coon Valley,Vernon
De Soto,Vernon
Genoa,Vernon
Hillsboro,Vernon
La Farge,Vernon
Ontario,Vernon
Readstown,Vernon
Stoddard,Vernon
Viola,Vernon
Viroqua,Vernon
Westby,Vernon
Boulder Junction,Vilas
Conover,Vilas
Eagle River,Vilas
Lac Du Flambeau,Vilas
Land O Lakes,Vilas
Manitowish Waters,Vilas
Phelps,Vilas
Presque Isle,Vilas
Saint Germain,Vilas
Sayner,Vilas
Star Lake,Vilas
Darien,Walworth
Delavan,Walworth
East Troy,Walworth
Elkhorn,Walworth
Fontana,Walworth
Genoa City,Walworth
Honey Creek,Walworth
Lake Geneva,Walworth
Lyons,Walworth
Pell Lake,Walworth
Springfield,Walworth
Walworth,Walworth
Whitewater,Walworth
Williams Bay,Walworth
Zenda,Walworth
Sharon,Walworth
Spooner,Washburn
Birchwood,Washburn
Minong,Washburn
Sarona,Washburn
Shell Lake,Washburn
Springbrook,Washburn
Trego,Washburn
Allenton,Washington
Colgate,Washington
Germantown,Washington
Hartford,Washington
Hubertus,Washington
Jackson,Washington
Kewaskum,Washington
Newburg,Washington
Richfield,Washington
Slinger,Washington
West Bend,Washington
West Bend,Washington
Brookfield,Waukesha
Butler,Waukesha
Brookfield,Waukesha
Delafield,Waukesha
Hartland,Waukesha
Brookfield,Waukesha
Lannon,Waukesha
Menomonee Falls,Waukesha
Menomonee Falls,Waukesha
Merton,Waukesha
Nashotah,Waukesha
North Lake,Waukesha
Oconomowoc,Waukesha
Okauchee,Waukesha
Pewaukee,Waukesha
Sussex,Waukesha
Big Bend,Waukesha
Dousman,Waukesha
Eagle,Waukesha
Elm Grove,Waukesha
Genesee Depot,Waukesha
New Berlin,Waukesha
Mukwonago,Waukesha
Muskego,Waukesha
New Berlin,Waukesha
North Prairie,Waukesha
Wales,Waukesha
Waukesha,Waukesha
Waukesha,Waukesha
Waukesha,Waukesha
Waukesha,Waukesha
Big Falls,Waupaca
Clintonville,Waupaca
Embarrass,Waupaca
Fremont,Waupaca
Iola,Waupaca
King,Waupaca
Manawa,Waupaca
Marion,Waupaca
New London,Waupaca
Ogdensburg,Waupaca
Readfield,Waupaca
Scandinavia,Waupaca
Waupaca,Waupaca
Weyauwega,Waupaca
Iola,Waupaca
Coloma,Waushara
Hancock,Waushara
Pine River,Waushara
Plainfield,Waushara
Poy Sippi,Waushara
Redgranite,Waushara
Saxeville,Waushara
Wautoma,Waushara
Wild Rose,Waushara
Oshkosh,Winnebago
Oshkosh,Winnebago
Oshkosh,Winnebago
Oshkosh,Winnebago
Oshkosh,Winnebago
Butte Des Morts,Winnebago
Eureka,Winnebago
Larsen,Winnebago
Menasha,Winnebago
Neenah,Winnebago
Neenah,Winnebago
Omro,Winnebago
Pickett,Winnebago
Waukau,Winnebago
Winnebago,Winnebago
Winneconne,Winnebago
Marshfield,Wood
Arpin,Wood
Auburndale,Wood
Babcock,Wood
Blenker,Wood
Hewitt,Wood
Marshfield,Wood
Milladore,Wood
Nekoosa,Wood
Pittsville,Wood
Port Edwards,Wood
Marshfield,Wood
Rudolph,Wood
Vesper,Wood
Wisconsin Rapids,Wood
Wisconsin Rapids,Wood
Volga,Barbour
Belington,Barbour
Junior,Barbour
Galloway,Barbour
Moatsville,Barbour
Philippi,Barbour
Martinsburg,Berkeley
Martinsburg,Berkeley
Martinsburg,Berkeley
Martinsburg,Berkeley
Martinsburg,Berkeley
Bunker Hill,Berkeley
Falling Waters,Berkeley
Gerrardstown,Berkeley
Glengary,Berkeley
Hedgesville,Berkeley
Inwood,Berkeley
Ridgeway,Berkeley
Ashford,Boone
Bim,Boone
Bloomingrose,Boone
Bob White,Boone
Comfort,Boone
Costa,Boone
Danville,Boone
Foster,Boone
Gordon,Boone
Hewett,Boone
Jeffrey,Boone
Madison,Boone
Nellis,Boone
Orgas,Boone
Ottawa,Boone
Peytona,Boone
Racine,Boone
Ridgeview,Boone
Seth,Boone
Sylvester,Boone
Turtle Creek,Boone
Twilight,Boone
Uneeda,Boone
Van,Boone
Wharton,Boone
Whitesville,Boone
Julian,Boone
Burnsville,Braxton
Sutton,Braxton
Copen,Braxton
Exchange,Braxton
Flatwoods,Braxton
Frametown,Braxton
Gassaway,Braxton
Heaters,Braxton
Little Birch,Braxton
Napier,Braxton
Beech Bottom,Brooke
Bethany,Brooke
Colliers,Brooke
Follansbee,Brooke
Short Creek,Brooke
Wellsburg,Brooke
Windsor Heights,Brooke
Barboursville,Cabell
Culloden,Cabell
Lesage,Cabell
Milton,Cabell
Ona,Cabell
Salt Rock,Cabell
Huntington,Cabell
Huntington,Cabell
Huntington,Cabell
Huntington,Cabell
Huntington,Cabell
Huntington,Cabell
Huntington,Cabell
Huntington,Cabell
Huntington,Cabell
Huntington,Cabell
Huntington,Cabell
Huntington,Cabell
Huntington,Cabell
Huntington,Cabell
Huntington,Cabell
Huntington,Cabell
Huntington,Cabell
Huntington,Cabell
Huntington,Cabell
Huntington,Cabell
Huntington,Cabell
Huntington,Cabell
Huntington,Cabell
Huntington,Cabell
Huntington,Cabell
Huntington,Cabell
Huntington,Cabell
Huntington,Cabell
Huntington,Cabell
Huntington,Cabell
Huntington,Cabell
Huntington,Cabell
Huntington,Cabell
Huntington,Cabell
Huntington,Cabell
Huntington,Cabell
Huntington,Cabell
Huntington,Cabell
Huntington,Cabell
Arnoldsburg,Calhoun
Chloe,Calhoun
Millstone,Calhoun
Orma,Calhoun
Big Bend,Calhoun
Big Springs,Calhoun
Grantsville,Calhoun
Mount Zion,Calhoun
Bickmore,Clay
Bomont,Clay
Clay,Clay
Duck,Clay
Glen,Clay
Indore,Clay
Ivydale,Clay
Lizemores,Clay
Maysel,Clay
Nebo,Clay
Procious,Clay
Widen,Clay
Wallback,Clay
Dille,Clay
Center Point,Doddridge
New Milton,Doddridge
Smithburg,Doddridge
West Union,Doddridge
Alloy,Fayette
Boomer,Fayette
Cannelton,Fayette
Charlton Heights,Fayette
Deep Water,Fayette
Gauley Bridge,Fayette
Glen Ferris,Fayette
Kanawha Falls,Fayette
Kimberly,Fayette
Kincaid,Fayette
Montgomery,Fayette
Mount Carbon,Fayette
Page,Fayette
Powellton,Fayette
Robson,Fayette
Mount Olive,Fayette
Smithers,Fayette
Ansted,Fayette
Danese,Fayette
Dothan,Fayette
Edmond,Fayette
Fayetteville,Fayette
Glen Jean,Fayette
Hico,Fayette
Hilltop,Fayette
Lansing,Fayette
Layland,Fayette
Lochgelly,Fayette
Lookout,Fayette
Minden,Fayette
Mount Hope,Fayette
Mount Hope,Fayette
Oak Hill,Fayette
Pax,Fayette
Prince,Fayette
Scarbro,Fayette
Thurmond,Fayette
Victor,Fayette
Winona,Fayette
Meadow Bridge,Fayette
Spring Dale,Fayette
Nallen,Fayette
Normantown,Gilmer
Coxs Mills,Gilmer
Glenville,Gilmer
Linn,Gilmer
Sand Fork,Gilmer
Troy,Gilmer
Cedarville,Gilmer
Rosedale,Gilmer
Shock,Gilmer
Bayard,Grant
Gormania,Grant
Lahmansville,Grant
Mount Storm,Grant
Maysville,Grant
Petersburg,Grant
Cabins,Grant
Lewisburg,Greenbrier
Fairlea,Greenbrier
Alderson,Greenbrier
Asbury,Greenbrier
Caldwell,Greenbrier
Crawley,Greenbrier
Frankford,Greenbrier
Grassy Meadows,Greenbrier
Maxwelton,Greenbrier
Renick,Greenbrier
Ronceverte,Greenbrier
Smoot,Greenbrier
White Sulphur Springs,Greenbrier
Williamsburg,Greenbrier
Charmco,Greenbrier
Rainelle,Greenbrier
Leslie,Greenbrier
Quinwood,Greenbrier
Rupert,Greenbrier
Levels,Hampshire
Points,Hampshire
Slanesville,Hampshire
Augusta,Hampshire
Capon Bridge,Hampshire
Delray,Hampshire
Green Spring,Hampshire
Rio,Hampshire
Romney,Hampshire
Shanks,Hampshire
Springfield,Hampshire
High View,Hampshire
Bloomery,Hampshire
Capon Springs,Hampshire
Purgitsville,Hampshire
Yellow Spring,Hampshire
Chester,Hancock
New Cumberland,Hancock
Newell,Hancock
New Manchester,Hancock
Weirton,Hancock
Baker,Hardy
Lost City,Hardy
Mathias,Hardy
Fisher,Hardy
Moorefield,Hardy
Milam,Hardy
Old Fields,Hardy
Wardensville,Hardy
Clarksburg,Harrison
Clarksburg,Harrison
Clarksburg,Harrison
Anmoore,Harrison
Bridgeport,Harrison
Gypsy,Harrison
Haywood,Harrison
Hepzibah,Harrison
Lost Creek,Harrison
Lumberport,Harrison
Meadowbrook,Harrison
Mount Clare,Harrison
Reynoldsville,Harrison
Salem,Harrison
Shinnston,Harrison
Spelter,Harrison
Wallace,Harrison
West Milford,Harrison
Wyatt,Harrison
Enterprise,Harrison
Advent,Jackson
Cottageville,Jackson
Evans,Jackson
Gay,Jackson
Given,Jackson
Kenna,Jackson
Le Roy,Jackson
Millwood,Jackson
Mount Alto,Jackson
Ripley,Jackson
Sandyville,Jackson
Ravenswood,Jackson
Bakerton,Jefferson
Charles Town,Jefferson
Halltown,Jefferson
Harpers Ferry,Jefferson
Kearneysville,Jefferson
Millville,Jefferson
Ranson,Jefferson
Rippon,Jefferson
Shenandoah Junction,Jefferson
Shepherdstown,Jefferson
Summit Point,Jefferson
Alum Creek,Kanawha
Belle,Kanawha
Blount,Kanawha
Blue Creek,Kanawha
Cabin Creek,Kanawha
Cedar Grove,Kanawha
Clendenin,Kanawha
Dawes,Kanawha
Drybranch,Kanawha
Dunbar,Kanawha
East Bank,Kanawha
Elkview,Kanawha
Eskdale,Kanawha
Falling Rock,Kanawha
Gallagher,Kanawha
Glasgow,Kanawha
Handley,Kanawha
Hansford,Kanawha
Hernshaw,Kanawha
Hugheston,Kanawha
Institute,Kanawha
London,Kanawha
Mammoth,Kanawha
Miami,Kanawha
Nitro,Kanawha
Pinch,Kanawha
Pond Gap,Kanawha
Pratt,Kanawha
Saint Albans,Kanawha
Tad,Kanawha
Tornado,Kanawha
Winifrede,Kanawha
Charleston,Kanawha
Charleston,Kanawha
South Charleston,Kanawha
Charleston,Kanawha
Charleston,Kanawha
Charleston,Kanawha
South Charleston,Kanawha
Charleston,Kanawha
Charleston,Kanawha
Charleston,Kanawha
Charleston,Kanawha
Charleston,Kanawha
Charleston,Kanawha
Charleston,Kanawha
Charleston,Kanawha
Charleston,Kanawha
Charleston,Kanawha
Charleston,Kanawha
Charleston,Kanawha
Charleston,Kanawha
Charleston,Kanawha
Charleston,Kanawha
Charleston,Kanawha
Charleston,Kanawha
Charleston,Kanawha
Charleston,Kanawha
Charleston,Kanawha
Charleston,Kanawha
Charleston,Kanawha
Charleston,Kanawha
Charleston,Kanawha
Charleston,Kanawha
Charleston,Kanawha
Charleston,Kanawha
Charleston,Kanawha
Charleston,Kanawha
Charleston,Kanawha
Charleston,Kanawha
Charleston,Kanawha
Charleston,Kanawha
Charleston,Kanawha
Charleston,Kanawha
Charleston,Kanawha
Charleston,Kanawha
Charleston,Kanawha
Charleston,Kanawha
Charleston,Kanawha
Alum Bridge,Lewis
Camden,Lewis
Crawford,Lewis
Horner,Lewis
Ireland,Lewis
Jane Lew,Lewis
Orlando,Lewis
Walkersville,Lewis
Weston,Lewis
Alkol,Lincoln
Branchland,Lincoln
Griffithsville,Lincoln
Hamlin,Lincoln
Harts,Lincoln
Midkiff,Lincoln
Myra,Lincoln
Ranger,Lincoln
Sod,Lincoln
Spurlockville,Lincoln
Sumerco,Lincoln
West Hamlin,Lincoln
Woodville,Lincoln
Yawkey,Lincoln
Blair,Logan
Clothier,Logan
Ethel,Logan
Lake,Logan
Sharples,Logan
Big Creek,Logan
Chapmanville,Logan
Pecks Mill,Logan
Logan,Logan
Accoville,Logan
Amherstdale,Logan
Bruno,Logan
Chauncey,Logan
Cora,Logan
Davin,Logan
Henlawson,Logan
Holden,Logan
Kistler,Logan
Lorado,Logan
Lyburn,Logan
Mallory,Logan
Man,Logan
Mount Gay,Logan
Omar,Logan
Peach Creek,Logan
Sarah Ann,Logan
Stollings,Logan
Switzer,Logan
Verdunville,Logan
Whitman,Logan
Wilkinson,Logan
Yolyn,Logan
Welch,McDowell
Anawalt,McDowell
Avondale,McDowell
Bartley,McDowell
Berwind,McDowell
Big Sandy,McDowell
Bradshaw,McDowell
Cucumber,McDowell
Davy,McDowell
Eckman,McDowell
Elbert,McDowell
Elkhorn,McDowell
Gary,McDowell
Hensley,McDowell
Iaeger,McDowell
Isaban,McDowell
Jenkinjones,McDowell
Jolo,McDowell
Kimball,McDowell
Kyle,McDowell
Maybeury,McDowell
Mohawk,McDowell
Newhall,McDowell
Northfork,McDowell
Pageton,McDowell
Panther,McDowell
Paynesville,McDowell
Premier,McDowell
Raysal,McDowell
Roderfield,McDowell
Squire,McDowell
Switchback,McDowell
Thorpe,McDowell
War,McDowell
Warriormine,McDowell
Wilcoe,McDowell
Fairmont,Marion
Fairmont,Marion
Barrackville,Marion
Baxter,Marion
Carolina,Marion
Colfax,Marion
Fairview,Marion
Farmington,Marion
Four States,Marion
Grant Town,Marion
Idamay,Marion
Kingmont,Marion
Mannington,Marion
Metz,Marion
Montana Mines,Marion
Rachel,Marion
Rivesville,Marion
Worthington,Marion
Benwood,Marshall
Cameron,Marshall
Dallas,Marshall
Glen Dale,Marshall
Glen Easton,Marshall
Mcmechen,Marshall
Moundsville,Marshall
Proctor,Marshall
Henderson,Mason
Leon,Mason
Southside,Mason
Hartford,Mason
Letart,Mason
Mason,Mason
New Haven,Mason
West Columbia,Mason
Apple Grove,Mason
Ashton,Mason
Gallipolis Ferry,Mason
Glenwood,Mason
Point Pleasant,Mason
Bluefield,Mercer
Athens,Mercer
Beeson,Mercer
Bramwell,Mercer
Freeman,Mercer
Hiawatha,Mercer
Kegley,Mercer
Kellysville,Mercer
Lashmeet,Mercer
Matoaka,Mercer
Montcalm,Mercer
Nemours,Mercer
Princeton,Mercer
Princeton,Mercer
Rock,Mercer
Wolfe,Mercer
Camp Creek,Mercer
Flat Top,Mercer
Spanishburg,Mercer
Lerona,Mercer
Burlington,Mineral
Elk Garden,Mineral
Fort Ashby,Mineral
Keyser,Mineral
New Creek,Mineral
Piedmont,Mineral
Ridgeley,Mineral
Wiley Ford,Mineral
Justice,Mingo
Baisden,Mingo
Gilbert,Mingo
Verner,Mingo
Wharncliffe,Mingo
Williamson,Mingo
Borderland,Mingo
Breeden,Mingo
Chattaroy,Mingo
Delbarton,Mingo
Dingess,Mingo
Edgarton,Mingo
Kermit,Mingo
Lenore,Mingo
Matewan,Mingo
Naugatuck,Mingo
Newtown,Mingo
North Matewan,Mingo
Ragland,Mingo
Rawl,Mingo
Red Jacket,Mingo
Varney,Mingo
Morgantown,Monongalia
Morgantown,Monongalia
Morgantown,Monongalia
Morgantown,Monongalia
Morgantown,Monongalia
Morgantown,Monongalia
Morgantown,Monongalia
Blacksville,Monongalia
Cassville,Monongalia
Dellslow,Monongalia
Granville,Monongalia
Maidsville,Monongalia
Osage,Monongalia
Pentress,Monongalia
Pursglove,Monongalia
Wana,Monongalia
Ballard,Monroe
Gap Mills,Monroe
Greenville,Monroe
Lindside,Monroe
Peterstown,Monroe
Secondcreek,Monroe
Sinks Grove,Monroe
Union,Monroe
Waiteville,Monroe
Wayside,Monroe
Wolfcreek,Monroe
Berkeley Springs,Morgan
Great Cacapon,Morgan
Paw Paw,Morgan
Dixie,Nicholas
Fenwick,Nicholas
Craigsville,Nicholas
Richwood,Nicholas
Birch River,Nicholas
Summersville,Nicholas
Belva,Nicholas
Calvin,Nicholas
Canvas,Nicholas
Drennen,Nicholas
Gilboa,Nicholas
Keslers Cross Lanes,Nicholas
Leivasy,Nicholas
Mount Lookout,Nicholas
Mount Nebo,Nicholas
Nettie,Nicholas
Pool,Nicholas
Swiss,Nicholas
Tioga,Nicholas
Wheeling,Ohio
Triadelphia,Ohio
Valley Grove,Ohio
West Liberty,Ohio
Brandywine,Pendleton
Circleville,Pendleton
Franklin,Pendleton
Riverton,Pendleton
Sugar Grove,Pendleton
Upper Tract,Pendleton
Seneca Rocks,Pendleton
Onego,Pendleton
Belmont,Pleasants
Saint Marys,Pleasants
Arbovale,Pocahontas
Bartow,Pocahontas
Buckeye,Pocahontas
Cass,Pocahontas
Dunmore,Pocahontas
Green Bank,Pocahontas
Hillsboro,Pocahontas
Marlinton,Pocahontas
Snowshoe,Pocahontas
Durbin,Pocahontas
Slatyfork,Pocahontas
Independence,Preston
Newburg,Preston
Rowlesburg,Preston
Tunnelton,Preston
Albright,Preston
Arthurdale,Preston
Bretz,Preston
Bruceton Mills,Preston
Kingwood,Preston
Masontown,Preston
Reedsville,Preston
Aurora,Preston
Eglon,Preston
Terra Alta,Preston
Bancroft,Putnam
Buffalo,Putnam
Eleanor,Putnam
Fraziers Bottom,Putnam
Hometown,Putnam
Liberty,Putnam
Poca,Putnam
Red House,Putnam
Winfield,Putnam
Hurricane,Putnam
Scott Depot,Putnam
Teays,Putnam
Arnett,Raleigh
Artie,Raleigh
Clear Creek,Raleigh
Colcord,Raleigh
Dorothy,Raleigh
Dry Creek,Raleigh
Naoma,Raleigh
Rock Creek,Raleigh
Saxon,Raleigh
Beckley,Raleigh
Beckley,Raleigh
Beaver,Raleigh
Bolt,Raleigh
Bradley,Raleigh
Coal City,Raleigh
Cool Ridge,Raleigh
Crab Orchard,Raleigh
Daniels,Raleigh
Eccles,Raleigh
Fairdale,Raleigh
Ghent,Raleigh
Glen Daniel,Raleigh
Glen White,Raleigh
Harper,Raleigh
Helen,Raleigh
Josephine,Raleigh
Lanark,Raleigh
Lester,Raleigh
Mabscott,Raleigh
Mac Arthur,Raleigh
Midway,Raleigh
Odd,Raleigh
Piney View,Raleigh
Princewick,Raleigh
Prosperity,Raleigh
Raleigh,Raleigh
Rhodell,Raleigh
Shady Spring,Raleigh
Skelton,Raleigh
Slab Fork,Raleigh
Sophia,Raleigh
Stanaford,Raleigh
Surveyor,Raleigh
White Oak,Raleigh
Helvetia,Randolph
Pickens,Randolph
Elkins,Randolph
Beverly,Randolph
Bowden,Randolph
Coalton,Randolph
Dailey,Randolph
Dryfork,Randolph
Ellamore,Randolph
Glady,Randolph
Harman,Randolph
Huttonsville,Randolph
Kerens,Randolph
Mabie,Randolph
Mill Creek,Randolph
Monterville,Randolph
Montrose,Randolph
Norton,Randolph
Valley Bend,Randolph
Valley Head,Randolph
Whitmer,Randolph
Macfarlan,Ritchie
Petroleum,Ritchie
Smithville,Ritchie
Auburn,Ritchie
Berea,Ritchie
Cairo,Ritchie
Ellenboro,Ritchie
Harrisville,Ritchie
Pennsboro,Ritchie
Pullman,Ritchie
Amma,Roane
Gandeeville,Roane
Left Hand,Roane
Looneyville,Roane
Newton,Roane
Reedy,Roane
Spencer,Roane
Walton,Roane
Forest Hill,Summers
Pence Springs,Summers
Talcott,Summers
Hinton,Summers
Green Sulphur Springs,Summers
Jumping Branch,Summers
Meadow Creek,Summers
Nimitz,Summers
Pipestem,Summers
Sandstone,Summers
Flemington,Taylor
Grafton,Taylor
Rosemont,Taylor
Simpson,Taylor
Thornton,Taylor
Davis,Tucker
Hambleton,Tucker
Hendricks,Tucker
Parsons,Tucker
Red Creek,Tucker
Thomas,Tucker
Friendly,Tyler
Middlebourne,Tyler
Sistersville,Tyler
Alma,Tyler
Shirley,Tyler
Buckhannon,Upshur
Adrian,Upshur
Cleveland,Upshur
French Creek,Upshur
Frenchton,Upshur
Kanawha Head,Upshur
Lorentz,Upshur
Rock Cave,Upshur
Selbyville,Upshur
Tallmansville,Upshur
Ceredo,Wayne
Dunlow,Wayne
East Lynn,Wayne
Fort Gay,Wayne
Genoa,Wayne
Kenova,Wayne
Kiahsville,Wayne
Lavalette,Wayne
Prichard,Wayne
Shoals,Wayne
Wayne,Wayne
Crum,Wayne
Wilsondale,Wayne
Huntington,Wayne
Erbacon,Webster
Cowen,Webster
Camden On Gauley,Webster
Diana,Webster
Hacker Valley,Webster
Upperglade,Webster
Webster Springs,Webster
Bergoo,Webster
New Martinsville,Wetzel
Paden City,Wetzel
Porters Falls,Wetzel
Reader,Wetzel
Folsom,Wetzel
Jacksonburg,Wetzel
Pine Grove,Wetzel
Smithfield,Wetzel
Big Run,Wetzel
Burton,Wetzel
Hundred,Wetzel
Littleton,Wetzel
Brohard,Wirt
Creston,Wirt
Elizabeth,Wirt
Munday,Wirt
Palestine,Wirt
Parkersburg,Wood
Parkersburg,Wood
Parkersburg,Wood
Parkersburg,Wood
Vienna,Wood
Parkersburg,Wood
Mineral Wells,Wood
Mineral Wells,Wood
Belleville,Wood
Davisville,Wood
Mineral Wells,Wood
Rockport,Wood
Walker,Wood
Washington,Wood
Waverly,Wood
Williamstown,Wood
Bud,Wyoming
Covel,Wyoming
Herndon,Wyoming
Brenton,Wyoming
Clear Fork,Wyoming
Coal Mountain,Wyoming
Cyclone,Wyoming
Fanrock,Wyoming
Hanover,Wyoming
Ikes Fork,Wyoming
Itmann,Wyoming
Jesse,Wyoming
Kopperston,Wyoming
Lynco,Wyoming
Marianna,Wyoming
Matheny,Wyoming
New Richmond,Wyoming
North Spring,Wyoming
Oceana,Wyoming
Pineville,Wyoming
Rock View,Wyoming
Simon,Wyoming
Wyoming,Wyoming
Allen Junction,Wyoming
Amigo,Wyoming
Corinne,Wyoming
Glen Fork,Wyoming
Glen Rogers,Wyoming
Maben,Wyoming
Mc Graws,Wyoming
Saulsville,Wyoming
Mullens,Wyoming
Ravencliff,Wyoming
Sabine,Wyoming
Stephenson,Wyoming
Wyco,Wyoming
Bosler,Albany
Buford,Albany
Centennial,Albany
Garrett,Albany
Jelm,Albany
Laramie,Albany
Laramie,Albany
Laramie,Albany
Laramie,Albany
Rock River,Albany
Tie Siding,Albany
Basin,Big Horn
Burlington,Big Horn
Byron,Big Horn
Cowley,Big Horn
Deaver,Big Horn
Emblem,Big Horn
Greybull,Big Horn
Hyattville,Big Horn
Lovell,Big Horn
Manderson,Big Horn
Otto,Big Horn
Shell,Big Horn
Gillette,Campbell
Gillette,Campbell
Gillette,Campbell
Recluse,Campbell
Rozet,Campbell
Weston,Campbell
Wright,Campbell
Rawlins,Carbon
Baggs,Carbon
Dixon,Carbon
Elk Mountain,Carbon
Encampment,Carbon
Hanna,Carbon
Medicine Bow,Carbon
Saratoga,Carbon
Savery,Carbon
Sinclair,Carbon
Walcott,Carbon
Shirley Basin,Carbon
Lost Springs,Converse
Shawnee,Converse
Douglas,Converse
Glenrock,Converse
Aladdin,Crook
Alva,Crook
Beulah,Crook
Devils Tower,Crook
Hulett,Crook
Moorcroft,Crook
Sundance,Crook
Jeffrey City,Fremont
Riverton,Fremont
Arapahoe,Fremont
Crowheart,Fremont
Dubois,Fremont
Fort Washakie,Fremont
Hudson,Fremont
Kinnear,Fremont
Lander,Fremont
Pavillion,Fremont
Saint Stephens,Fremont
Lysite,Fremont
Shoshoni,Fremont
Fort Laramie,Goshen
Hawk Springs,Goshen
Huntley,Goshen
Jay Em,Goshen
Lagrange,Goshen
Lingle,Goshen
Torrington,Goshen
Veteran,Goshen
Yoder,Goshen
Kirby,Hot Springs
Thermopolis,Hot Springs
Kaycee,Johnson
Linch,Johnson
Buffalo,Johnson
Saddlestring,Johnson
Cheyenne,Laramie
Cheyenne,Laramie
Cheyenne,Laramie
Fe Warren Afb,Laramie
Cheyenne,Laramie
Cheyenne,Laramie
Cheyenne,Laramie
Cheyenne,Laramie
Cheyenne,Laramie
Albin,Laramie
Burns,Laramie
Carpenter,Laramie
Granite Canon,Laramie
Hillsdale,Laramie
Horse Creek,Laramie
Meriden,Laramie
Pine Bluffs,Laramie
Kemmerer,Lincoln
Afton,Lincoln
Auburn,Lincoln
Bedford,Lincoln
Cokeville,Lincoln
Diamondville,Lincoln
Etna,Lincoln
Fairview,Lincoln
Freedom,Lincoln
Frontier,Lincoln
Grover,Lincoln
La Barge,Lincoln
Opal,Lincoln
Smoot,Lincoln
Thayne,Lincoln
Alpine,Lincoln
Casper,Natrona
Casper,Natrona
Casper,Natrona
Casper,Natrona
Casper,Natrona
Alcova,Natrona
Arminto,Natrona
Edgerton,Natrona
Evansville,Natrona
Hiland,Natrona
Midwest,Natrona
Mills,Natrona
Natrona,Natrona
Powder River,Natrona
Lance Creek,Niobrara
Lusk,Niobrara
Manville,Niobrara
Van Tassell,Niobrara
Yellowstone National Park,Park
Cody,Park
Frannie,Park
Meeteetse,Park
Powell,Park
Ralston,Park
Wapiti,Park
Wheatland,Platte
Chugwater,Platte
Glendo,Platte
Guernsey,Platte
Hartville,Platte
Sheridan,Sheridan
Arvada,Sheridan
Banner,Sheridan
Big Horn,Sheridan
Clearmont,Sheridan
Dayton,Sheridan
Leiter,Sheridan
Parkman,Sheridan
Ranchester,Sheridan
Story,Sheridan
Wolf,Sheridan
Wyarno,Sheridan
Bondurant,Sublette
Boulder,Sublette
Cora,Sublette
Pinedale,Sublette
Big Piney,Sublette
Daniel,Sublette
Bairoil,Sweetwater
Wamsutter,Sweetwater
Rock Springs,Sweetwater
Rock Springs,Sweetwater
Little America,Sweetwater
Farson,Sweetwater
Granger,Sweetwater
Green River,Sweetwater
Mc Kinnon,Sweetwater
Point Of Rocks,Sweetwater
Reliance,Sweetwater
Superior,Sweetwater
Jackson,Teton
Jackson,Teton
Kelly,Teton
Moose,Teton
Moran,Teton
Wilson,Teton
Teton Village,Teton
Alta,Teton
Evanston,Uinta
Evanston,Uinta
Fort Bridger,Uinta
Lonetree,Uinta
Lyman,Uinta
Mountain View,Uinta
Robertson,Uinta
Worland,Washakie
Ten Sleep,Washakie
Newcastle,Weston
Four Corners,Weston
Osage,Weston
Upton,Weston
APO AA,38.1105
APO AE,49.4077
APO AE,50.1155
APO AE,49.4333
APO AE,49.4333
APO AE,49.4077
APO AE,49.4292
APO AE,49.1113
APO AE,50.3776
APO AE,49.5431
APO AE,49.7397
APO AE,50.0494
APO AE,49.6174
APO AE,49.7939
APO AE,50.1155
APO AE,48.1374
APO AE,49.9817
APO AE,48.6821
APO AE,49.759
APO AE,47.7611
APO AE,49.2469
APO AE,47.4926
APO AE,49.443
APO AE,49.6328
APO AE,50
APO AE,49.6328
APO AE,49.4052
APO AE,50.1155
APO AE,49.4077
APO AE,50
APO AE,49.591
APO AE,49.443
APO AE,49.4759
APO AE,53.5502
APO AE,49.4424
APO AE,49.4429
APO AE,50.8699
APO AE,48.7035
APO AE,48.3569
APO AE,50.4339
APO AE,51.9624
APO AE,50.1155
APO AE,50.6846
APO AE,49.3822
APO AE,50.1006
APO AE,49.5
APO AE,49.9652
APO AE,50.1254
APO AE,50.2016
APO AE,49.4445
APO AE,49.2231
APO AE,50.0826
APO AE,50
APO AE,47.8638
APO AE,49.4077
APO AE,49.3822
APO AE,49.4077
APO AE,51.1747
APO AE,50.9675
APO AE,48.1761
APO AE,48.1374
APO AE,49.8472
APO AE,49.8414
APO AE,50.5106
APO AE,49.7173
APO AE,49.9833
APO AE,49.9833
APO AE,48.9356
APO AE,49.5118
APO AE,48.9356
APO AE,49.9679
APO AE,49.5118
APO AE,48.7035
APO AE,49.2249
APO AE,49.8987
APO AE,49.4804
APO AE,50.872
APO AE,49.3305
APO AE,50.5873
APO AE,50.1514
APO AE,48.7823
APO AE,49.9679
APO AE,48.3715
APO AE,48.542
APO AE,49.977
APO AE,49.0094
APO AE,50.1342
APO AE,49.4891
APO AE,50.5873
APO AE,51.9624
APO AE,47.5981
APO AE,49.204
APO AE,49.8717
APO AE,49.1399
APO AE,49.3048
APO AE,48.3715
APO AE,49.4131
APO AE,49.6531
APO AE,48.1374
APO AE,48.1374
APO AE,49.9842
APO AE,49.443
APO AE,52.5244
APO AE,49.2014
APO AE,50.0826
APO AE,50.0826
APO AE,50.0099
APO AE,52.1727
APO AE,49.8717
APO AE,50
APO AE,50.1155
APO AE,50.1738
APO AE,53.5753
APO AE,52.1338
APO AE,50.0826
APO AE,49.4759
APO AE,49.7397
APO AE,50.0494
APO AE,49.443
APO AE,50.1155
APO AE,49.443
APO AE,51.2217
APO AE,52.5244
APO AE,50.1155
APO AE,49.1344
APO AE,50.1155
APO AE,49.7939
APO AE,48.1374
APO AE,50.5873
APO AE,49.2469
APO AE,49.4667
APO AE,49.2469
APO AE,49.8414
APO AE,49.4445
APO AE,48.8055
APO AE,51.7391
APO AE,49.7144
APO AE,49.443
APO AE,49.3048
APO AE,50.2023
APO AE,48.8973
APO AE,48.7995
APO AE,49.6084
APO AE,49.4664
APO AE,47.7138
APO AE,49.568
APO AE,50.0826
APO AE,54.7843
APO AE,53.281
APO AE,50.0826
APO AE,48.6884
APO AE,49.032
APO AE,52.0933
FPO AE,50.4406
FPO AE,58.5927
FPO AE,56.8091
FPO AE,51.8908
FPO AE,51.5085
FPO AE,55.4232
APO AE,51.4015
APO AE,53.4295
APO AE,51.5486
APO AE,51.8782
APO AE,51.7082
APO AE,52.2443
APO AE,52.4167
APO AE,51.4015
APO AE,51.4015
APO AE,52.4093
APO AE,51.9001
APO AE,53.9908
APO AE,52.369
APO AE,52.3642
APO AE,51.6291
APO AE,51.7193
APO AE,51.9977
APO AE,51.4015
APO AE,52.0933
APO AE,51.5085
APO AE,51.5085
FPO AE,19.9064
FPO AE,19.9064
FPO AE,19.9064
APO AE,46.0706
APO AE,24.6877
APO AE,26.2886
APO AE,40.6321
APO AE,39.3103
FPO AE,41.2141
APO AE,45.402
APO AE,43.5443
APO AE,40.85
FPO AE,40.8522
FPO AE,40.8522
FPO AE,40.8522
FPO AE,40.8824
APO AE,41.8919
FPO AE,40.8522
FPO AE,40.8522
FPO AE,37.4017
APO AE,45.4299
APO AE,45.5467
APO AE,45.5467
APO AE,40.4165
APO AE,40.4165
APO AE,41.4136
FPO AE,36.6255
FPO AE,36.6255
APO AE,41.6561
APO AE,40.6433
APO AE,24.6877
APO AE,24.6877
APO AE,26.2886
FPO AE,44.0575
APO AE,26.2886
APO AE,26.2886
APO AE,26.2886
APO AE,26.2886
APO AE,36.9489
APO AE,50.9467
APO AE,76.5311
APO AE,50.5758
APO AE,59.9291
APO AE,59.9127
APO AE,50.5879
APO AE,67.017
APO AE,50.8483
APO AE,50.8504
APO AE,52.0826
APO AE,55.6947
APO AE,50.8483
APO AE,34.0133
APO AE,46.0706
APO AE,38.7167
APO AE,60.1695
APO AE,56.3067
APO AE,60.1695
APO AE,50.8504
APO AE,64.0049
APO AE,38.7167
FPO AE,32.3302
FPO AE,64.0049
FPO AE,64.2539
FPO AE,47.2999
FPO AE,43.7632
APO AE,46.3168
APO AE,26.2886
APO AE,26.2886
APO AE,26.2886
APO AE,24.6877
APO AE,26.2886
APO AE,26.2886
APO AE,26.2886
APO AE,26.2886
APO AE,26.2886
APO AE,24.6877
APO AE,26.2886
APO AE,26.2886
APO AE,26.2886
APO AE,26.2886
APO AE,26.2886
APO AE,26.2886
APO AE,26.2886
APO AE,26.2886
FPO AE,48.8534
APO AE,21.2703
APO AE,24.6877
APO AE,26.2886
APO AE,25.4
APO AE,28.3356
APO AE,26.2886
APO AE,18.3
APO AE,28.3998
APO AE,21.5424
APO AE,33.7215
APO AE,6.3005
APO AE,24.8608
APO AE,-4.6167
APO AE,39.6492
APO AE,38.3502
APO AE,39.9086
APO AE,38.4127
APO AE,42.0268
APO AE,38.4127
APO AE,39.9199
APO AE,39.9199
APO AE,37.0017
APO AE,37.9136
APO AE,39.7767
APO AE,41.0138
APO AE,-4.3276
APO AE,15.5518
APO AE,32.0809
APO AE,-1.2833
APO AE,31.069
APO AE,27.9158
FPO AE,26.2106
FPO AE,30.0626
FPO AE,35.1753
FPO AE,26.2106
FPO AE,37.381
APO AE,30.0626
APO AE,37.9795
APO AE,37.9795
APO AE,37.9795
FPO AE,38.1652
APO AE,40.6436
APO AE,38.0413
APO AE,35.3279
FPO AE,38.0873
APO AE,24.6877
APO AE,24.6877
APO AE,24.6877
APO AE,24.6877
APO AE,24.6877
APO AE,24.6877
APO AE,26.2886
APO AE,26.2886
APO AE,26.2886
FPO AE,35.5249
APO AE,26.2106
APO AA,24.6877
APO AA,24.6877
APO AA,24.6877
APO AA,24.6877
APO AA,24.6877
APO AE,26.2886
APO AA,24.6877
APO AE,26.2886
APO AA,24.6877
APO AA,24.6877
APO AA,24.6877
APO AA,24.6877
APO AA,24.6877
APO AA,24.6877
APO AA,24.6877
APO AA,24.6877
APO AE,26.2886
APO AA,24.6877
FPO AE,31.9552
APO AE,30.0626
APO AE,24.6877
APO AE,26.2886
APO AE,26.2886
APO AE,24.6877
APO AE,26.2886
APO AA,8.9733
APO AA,8.95
APO AA,9
APO AA,9.2917
APO AA,8.9171
APO AA,8.9395
APO AA,9.3219
APO AA,8.9667
APO AA,14.0818
APO AA,8.9667
APO AA,9.9333
APO AA,12.1328
APO AA,14.0818
APO AA,13.6894
APO AA,14.6407
APO AA,-22.9114
APO AA,-12.0432
APO AA,-16.5
APO AA,-33.4569
APO AA,-34.6131
APO AA,-34.9033
APO AA,-25.3007
APO AA,10.488
APO AA,4.6097
APO AA,-0.2299
APO AA,18.4663
APO AA,18.5001
APO AA,14.3824
APO AA,9.9333
APO AA,14.0818
FPO AA,18.4786
FPO AA,18.235
FPO AA,18.4269
FPO AA,17.05
FPO AA,24.4333
FPO AA,8.9395
FPO AA,9.4008
FPO AA,8.95
APO AA,34.7167
APO AA,34.7167
APO AA,37.5339
APO AA,37.5339
APO AA,37.5339
APO AA,37.5339
APO AA,37.5339
APO AA,37.8747
APO AA,35.8703
APO AA,35.8703
APO AA,35.2342
APO AA,34.78
APO AA,35.8703
APO AA,33.4017
APO AA,37.9211
APO AA,36.3214
APO AA,33.6
APO AA,37.754
APO AA,37.754
APO AA,35.1028
APO AA,35.9925
APO AA,37.2911
APO AA,35.9786
APO AA,37.1522
APO AA,37.1522
FPO AA,35.0642
APO AA,36.9622
APO AA,36.9622
APO AA,37.566
APO AA,37.0906
APO AA,34.9586
APO AA,34.9586
FPO AA,35.4427
FPO AA,34.163
FPO AA,35.4919
APO AA,40.6868
APO AA,40.6868
FPO AA,33.1592
FPO AA,33.1592
APO AA,35.7485
APO AA,35.7485
APO AA,35.7485
APO AA,35.7485
APO AA,35.7485
APO AA,35.6895
APO AA,35.6895
APO AA,35.6895
APO AA,35.5138
APO AA,35.6895
FPO AA,35.4333
FPO AA,35.4333
FPO AA,35.2836
FPO AA,35.2836
FPO AA,26.3
APO AA,26.3652
APO STA,26.3652
APO AA,26.3652
APO AA,26.3652
FPO AA,26.35
FPO AA,26.2872
FPO AA,26.3835
APO AA,26.2644
FPO AA,26.2644
APO AA,26.2644
FPO AA,26.3905
APO AA,26.3086
FPO AA,26.3086
FPO AA,27
APO AA,-23.697
APO AA,15.15
APO AA,15.15
APO AA,15.15
APO AA,15.15
APO AA,15.15
FPO AA,15.3312
FPO AA,15.1423
APO AA,14.6042
APO AA,15.15
APO AA,15.15
APO AA,15.15
APO AA,14.6042
FPO AA,15.1423
APO AA,16.6159
FPO AA,14.7944
FPO AA,14.7944
FPO AA,14.7944
FPO AA,14.7944
FPO AA,15.3312
APO AA,13.754
APO AA,14.7484
FPO AA,51.88
FPO AA,51.88
FPO AA,51.5672
APO AA,45.7833
APO AA,64.3006
APO AA,64.7361
FPO AA,34.2322
APO AA,52.7242
APO AA,58.6883
FPO AA,28.228
FPO AA,28.228
FPO AA,34.2322
APO AA,19.2811
APO AA,-6.2146
FPO AA,22.2783
FPO AA,22.2783
FPO AA,-43.5333
FPO AA,1.2897
FPO AA,13.4757
FPO AA,13.4757
APO AA,13.4757
APO AA,13.4757
APO AA,13.4757
APO AA,13.754
APO AA,-23.6975
APO AA,-35.3065
FPO AA,-21.9306
APO AA,-37.847
APO AA,-31.1998
APO AA,-33.8678
APO AA,-33.8678
APO AA,19.7542
APO AA,19.7542
FPO AA,-89.9976
FPO AA,-77.846
FPO AA,21.3448
FPO AA,21.4505
